"pitch_type","game_date","release_speed","release_pos_x","release_pos_z","player_name","batter","pitcher","events","description","spin_dir","spin_rate_deprecated","break_angle_deprecated","break_length_deprecated","zone","des","game_type","stand","p_throws","home_team","away_team","type","hit_location","bb_type","balls","strikes","game_year","pfx_x","pfx_z","plate_x","plate_z","on_3b","on_2b","on_1b","outs_when_up","inning","inning_topbot","hc_x","hc_y","tfs_deprecated","tfs_zulu_deprecated","umpire","sv_id","vx0","vy0","vz0","ax","ay","az","sz_top","sz_bot","hit_distance_sc","launch_speed","launch_angle","effective_speed","release_spin_rate","release_extension","game_pk","fielder_2","fielder_3","fielder_4","fielder_5","fielder_6","fielder_7","fielder_8","fielder_9","release_pos_y","estimated_ba_using_speedangle","estimated_woba_using_speedangle","woba_value","woba_denom","babip_value","iso_value","launch_speed_angle","at_bat_number","pitch_number","pitch_name","home_score","away_score","bat_score","fld_score","post_away_score","post_home_score","post_bat_score","post_fld_score","if_fielding_alignment","of_fielding_alignment","spin_axis","delta_home_win_exp","delta_run_exp","bat_speed","swing_length","miss_distance","estimated_slg_using_speedangle","delta_pitcher_run_exp","hyper_speed","home_score_diff","bat_score_diff","home_win_exp","bat_win_exp","age_pit_legacy","age_bat_legacy","age_pit","age_bat","n_thruorder_pitcher","n_priorpa_thisgame_player_at_bat","pitcher_days_since_prev_game","batter_days_since_prev_game","pitcher_days_until_next_game","batter_days_until_next_game","api_break_z_with_gravity","api_break_x_arm","api_break_x_batter_in","arm_angle","attack_angle","attack_direction","swing_path_tilt","intercept_ball_minus_batter_pos_x_inches","intercept_ball_minus_batter_pos_y_inches"
"CH","2026-09-03","90.2","2.21","5.95","Skubal, Tarik",701675,669373,"strikeout","swinging_strike",,,,,8,"Nathan Church strikes out swinging.","R","L","L","LAD","STL","S",2,,0,2,2026,"0.9","0.38",-0.026869215455967432,1.595422677964942,,699024,695336,1,6,"Top",,,,,,,-7.433611095657073,-131.0767344666233,-5.417191906437612,11.952170403093843,28.761998048788897,-26.761725317502542,3.112934711,1.57101378,,,,"90",1862,"6.3",823907,669257,518692,500743,571771,605141,606192,669242,663656,"54.16",,0,"0",1,0,0,,50,5,"Changeup",1,2,2,1,2,1,2,1,"Standard","Standard",129,"0.029","-0.142","70.1","8.0","0.868157736",,"0.142",,-1,1,0.318,0.682,29,25,30,26,3,2,6,1,,1,"2.43","0.9","0.9","39.6",14.848917263422448,-28.473502122484025,28.600469279079455,36.19560087625992,43.733167144841715
"SI","2026-09-03","97.9","1.94","6.12","Skubal, Tarik",701675,669373,,"foul",,,,,9,,"R","L","L","LAD","STL","S",,,0,2,2026,"1.25","0.85",0.6873494423642637,1.7938571675587252,,699024,695336,1,6,"Top",,,,,,,-6.300472937160313,-142.33140090065007,-7.955176721345723,18.467108250806344,33.269548101041934,-18.9855655160408,3.112934711,1.57101378,2,,-46,"98.3",2221,"6.6",823907,669257,518692,500743,571771,605141,606192,669242,663656,"53.88",,,,,,,,50,4,"Sinker",1,2,2,1,2,1,2,1,"Strategic","Standard",152,"0","0","68.7","6.5",,,"0",,-1,1,0.318,0.682,29,25,30,26,3,2,6,1,,1,"1.54","1.25","1.25","44.4",-7.983260824522016,11.63581995400399,40.036880649368015,27.429808464616524,21.66956343779181
"FF","2026-09-03","97.4","1.72","6.34","Skubal, Tarik",701675,669373,,"foul",,,,,3,,"R","L","L","LAD","STL","S",,,0,2,2026,"0.11","1.38",0.3821423625428729,2.7927718793085705,,699024,695336,1,6,"Top",,,,,,,-3.804303172649025,-141.63360831631522,-7.020686953173698,2.3761925173096374,32.65505431948337,-12.185149096790742,3.112934711,1.57101378,213,"83",55,"97.6",2295,"6.5",823907,669257,518692,500743,571771,605141,606192,669242,663656,"54.04",,,,,,,,50,3,"4-Seam Fastball",1,2,2,1,2,1,2,1,"Strategic","Standard",156,"0","0","67.3","6.4",,,"0","88.0",-1,1,0.318,0.682,29,25,30,26,3,2,6,1,,1,"1.03","0.11","0.11","52.5",4.324894320193706,2.3408153574484367,30.85395849387042,31.167702117405366,28.701782482445275
"SI","2026-09-03","97.2","1.99","6.18","Skubal, Tarik",701675,669373,,"swinging_strike",,,,,14,,"R","L","L","LAD","STL","S",,,0,1,2026,"1.18","1.03",0.9331371725641104,2.011076742312408,,699024,695336,1,6,"Top",,,,,,,-5.553156739902467,-141.24891149792805,-7.794760839857052,17.018326271252963,32.60909317193081,-16.7523838629391,3.112934711,1.57101378,,,,"97.3",2183,"6.4",823907,669257,518692,500743,571771,605141,606192,669242,663656,"54.07",,,,,,,,50,2,"Sinker",1,2,2,1,2,1,2,1,"Strategic","Standard",151,"0.012","-0.063","71.7","6.7","1.270386168",,"0.063",,-1,1,0.306,0.694,29,25,30,26,3,2,6,1,,1,"1.39","1.18","1.18","43.9",-0.949426164278731,0.9340350371226773,36.863634223598055,24.443489590492852,29.23521439988265
"SL","2026-09-03","91.1","2","6.18","Skubal, Tarik",701675,669373,,"foul",,,,,7,,"R","L","L","LAD","STL","S",,,0,0,2026,"-0.31","0.36",-0.625025991645654,1.4973723642333998,,699024,695336,1,6,"Top",,,,,,,-5.829619490956847,-132.56261450287687,-6.437093937889795,-2.568044382537382,26.46982668587465,-26.822241649085317,3.112934711,1.57101378,133,"59.9",59,"91.6",2158,"6.4",823907,669257,518692,500743,571771,605141,606192,669242,663656,"54.06",,,,,,,,50,1,"Slider",1,2,2,1,2,1,2,1,"Standard","Standard",166,"0.007","-0.042","68.8","7.8",,,"0.042","88.0",-1,1,0.299,0.701,29,25,30,26,3,2,6,1,,1,"2.37","-0.31","-0.31","47.8",6.208046843504121,-7.399872695233587,35.056062123490314,42.93305970163557,34.694556418941566
"SL","2026-09-03","90.4","2.5","6.09","Skubal, Tarik",695336,669373,"walk","ball",,,,,12,"Thomas Saggese walks. Leo Bernal to 2nd.","R","R","L","LAD","STL","B",,,3,2,2026,"-0.17","0.33",1.2566770656854098,2.592460850198095,,,699024,1,6,"Top",,,,,,,-2.700654806186753,-131.69040814607746,-3.2906921348421254,-1.4128680942815848,26.87769474555287,-27.909054374394298,3.141018701,1.585187008,,,,"90.7",2103,"6.3",823907,669257,518692,500743,571771,605141,606192,669242,663656,"54.19",,0.698334,"0.7",1,0,0,,49,6,"Slider",1,2,2,1,2,1,2,1,"Standard","Standard",159,"-0.033","0.267",,,,,"-0.267",,-1,1,0.332,0.668,29,24,30,24,3,2,6,1,,1,"2.45","-0.17","0.17","42.7",,,,,
"FF","2026-09-03","97.1","1.8","6.35","Skubal, Tarik",695336,669373,,"ball",,,,,12,,"R","R","L","LAD","STL","B",,,2,2,2026,"0.14","1.57",0.6323400037148134,3.9994175650370765,,,699024,1,6,"Top",,,,,,,-3.3945232363534252,-141.24208540644187,-4.181841273555401,2.632608684736093,34.64322679249415,-10.531831605867662,3.141018701,1.585187008,,,,"96.6",2393,"6.2",823907,669257,518692,500743,571771,605141,606192,669242,663656,"54.31",,,,,,,,49,5,"4-Seam Fastball",1,2,2,1,2,1,2,1,"Standard","Standard",153,"-0.011","0.078",,,,,"-0.078",,-1,1,0.343,0.657,29,24,30,24,3,2,6,1,,1,"0.87","0.14","-0.14","49.9",,,,,
"CU","2026-09-03","82","1.96","6.21","Skubal, Tarik",695336,669373,,"swinging_strike",,,,,13,,"R","R","L","LAD","STL","S",,,2,1,2026,"-0.6","-0.43",-0.18512047188059277,1.3930206531120186,,,699024,1,6,"Top",,,,,,,-3.6300250728418435,-119.43975796410362,-3.250429176069459,-5.0339172246244015,23.158217927721235,-35.892373532883276,3.141018701,1.585187008,,,,"82.5",2551,"6.6",823907,669257,518692,500743,571771,605141,606192,669242,663656,"53.9",,,,,,,,49,4,"Curveball",1,2,2,1,2,1,2,1,"Standard","Standard",315,"0.009","-0.081","72.8","8.7","2.059934796",,"0.081",,-1,1,0.334,0.666,29,24,30,24,3,2,6,1,,1,"3.82","-0.6","0.6","49.7",31.44620653520679,-36.83879535621959,35.31465739840312,35.99610893369896,50.13261783199181
"CU","2026-09-03","81","1.87","6.14","Skubal, Tarik",695336,669373,,"blocked_ball",,,,,13,,"R","R","L","LAD","STL","B",,,1,1,2026,"-0.77","-0.28",-0.21719122564659377,0.40713955186363204,,,699024,1,6,"Top",,,,,,,-3.1110374585104257,-117.84642018594798,-5.296005208045438,-6.469391481695359,24.070531298968714,-33.94658062298581,3.141018701,1.585187008,,,,"81.1",2515,"6.6",823907,669257,518692,500743,571771,605141,606192,669242,663656,"53.93",,,,,,,,49,3,"Curveball",1,2,2,1,2,1,2,1,"Standard","Standard",313,"-0.006","0.067",,,,,"-0.067",,-1,1,0.34,0.66,29,24,30,24,3,2,6,1,,1,"3.78","-0.77","0.77","49.7",,,,,
"FF","2026-09-03","96.9","1.81","6.36","Skubal, Tarik",695336,669373,,"ball",,,,,12,,"R","R","L","LAD","STL","B",,,0,1,2026,"0.25","1.34",0.995278538051416,4.690474288202287,,,699024,1,6,"Top",,,,,,,-2.72702908894758,-141.11932261134544,-1.8799135711403736,3.9632199768346275,32.478139272761595,-14.04811029838221,3.141018701,1.585187008,,,,"96.9",2190,"6.3",823907,669257,518692,500743,571771,605141,606192,669242,663656,"54.2",,,,,,,,49,2,"4-Seam Fastball",1,2,2,1,2,1,2,1,"Standard","Standard",155,"-0.003","0.028",,,,,"-0.028",,-1,1,0.343,0.657,29,24,30,24,3,2,6,1,,1,"1.08","0.25","-0.25","51.8",,,,,
"CH","2026-09-03","89.4","2.31","5.96","Skubal, Tarik",695336,669373,,"foul",,,,,8,,"R","R","L","LAD","STL","S",,,0,0,2026,"0.78","0.56",0.10003996533759019,1.6789357353958299,,,699024,1,6,"Top",,,,,,,-7.07465422634021,-129.95130436176476,-5.485962366435046,10.38250379507688,28.520502398434164,-24.78757044174103,3.141018701,1.585187008,5,"75.4",-21,"89.6",1911,"6.6",823907,669257,518692,500743,571771,605141,606192,669242,663656,"53.91",,,,,,,,49,1,"Changeup",1,2,2,1,2,1,2,1,"Standard","Standard",129,"0.005","-0.039","80.8","8.0",,,"0.039","88.0",-1,1,0.338,0.662,29,24,30,24,3,2,6,1,,1,"2.3","0.78","-0.78","39.5",13.064435824355336,-16.766542022925393,38.905645389668756,37.74397591186187,40.114761115819675
"FF","2026-09-03","96.7","2.03","6.26","Skubal, Tarik",602104,669373,"field_out","hit_into_play",,,,,5,"Ramón Urías pops out to second baseman Miguel Rojas in foul territory.","R","R","L","LAD","STL","X",4,"popup",3,2,2026,"0.26","1.36",-0.12095498181537556,2.531556575325604,,,699024,0,6,"Top",183.33,158.39,,,,,-6.29810681737567,-140.4855375373108,-7.315136538992258,4.971986533549717,32.832750129653434,-12.61895300599309,3.098015092,1.563484252,172,"78.3",62,"96.8",2191,"6.5",823907,669257,518692,500743,571771,605141,606192,669242,663656,"53.96",0.006,0.005,"0",1,0,0,3,48,7,"4-Seam Fastball",1,2,2,1,2,1,2,1,"Standard","Standard",151,"0.044","-0.313","72.3","7.4",,0.006,"0.313","88.0",-1,1,0.294,0.706,29,32,30,32,3,2,6,1,,1,"1.09","0.26","-0.26","49.3",10.812526166247038,10.318810501241197,23.176156599881704,35.24185938684514,25.985244978426557
"FF","2026-09-03","97.1","1.86","6.21","Skubal, Tarik",602104,669373,,"ball",,,,,11,,"R","R","L","LAD","STL","B",,,2,2,2026,"0.11","1.33",-1.312820171933244,2.9717312551164543,,,699024,0,6,"Top",,,,,,,-8.660103584413257,-141.0761060424614,-6.03452666042453,3.5209904959789773,32.63225029047236,-13.15792648195998,3.098015092,1.563484252,,,,"97.3",2186,"6.5",823907,669257,518692,500743,571771,605141,606192,669242,663656,"53.98",,,,,,,,48,6,"4-Seam Fastball",1,2,2,1,2,1,2,1,"Standard","Standard",152,"-0.013","0.092",,,,,"-0.092",,-1,1,0.307,0.693,29,32,30,32,3,2,6,1,,1,"1.1","0.11","-0.11","48.7",,,,,
"FF","2026-09-03","95.8","1.96","6.28","Skubal, Tarik",602104,669373,,"foul",,,,,6,,"R","R","L","LAD","STL","S",,,2,2,2026,"0.33","1.41",0.5368391259103793,2.159993367713069,,,699024,0,6,"Top",,,,,,,-4.4722480007095,-139.28582733362433,-8.298567475922457,5.282526193788543,30.59165362675924,-12.141196140524544,3.098015092,1.563484252,168,"80.9",14,"96.2",2313,"6.5",823907,669257,518692,500743,571771,605141,606192,669242,663656,"53.99",,,,,,,,48,5,"4-Seam Fastball",1,2,2,1,2,1,2,1,"Standard","Standard",151,"0","0",,,,,"0","88.0",-1,1,0.307,0.693,29,32,30,32,3,2,6,1,,1,"1.07","0.33","-0.33","50.3",,,,,
"CH","2026-09-03","89.6","2.1","5.97","Skubal, Tarik",602104,669373,,"blocked_ball",,,,,14,,"R","R","L","LAD","STL","B",,,1,2,2026,"1.21","0.59",0.3736947266285553,0.8309115366284807,,,699024,0,6,"Top",,,,,,,-6.816529130742274,-130.19532652579224,-7.686959840851583,15.184653168937466,27.43187571482003,-24.02202099603493,3.098015092,1.563484252,,,,"89.7",2061,"6.4",823907,669257,518692,500743,571771,605141,606192,669242,663656,"54.08",,,,,,,,48,4,"Changeup",1,2,2,1,2,1,2,1,"Standard","Standard",134,"-0.006","0.043",,,,,"-0.043",,-1,1,0.313,0.687,29,32,30,32,3,2,6,1,,1,"2.26","1.21","-1.21","38.5",,,,,
"FF","2026-09-03","97.9","1.9","6.34","Skubal, Tarik",602104,669373,,"ball",,,,,12,,"R","R","L","LAD","STL","B",,,0,2,2026,"0.23","1.37",0.8841538426982081,3.8409122247723593,,,699024,0,6,"Top",,,,,,,-3.2695108088320937,-142.52630236508466,-4.268953899997478,3.9507592247973906,34.151759698902296,-12.815865308553708,3.098015092,1.563484252,,,,"97.9",2283,"6.3",823907,669257,518692,500743,571771,605141,606192,669242,663656,"54.17",,,,,,,,48,3,"4-Seam Fastball",1,2,2,1,2,1,2,1,"Standard","Standard",153,"-0.003","0.019",,,,,"-0.019",,-1,1,0.316,0.684,29,32,30,32,3,2,6,1,,1,"1.02","0.23","-0.23","50.6",,,,,
"CH","2026-09-03","88.5","2.12","6.13","Skubal, Tarik",602104,669373,,"swinging_strike",,,,,14,,"R","R","L","LAD","STL","S",,,0,1,2026,"0.94","0.48",0.797120069659189,1.4203095885659232,,,699024,0,6,"Top",,,,,,,-5.184673203489232,-128.7712869925712,-6.18850712445513,11.505461943277371,26.121923471279995,-25.799948552601016,3.098015092,1.563484252,,,,"88.7",1913,"6.4",823907,669257,518692,500743,571771,605141,606192,669242,663656,"54.13",,,,,,,,48,2,"Changeup",1,2,2,1,2,1,2,1,"Standard","Standard",130,"0.009","-0.049","73.5","8.3","2.325652524",,"0.049",,-1,1,0.307,0.693,29,32,30,32,3,2,6,1,,1,"2.43","0.94","-0.94","39.9",15.071771174784516,-3.59820576499272,29.12672049426104,47.655985884545274,34.81998761154719
"SI","2026-09-03","96.1","1.77","6.19","Skubal, Tarik",602104,669373,,"called_strike",,,,,2,,"R","R","L","LAD","STL","S",,,0,0,2026,"0.9","1.2",0.05567542151291649,3.136795679465178,,,699024,0,6,"Top",,,,,,,-6.582905159300133,-139.754876218686,-5.056226430158405,13.315817125827268,32.52760639416027,-15.493558502064692,3.098015092,1.563484252,,,,"96.1",2198,"6.4",823907,669257,518692,500743,571771,605141,606192,669242,663656,"54.09",,,,,,,,48,1,"Sinker",1,2,2,1,2,1,2,1,"Standard","Standard",151,"0.005","-0.04",,,,,"0.04",,-1,1,0.302,0.698,29,32,30,32,3,2,6,1,,1,"1.28","0.9","-0.9","47.8",,,,,
"FF","2026-09-03","96.5","1.7","6.33","Skubal, Tarik",699024,669373,"single","hit_into_play",,,,,8,"Leo Bernal singles on a sharp line drive to center fielder Tommy Edman.","R","R","L","LAD","STL","X",8,"line_drive",0,2,2026,"0.09","1.39",0.10320531590077947,2.065395308708733,,,,0,6,"Top",111.95,74.33,,,,,-4.406630554589866,-140.2162005132068,-8.748842955891286,2.210933485114573,31.519014673541882,-12.087959995592376,3.203330053,1.616633858,189,"104.9",8,"96.8",2393,"6.5",823907,669257,518692,500743,571771,605141,606192,669242,663656,"53.95",0.686,0.642,"0.9",1,1,0,4,47,3,"4-Seam Fastball",1,2,2,1,2,1,2,1,"Standard","Standard",153,"-0.048","0.541","74.9","7.9",,0.792,"-0.541","104.9",-1,1,0.35,0.65,29,22,30,22,3,2,6,1,,1,"1.07","0.09","-0.09","51.6",7.6850946095514,3.254617841551667,27.10339584749579,44.075494275612655,24.775848456674055
"FF","2026-09-03","95.5","1.77","6.24","Skubal, Tarik",699024,669373,,"foul",,,,,12,,"R","R","L","LAD","STL","S",,,0,1,2026,"0.13","1.34",0.027613110522815093,3.577267227914357,,,,0,6,"Top",,,,,,,-4.825798340128749,-138.96983286552276,-4.261013925520433,2.717032695773672,31.55443574833149,-14.079654300314294,3.203330053,1.616633858,231,"80.2",53,"95.7",2361,"6.4",823907,669257,518692,500743,571771,605141,606192,669242,663656,"54.06",,,,,,,,47,2,"4-Seam Fastball",1,2,2,1,2,1,2,1,"Standard","Standard",150,"0.006","-0.053","69.7","6.6",,,"0.053","88.0",-1,1,0.344,0.656,29,22,30,22,3,2,6,1,,1,"1.16","0.13","-0.13","48.3",-0.5197607721765068,24.63528934450485,18.393973943163505,42.49658505814865,11.675434465010213
"SI","2026-09-03","95.1","1.91","6.26","Skubal, Tarik",699024,669373,,"called_strike",,,,,4,,"R","R","L","LAD","STL","S",,,0,0,2026,"1.22","0.9",-0.33660224988788423,2.4582056934569487,,,,0,6,"Top",,,,,,,-8.60091753396362,-138.18954128644688,-6.158178650532816,17.50462415382257,30.38758480427154,-19.368229962497935,3.203330053,1.616633858,,,,"95.3",2241,"6.5",823907,669257,518692,500743,571771,605141,606192,669242,663656,"54.03",,,,,,,,47,1,"Sinker",1,2,2,1,2,1,2,1,"Standard","Standard",155,"0.004","-0.042",,,,,"0.042",,-1,1,0.34,0.66,29,22,30,22,3,2,6,1,,1,"1.62","1.22","-1.22","48.2",,,,,
"FF","2026-09-03","95.4","1.86","6.33","Skubal, Tarik",695491,669373,"field_out","hit_into_play",,,,,11,"Joshua Báez pops out to third baseman Enrique Hernández.","R","R","L","LAD","STL","X",5,"popup",0,0,2026,"0.2","1.49",-0.3492866013496811,3.755587576657733,,,691023,1,5,"Top",117.31,175.35,,,,,-6.187791909572774,-138.70318778951489,-4.2874107136164294,4.070928596856486,34.84495154478626,-12.229644619396314,3.344627625,1.687942913,84,"68.9",72,"95",2300,"6.4",823907,669257,518692,500743,571771,605141,606192,669242,663656,"54.13",0.001,0,"0",1,0,0,3,40,1,"4-Seam Fastball",0,2,2,0,2,0,2,0,"Standard","Standard",156,"0.023","-0.261","73.4","6.7",,0.001,"0.261","88.0",-2,2,0.247,0.753,29,23,30,23,3,2,6,1,,1,"1.04","0.2","-0.2","50.1",9.609611304277248,4.054549917674515,21.490637754212486,30.531415668778912,23.02432019477577
"SL","2026-09-03","92.7","2.38","6.12","Skubal, Tarik",691023,669373,"single","hit_into_play",,,,,3,"Jordan Walker singles on a sharp ground ball to left fielder Teoscar Hernández.","R","R","L","LAD","STL","X",7,"ground_ball",2,2,2026,"-0.17","0.57",0.5198839484999026,3.0770384348267337,,,,1,5,"Top",71.64,106.83,,,,,-4.341528404588345,-135.0214467279761,-3.1219944396104244,-1.1902355166980056,26.609177973414255,-24.71246156367818,3.461351706,1.746850394,91,"102.1",3,"93.4",2106,"6.5",823907,669257,518692,500743,571771,605141,606192,669242,663656,"54.05",0.54,0.503,"0.9",1,1,0,4,39,6,"Slider",0,2,2,0,2,0,2,0,"Strategic","Standard",152,"-0.022","0.446","77.5","8.7",,0.611,"-0.446","102.1",-2,2,0.269,0.731,29,24,30,24,3,2,6,1,,1,"2.06","-0.17","0.17","42.9",1.0865788168788455,-12.049376158648954,18.3861543827781,46.713361555106815,31.066456729975968
"CH","2026-09-03","88.6","2.42","6.06","Skubal, Tarik",691023,669373,,"ball",,,,,14,,"R","R","L","LAD","STL","B",,,1,2,2026,"1.03","0.31",1.9795086605260654,2.1407817344701074,,,,1,5,"Top",,,,,,,-3.250799391361701,-128.95652373133373,-3.922851914158341,12.20304477992224,27.261937899481115,-28.12237001933926,3.461351706,1.746850394,,,,"88.5",1854,"6.2",823907,669257,518692,500743,571771,605141,606192,669242,663656,"54.27",,,,,,,,39,5,"Changeup",0,2,2,0,2,0,2,0,"Strategic","Standard",131,"-0.002","0.053",,,,,"-0.053",,-2,2,0.271,0.729,29,24,30,24,3,2,6,1,,1,"2.6","1.03","-1.03","41.0",,,,,
"CH","2026-09-03","90.4","2.28","6.12","Skubal, Tarik",691023,669373,,"ball",,,,,14,,"R","R","L","LAD","STL","B",,,0,2,2026,"1.23","0.23",2.593231514165634,2.5518094147870403,,,,1,5,"Top",,,,,,,-1.9120615333956124,-131.60235377872507,-3.189232676921285,14.691022865107398,29.911156412905292,-29.006434708632863,3.461351706,1.746850394,,,,"90",1840,"6.2",823907,669257,518692,500743,571771,605141,606192,669242,663656,"54.29",,,,,,,,39,4,"Changeup",0,2,2,0,2,0,2,0,"Strategic","Standard",134,"-0.001","0.019",,,,,"-0.019",,-2,2,0.272,0.728,29,24,30,24,3,2,6,1,,1,"2.57","1.23","-1.23","41.4",,,,,
"FF","2026-09-03","98.5","1.93","6.36","Skubal, Tarik",691023,669373,,"foul",,,,,1,,"R","R","L","LAD","STL","S",,,0,2,2026,"0.14","1.35",-0.8223406993738039,3.4534191562374414,,,,1,5,"Top",,,,,,,-7.723853858398777,-143.2171064263163,-5.445337073117201,3.731652266641968,32.68605135363802,-12.49198785587701,3.461351706,1.746850394,106,"45.1",32,"98.9",2376,"6.5",823907,669257,518692,500743,571771,605141,606192,669242,663656,"53.99",,,,,,,,39,3,"4-Seam Fastball",0,2,2,0,2,0,2,0,"Strategic","Standard",154,"0","0","75.3","6.8",,,"0","88.0",-2,2,0.272,0.728,29,24,30,24,3,2,6,1,,1,"1","0.14","-0.14","52.5",-8.985372434559567,15.766837341714478,30.0015116747424,29.210416276124434,17.909646189296822
"FF","2026-09-03","96","1.69","6.42","Skubal, Tarik",691023,669373,,"swinging_strike",,,,,2,,"R","R","L","LAD","STL","S",,,0,1,2026,"0.28","1.42",-0.17652428655446822,3.110231965795119,,,,1,5,"Top",,,,,,,-5.509033900191048,-139.55306602769275,-6.200956985151631,4.885123626854899,32.49487281523976,-12.424258991562416,3.461351706,1.746850394,,,,"95.8",2387,"6.3",823907,669257,518692,500743,571771,605141,606192,669242,663656,"54.17",,,,,,,,39,2,"4-Seam Fastball",0,2,2,0,2,0,2,0,"Strategic","Standard",158,"0.003","-0.058","86.3","8.8","0.489616428",,"0.058",,-2,2,0.269,0.731,29,24,30,24,3,2,6,1,,1,"1.07","0.28","-0.28","50.9",6.2352202009415185,-14.013485043575013,22.736345543414213,39.19134642713834,34.02890685811555
"CU","2026-09-03","79.6","1.91","6.3","Skubal, Tarik",691023,669373,,"called_strike",,,,,6,,"R","R","L","LAD","STL","S",,,0,0,2026,"-0.71","-0.26",0.3207096919317496,2.6519693061122593,,,,1,5,"Top",,,,,,,-2.0943437491020345,-115.87185636366723,-0.5210632000976926,-5.996055892746621,22.108053690446265,-34.66014878507209,3.461351706,1.746850394,,,,"79.7",2629,"6.4",823907,669257,518692,500743,571771,605141,606192,669242,663656,"54.08",,,,,,,,39,1,"Curveball",0,2,2,0,2,0,2,0,"Strategic","Standard",317,"0.002","-0.041",,,,,"0.041",,-2,2,0.267,0.733,29,24,30,24,3,2,6,1,,1,"3.86","-0.71","0.71","52.6",,,,,
"FF","2026-09-03","95.7","1.87","6.41","Skubal, Tarik",671056,669373,"field_out","hit_into_play",,,,,1,"Iván Herrera flies out to left fielder Teoscar Hernández.","R","R","L","LAD","STL","X",7,"fly_ball",0,0,2026,"0.24","1.45",-0.5258552175908353,3.020464585841666,,,,0,5,"Top",58.31,120.09,,,,,-6.8187643233083595,-139.08212766795526,-6.459376485243147,4.689391427806418,31.367462433268987,-12.041807421256113,3.173490814,1.601574803,257,"88.9",51,"96.1",2418,"6.6",823907,669257,518692,500743,571771,605141,606192,669242,663656,"53.92",0.017,0.024,"0",1,0,0,3,38,1,"4-Seam Fastball",0,2,2,0,2,0,2,0,"Standard","Standard",156,"0.018","-0.26","81.3","7.6",,0.033,"0.26","88.9",-2,2,0.249,0.751,29,26,30,26,3,2,6,1,,1,"1.04","0.24","-0.24","51.6",14.299677282597724,-18.075666232116838,24.24790523573293,29.95931630170186,33.91676197370008
"FF","2026-09-03","95.9","1.81","6.38","Skubal, Tarik",665877,669373,"field_out","hit_into_play",,,,,4,"José Fermín flies out to center fielder Tommy Edman.","R","R","L","LAD","STL","X",8,"fly_ball",1,2,2026,"0.24","1.33",-0.5363717382208468,2.3520066281039522,,,,2,4,"Top",133.58,107.95,,,,,-6.699053822738185,-139.4156614318621,-7.910012380942744,4.596789181316239,30.808202166448275,-13.22112303580579,3.137508202,1.583415354,231,"86.4",54,"96.3",2253,"6.6",823907,669257,518692,500743,571771,605141,606192,669242,663656,"53.95",0.017,0.018,"0",1,0,0,3,34,4,"4-Seam Fastball",0,2,2,0,2,0,2,0,"Standard","Standard",150,"0.006","-0.18","69.7","7.3",,0.027,"0.18","88.0",-2,2,0.305,0.695,29,27,30,27,3,2,6,1,,1,"1.15","0.24","-0.24","51.3",5.04786691715762,-13.76742221187164,34.376107523716406,30.212578418524004,25.50394646462722
"CH","2026-09-03","87.7","2.09","6.07","Skubal, Tarik",665877,669373,,"ball",,,,,14,,"R","R","L","LAD","STL","B",,,0,2,2026,"1.05","0.6",1.3120001950806293,0.8246660320038195,,,,2,4,"Top",,,,,,,-4.080335216364625,-127.51897626758655,-7.567848797430593,12.259310408294692,26.465524748461103,-24.274431037099955,3.137508202,1.583415354,,,,"88.1",1754,"6.6",823907,669257,518692,500743,571771,605141,606192,669242,663656,"53.92",,,,,,,,34,3,"Changeup",0,2,2,0,2,0,2,0,"Standard","Standard",133,"-0.001","0.026",,,,,"-0.026",,-2,2,0.306,0.694,29,27,30,27,3,2,6,1,,1,"2.37","1.05","-1.05","42.2",,,,,
"CH","2026-09-03","88.9","2.05","6.15","Skubal, Tarik",665877,669373,,"foul",,,,,9,,"R","R","L","LAD","STL","S",,,0,1,2026,"1.06","0.15",0.679260044277608,1.4938441284352568,,,,2,4,"Top",,,,,,,-5.578632234069961,-129.27002636796348,-5.3522023388124556,13.114734036525066,29.452742931963712,-29.505322939769066,3.137508202,1.583415354,1,"76.9",-71,"88.3",1763,"6.2",823907,669257,518692,500743,571771,605141,606192,669242,663656,"54.33",,,,,,,,34,2,"Changeup",0,2,2,0,2,0,2,0,"Standard","Standard",135,"0.003","-0.062","61.5","8.4",,,"0.062","88.0",-2,2,0.303,0.697,29,27,30,27,3,2,6,1,,1,"2.76","1.06","-1.06","41.4",16.628081809147314,-19.945538813455183,31.20234219819018,44.923157907476714,39.04532483695489
"SL","2026-09-03","90.1","2.1","6.2","Skubal, Tarik",665877,669373,,"called_strike",,,,,9,,"R","R","L","LAD","STL","S",,,0,0,2026,"-0.2","0.46",0.7124129536943942,1.599932039779,,,,2,4,"Top",,,,,,,-2.9794562774008644,-131.1615101564429,-6.300199308739496,-1.764898220778089,25.7845655424304,-25.75441635163114,3.137508202,1.583415354,,,,"91",2146,"6.6",823907,669257,518692,500743,571771,605141,606192,669242,663656,"53.86",,,,,,,,34,1,"Slider",0,2,2,0,2,0,2,0,"Standard","Standard",177,"0.001","-0.044",,,,,"0.044",,-2,2,0.302,0.698,29,27,30,27,3,2,6,1,,1,"2.33","-0.2","0.2","49.5",,,,,
"FF","2026-09-03","96.4","1.71","6.4","Skubal, Tarik",686780,669373,"field_out","hit_into_play",,,,,13,"Pedro Pagés grounds out, shortstop Mookie Betts to first baseman Freddie Freeman.","R","R","L","LAD","STL","X",6,"ground_ball",3,2,2026,"0.16","1.22",-1.0344222806765022,2.3852326394407366,,,,1,4,"Top",108.98,152.29,,,,,-7.581608722769687,-140.11631792278803,-7.705170818863614,3.7498501134587334,31.038655174752023,-14.467802931581774,3.174368438,1.602017717,7,"62.5",-17,"96.7",2196,"6.5",823907,669257,518692,500743,571771,605141,606192,669242,663656,"54.02",0.037,0.033,"0",1,0,0,2,33,6,"4-Seam Fastball",0,2,2,0,2,0,2,0,"Standard","Standard",150,"0.016","-0.346","67.0","6.0",,0.048,"0.346","88.0",-2,2,0.286,0.714,29,27,30,28,2,1,6,7,,,"1.23","0.16","-0.16","51.9",-11.170932455202562,11.6286130380844,35.742156841047475,24.656366323330126,25.452363050847215
"CH","2026-09-03","88.7","2.09","6.13","Skubal, Tarik",686780,669373,,"ball",,,,,14,,"R","R","L","LAD","STL","B",,,2,2,2026,"1.11","0.69",0.9341587481169424,0.768548797891133,,,,1,4,"Top",,,,,,,-5.122653812525823,-128.94439703272334,-8.25306830660763,13.466147949358188,25.3381389920383,-22.97308879372564,3.174368438,1.602017717,,,,"88.6",1741,"6.2",823907,669257,518692,500743,571771,605141,606192,669242,663656,"54.34",,,,,,,,33,5,"Changeup",0,2,2,0,2,0,2,0,"Standard","Standard",132,"-0.005","0.111",,,,,"-0.111",,-2,2,0.291,0.709,29,27,30,28,2,1,6,7,,,"2.2","1.11","-1.11","42.5",,,,,
"FF","2026-09-03","97.1","1.73","6.44","Skubal, Tarik",686780,669373,,"ball",,,,,12,,"R","R","L","LAD","STL","B",,,1,2,2026,"0.16","1.44",0.3632099372088202,4.431722935959014,,,,1,4,"Top",,,,,,,-4.001919993678429,-141.36963495996088,-3.064714220769892,3.0537667293984647,30.746350833866686,-12.384347778173192,3.174368438,1.602017717,,,,"97.7",2362,"6.5",823907,669257,518692,500743,571771,605141,606192,669242,663656,"54.01",,,,,,,,33,4,"4-Seam Fastball",0,2,2,0,2,0,2,0,"Standard","Standard",153,"-0.002","0.053",,,,,"-0.053",,-2,2,0.293,0.707,29,27,30,28,2,1,6,7,,,"0.97","0.16","-0.16","51.3",,,,,
"CU","2026-09-03","79.4","1.79","6.35","Skubal, Tarik",686780,669373,,"called_strike",,,,,3,,"R","R","L","LAD","STL","S",,,1,1,2026,"-0.91","-0.31",0.5575799173516388,3.018900584717887,,,,1,4,"Top",,,,,,,-0.9497314615359664,-115.63648291251191,0.23426205068160866,-7.985618864446878,20.749463339865294,-35.18969962186924,3.174368438,1.602017717,,,,"79.9",2561,"6.5",823907,669257,518692,500743,571771,605141,606192,669242,663656,"54",,,,,,,,33,3,"Curveball",0,2,2,0,2,0,2,0,"Standard","Standard",315,"0.003","-0.071",,,,,"0.071",,-2,2,0.29,0.71,29,27,30,28,2,1,6,7,,,"3.91","-0.91","0.91","51.0",,,,,
"FF","2026-09-03","94.4","1.72","6.4","Skubal, Tarik",686780,669373,,"foul",,,,,2,,"R","R","L","LAD","STL","S",,,1,0,2026,"0.34","1.4",-0.07551354075631445,2.803227779782529,,,,1,4,"Top",,,,,,,-5.392911840139279,-137.35059123939794,-6.670490809485222,5.461571816351761,29.23796083883679,-13.137434325251277,3.174368438,1.602017717,201,"70.5",47,"94.9",2261,"6.5",823907,669257,518692,500743,571771,605141,606192,669242,663656,"54.01",,,,,,,,33,2,"4-Seam Fastball",0,2,2,0,2,0,2,0,"Standard","Standard",152,"0.003","-0.05","71.9","6.2",,,"0.05","88.0",-2,2,0.287,0.713,29,27,30,28,2,1,6,7,,,"1.15","0.34","-0.34","52.6",-8.300228986719796,18.533027952577047,31.47108353779973,37.12360105660107,24.596307052787445
"SL","2026-09-03","90","2.12","6.19","Skubal, Tarik",686780,669373,,"ball",,,,,14,,"R","R","L","LAD","STL","B",,,0,0,2026,"-0.19","0.6",1.3943420220195537,2.23200239013891,,,,1,4,"Top",,,,,,,-1.3678179716384178,-131.12520439865534,-4.994178188316442,-1.909540800878989,25.461653166094248,-24.430890175629816,3.174368438,1.602017717,,,,"90.6",2200,"6.4",823907,669257,518692,500743,571771,605141,606192,669242,663656,"54.09",,,,,,,,33,1,"Slider",0,2,2,0,2,0,2,0,"Standard","Standard",169,"-0.002","0.041",,,,,"-0.041",,-2,2,0.289,0.711,29,27,30,28,2,1,6,7,,,"2.19","-0.19","0.19","44.1",,,,,
"FF","2026-09-03","94","1.95","6.4","Skubal, Tarik",701675,669373,"field_out","hit_into_play",,,,,3,"Nathan Church flies out to left fielder Teoscar Hernández.","R","L","L","LAD","STL","X",7,"fly_ball",2,0,2026,"0.32","1.54",0.5431510592041265,2.7529683038674255,,,,0,4,"Top",67.96,101.5,,,,,-4.33366036548987,-136.6812796818375,-6.989697907255114,4.96848365700231,29.668555139887754,-11.56699222969248,3.112934711,1.57101378,282,"89.6",43,"94.2",2224,"6.4",823907,669257,518692,500743,571771,605141,606192,669242,663656,"54.11",0.009,0.015,"0",1,0,0,3,32,3,"4-Seam Fastball",0,2,2,0,2,0,2,0,"Standard","Standard",155,"0.026","-0.385","66.3","6.2",,0.023,"0.385","89.6",-2,2,0.263,0.737,29,25,30,26,2,1,6,1,,1,"1.04","0.32","0.32","50.0",10.263547295563681,-1.6283992047144233,34.73897422889183,27.68232176538201,29.63724930083343
"SI","2026-09-03","95.8","1.85","6.29","Skubal, Tarik",701675,669373,,"ball",,,,,13,,"R","L","L","LAD","STL","B",,,1,0,2026,"1.24","0.83",-0.8742860614169787,2.1328630254463565,,,,0,4,"Top",,,,,,,-9.956836804604285,-139.1206063936011,-7.036323563746916,18.2807920905253,29.724876797272234,-20.030965949307195,3.112934711,1.57101378,,,,"96.1",2220,"6.5",823907,669257,518692,500743,571771,605141,606192,669242,663656,"54.03",,,,,,,,32,2,"Sinker",0,2,2,0,2,0,2,0,"Standard","Standard",153,"-0.005","0.082",,,,,"-0.082",,-2,2,0.268,0.732,29,25,30,26,2,1,6,1,,1,"1.66","1.24","1.24","46.5",,,,,
"SI","2026-09-03","94.5","1.67","6.29","Skubal, Tarik",701675,669373,,"ball",,,,,13,,"R","L","L","LAD","STL","B",,,0,0,2026,"1.12","0.9",-0.7166927361602462,1.337598576690255,,,,0,4,"Top",,,,,,,-8.695300484863012,-137.1802490830221,-9.007046899423688,16.056380663137194,29.455474444640092,-18.952351587345046,3.112934711,1.57101378,,,,"94.7",2115,"6.5",823907,669257,518692,500743,571771,605141,606192,669242,663656,"54.02",,,,,,,,32,1,"Sinker",0,2,2,0,2,0,2,0,"Standard","Standard",156,"-0.003","0.043",,,,,"-0.043",,-2,2,0.271,0.729,29,25,30,26,2,1,6,1,,1,"1.66","1.12","1.12","52.7",,,,,
"CH","2026-09-03","87.9","2.31","6.01","Skubal, Tarik",695336,669373,"field_out","hit_into_play",,,,,14,"Thomas Saggese grounds out softly, third baseman Enrique Hernández to first baseman Freddie Freeman.","R","R","L","LAD","STL","X",5,"ground_ball",2,1,2026,"1.28","0.47",0.9729949894142187,1.6354098185396184,,699024,602104,2,3,"Top",107.51,161.1,,,,,-5.887721008561121,-127.74033998510141,-5.196037223953075,15.228260417670146,27.392234136788538,-26.152251750532354,3.141018701,1.585187008,3,"59.3",-29,"87.7",1748,"6.3",823907,669257,518692,500743,571771,605141,606192,669242,663656,"54.17",0.07,0.063,"0",1,0,0,1,25,4,"Changeup",0,2,2,0,2,0,2,0,"Standard","Standard",128,"0.037","-0.307","72.3","7.7",,0.071,"0.307","88.0",-2,2,0.291,0.709,29,24,30,24,2,1,6,1,,1,"2.5","1.28","-1.28","40.1",14.964931045399554,5.186995512257176,33.03030302721425,47.31059484663468,29.67900203066851
"SI","2026-09-03","95.4","1.88","6.22","Skubal, Tarik",695336,669373,,"foul",,,,,4,,"R","R","L","LAD","STL","S",,,2,0,2026,"1.02","1.03",-0.33139017541192795,2.589717142675132,,699024,602104,2,3,"Top",,,,,,,-8.100948404150081,-138.62160570656113,-6.077067062198144,15.004568432730212,30.213460128217204,-17.67370476389577,3.141018701,1.585187008,121,"78.2",9,"95.7",2119,"6.5",823907,669257,518692,500743,571771,605141,606192,669242,663656,"54",,,,,,,,25,3,"Sinker",0,2,2,0,2,0,2,0,"Standard","Standard",148,"0.005","-0.04","70.9","6.0",,,"0.04","88.0",-2,2,0.286,0.714,29,24,30,24,2,1,6,1,,1,"1.47","1.02","-1.02","51.6",-8.824858527078996,21.005433024380853,43.34103186484936,31.574595548638307,16.56051770820838
"SL","2026-09-03","91.2","2.29","6.06","Skubal, Tarik",695336,669373,,"ball",,,,,12,,"R","R","L","LAD","STL","B",,,1,0,2026,"-0.21","0.57",1.1054967032419056,2.4664842900372537,,699024,602104,2,3,"Top",,,,,,,-2.5050389351718163,-132.8989397308085,-4.25854051148923,-1.9978176410272421,26.08532176889746,-24.750692998927097,3.141018701,1.585187008,,,,"91.9",2151,"6.5",823907,669257,518692,500743,571771,605141,606192,669242,663656,"54.04",,,,,,,,25,2,"Slider",0,2,2,0,2,0,2,0,"Standard","Standard",160,"-0.005","0.031",,,,,"-0.031",,-2,2,0.291,0.709,29,24,30,24,2,1,6,1,,1,"2.15","-0.21","0.21","43.2",,,,,
"CU","2026-09-03","80.7","1.81","6.26","Skubal, Tarik",695336,669373,,"ball",,,,,13,,"R","R","L","LAD","STL","B",,,0,0,2026,"-0.43","-0.48",-0.0898465955129994,1.077491438415978,,699024,602104,2,3,"Top",,,,,,,-3.350422852200508,-117.54737400183701,-3.7043693893446483,-3.341982044640144,21.672178445791477,-36.16597377127371,3.141018701,1.585187008,,,,"81.1",2577,"6.4",823907,669257,518692,500743,571771,605141,606192,669242,663656,"54.06",,,,,,,,25,1,"Curveball",0,2,2,0,2,0,2,0,"Standard","Standard",325,"-0.002","0.031",,,,,"-0.031",,-2,2,0.293,0.707,29,24,30,24,2,1,6,1,,1,"3.97","-0.43","0.43","53.4",,,,,
"CH","2026-09-03","90.1","2.25","6.08","Skubal, Tarik",602104,669373,"single","hit_into_play",,,,,5,"Ramón Urías singles on a line drive to left fielder Teoscar Hernández. Iván Herrera scores. Leo Bernal to 2nd.","R","R","L","LAD","STL","X",7,"line_drive",0,0,2026,"1.37","0.48",0.05372293595022204,2.042140497961775,,671056,699024,2,3,"Top",53.29,110.8,,,,,-8.35665809557456,-130.83011925574027,-4.824357599742913,17.5086324561149,29.264425301417834,-25.7676930137617,3.098015092,1.563484252,196,"86.4",16,"90",1921,"6.5",823907,669257,518692,500743,571771,605141,606192,669242,663656,"54.02",0.991,0.911,"0.9",1,1,0,4,24,1,"Changeup",0,1,1,0,2,0,2,0,"Standard","Standard",131,"-0.101","0.551","75.5","8.0",,1.075,"-0.551","88.0",-1,1,0.394,0.606,29,32,30,32,2,1,6,1,,1,"2.35","1.37","-1.37","42.0",16.10845874659507,-8.956444966603723,28.826900006749234,39.59540842564934,41.19732977318742
"FF","2026-09-03","95.9","1.54","6.34","Skubal, Tarik",699024,669373,"single","hit_into_play",,,,,2,"Leo Bernal singles on a sharp line drive to center fielder Tommy Edman. Iván Herrera to 2nd.","R","R","L","LAD","STL","X",8,"line_drive",2,0,2026,"0.27","1.39",0.06971947983453125,3.284910720863913,,,671056,2,3,"Top",138.21,71.07,,,,,-4.471254088123274,-139.5441032638864,-5.494106453615913,4.53248888098333,31.32852936858827,-12.941254633501082,3.203330053,1.616633858,264,"101.7",11,"96.2",2245,"6.5",823907,669257,518692,500743,571771,605141,606192,669242,663656,"54.04",0.94,0.912,"0.9",1,1,0,4,23,3,"4-Seam Fastball",0,1,1,0,1,0,1,0,"Standard","Standard",156,"-0.014","0.255","71.0","7.2",,1.161,"-0.255","101.7",-1,1,0.408,0.592,29,22,30,22,2,1,6,1,,1,"1.09","0.27","-0.27","53.4",2.049749989664233,10.086176716674569,23.367798270335918,41.65716856418929,19.155409798159397
"SI","2026-09-03","97.7","1.6","6.25","Skubal, Tarik",699024,669373,,"ball",,,,,13,,"R","R","L","LAD","STL","B",,,1,0,2026,"0.98","1.16",-0.93869956002516,2.106995737867856,,,671056,2,3,"Top",,,,,,,-9.058525526187658,-141.86229360829077,-8.144900421163014,15.277987517876248,32.10743837267683,-14.82951758825734,3.203330053,1.616633858,,,,"97.9",2222,"6.5",823907,669257,518692,500743,571771,605141,606192,669242,663656,"53.99",,,,,,,,23,2,"Sinker",0,1,1,0,1,0,1,0,"Standard","Standard",153,"-0.004","0.055",,,,,"-0.055",,-1,1,0.412,0.588,29,22,30,22,2,1,6,1,,1,"1.24","0.98","-0.98","49.3",,,,,
"FF","2026-09-03","96.7","1.78","6.28","Skubal, Tarik",699024,669373,,"ball",,,,,13,,"R","R","L","LAD","STL","B",,,0,0,2026,"0.22","1.32",-1.027192354551272,1.559059681771199,,,671056,2,3,"Top",,,,,,,-7.932512611620825,-140.30680087703658,-9.847163828146615,4.7179319195134095,31.442530035664824,-12.604627834645864,3.203330053,1.616633858,,,,"97.1",2301,"6.6",823907,669257,518692,500743,571771,605141,606192,669242,663656,"53.86",,,,,,,,23,1,"4-Seam Fastball",0,1,1,0,1,0,1,0,"Standard","Standard",151,"-0.002","0.035",,,,,"-0.035",,-1,1,0.414,0.586,29,22,30,22,2,1,6,1,,1,"1.13","0.22","-0.22","51.0",,,,,
"FF","2026-09-03","97.8","1.81","6.31","Skubal, Tarik",695491,669373,"strikeout","swinging_strike",,,,,12,"Joshua Báez strikes out swinging.","R","R","L","LAD","STL","S",2,,1,2,2026,"0.16","1.37",0.5105018572313186,3.9790955222602347,,,671056,1,3,"Top",,,,,,,-3.833891618293728,-142.35937545291523,-3.847416235599098,3.027196197558552,33.00386266290176,-12.874302643570454,3.344627625,1.687942913,,,,"98.1",2251,"6.4",823907,669257,518692,500743,571771,605141,606192,669242,663656,"54.06",,0,"0",1,0,0,,22,4,"4-Seam Fastball",0,1,1,0,1,0,1,0,"Standard","Standard",157,"0.02","-0.178","73.4","6.4","1.896699672",,"0.178",,-1,1,0.394,0.606,29,23,30,23,2,1,6,1,,1,"1.01","0.16","-0.16","47.8",1.7647243573163074,32.971723327550656,16.274180079415697,40.67800263741976,9.92197734847037
"SL","2026-09-03","92.1","2.08","6.2","Skubal, Tarik",695491,669373,,"blocked_ball",,,,,13,,"R","R","L","LAD","STL","B",,,0,2,2026,"-0.27","0.25",-1.2403838251197754,0.6217959329402998,,,671056,1,3,"Top",,,,,,,-7.73394204668782,-133.78412160384448,-8.598079079335843,-1.6820618762438027,27.923101384171257,-27.57186995737895,3.344627625,1.687942913,,,,"92.3",2276,"6.4",823907,669257,518692,500743,571771,605141,606192,669242,663656,"54.05",,,,,,,,22,3,"Slider",0,1,1,0,1,0,1,0,"Standard","Standard",165,"-0.003","0.019",,,,,"-0.019",,-1,1,0.397,0.603,29,23,30,23,2,1,6,1,,1,"2.44","-0.27","0.27","46.1",,,,,
"SL","2026-09-03","92.6","2.17","6.07","Skubal, Tarik",695491,669373,,"swinging_strike",,,,,13,,"R","R","L","LAD","STL","S",,,0,1,2026,"-0.21","0.23",-0.8748275973542214,1.4758339703036372,,,671056,1,3,"Top",,,,,,,-7.204839775465338,-134.67174562351306,-6.220848192060093,-1.0444816366243075,28.38747319369115,-28.182538017889456,3.344627625,1.687942913,,,,"92.8",2256,"6.4",823907,669257,518692,500743,571771,605141,606192,669242,663656,"54.12",,,,,,,,22,2,"Slider",0,1,1,0,1,0,1,0,"Standard","Standard",170,"0.007","-0.059","79.5","8.4","2.291194284",,"0.059",,-1,1,0.39,0.61,29,23,30,23,2,1,6,1,,1,"2.42","-0.21","0.21","44.3",18.115136654173956,-28.153083871443222,32.795179476582305,25.789043298504573,39.39749724491748
"CU","2026-09-03","80","1.83","6.36","Skubal, Tarik",695491,669373,,"called_strike",,,,,7,,"R","R","L","LAD","STL","S",,,0,0,2026,"-0.76","-0.31",-0.37227827781329026,1.6675264808166577,,,671056,1,3,"Top",,,,,,,-3.3255707946220014,-116.45661179107384,-2.7909551417348615,-6.296082032820274,22.187941529523098,-34.631641444247165,3.344627625,1.687942913,,,,"80",2538,"6.3",823907,669257,518692,500743,571771,605141,606192,669242,663656,"54.21",,,,,,,,22,1,"Curveball",0,1,1,0,1,0,1,0,"Standard","Standard",320,"0.004","-0.039",,,,,"0.039",,-1,1,0.386,0.614,29,23,30,23,2,1,6,1,,1,"3.87","-0.76","0.76","53.8",,,,,
"SL","2026-09-03","91.2","2.11","6.19","Skubal, Tarik",691023,669373,"strikeout","called_strike",,,,,8,"Will Smith challenged (pitch result), call on the field was overturned: Jordan Walker called out on strikes.","R","R","L","LAD","STL","S",2,,1,2,2026,"-0.39","0.44",-0.13733146539896973,1.6773076212181393,,,671056,0,3,"Top",,,,,,,-4.754700200938711,-132.68924435971363,-6.215998363165423,-3.6662482625643,26.174654159624076,-25.908873579337335,3.461351706,1.746850394,,,,"91.8",2227,"6.5",823907,669257,518692,500743,571771,605141,606192,669242,663656,"54.01",,0,"0",1,0,0,,21,4,"Slider",0,1,1,0,1,0,1,0,"Standard","Standard",189,"0.023","-0.174",,,,,"0.174",,-1,1,0.363,0.637,29,24,30,24,2,1,6,1,,1,"2.28","-0.39","0.39","47.0",,,,,
"FF","2026-09-03","94.6","1.72","6.25","Skubal, Tarik",691023,669373,,"foul",,,,,11,,"R","R","L","LAD","STL","S",,,1,1,2026,"0.37","1.32",-0.8233004798786503,3.6468491808186467,,,671056,0,3,"Top",,,,,,,-7.3896765784868865,-137.57199640151532,-3.9225246576054213,6.266569994707449,29.900677791217717,-14.77807481568994,3.461351706,1.746850394,177,"65.9",55,"94.9",2256,"6.5",823907,669257,518692,500743,571771,605141,606192,669242,663656,"54.02",,,,,,,,21,3,"4-Seam Fastball",0,1,1,0,1,0,1,0,"Standard","Standard",151,"0.008","-0.055","73.6","7.1",,,"0.055","88.0",-1,1,0.355,0.645,29,24,30,24,2,1,6,1,,1,"1.23","0.37","-0.37","48.8",0.1779423437035172,2.4731726309503936,27.218982385521553,31.013401311555647,22.595828580190187
"FF","2026-09-03","95.1","1.75","6.4","Skubal, Tarik",691023,669373,,"ball",,,,,11,,"R","R","L","LAD","STL","B",,,0,1,2026,"0.39","1.4",-0.5127313370363502,4.562502825196755,,,671056,0,3,"Top",,,,,,,-6.764821267245751,-138.45851669825535,-2.2351251930929497,6.515230808524782,29.79052556297899,-13.847045750355736,3.461351706,1.746850394,,,,"95.4",2311,"6.4",823907,669257,518692,500743,571771,605141,606192,669242,663656,"54.12",,,,,,,,21,2,"4-Seam Fastball",0,1,1,0,1,0,1,0,"Standard","Standard",152,"-0.003","0.025",,,,,"-0.025",,-1,1,0.358,0.642,29,24,30,24,2,1,6,1,,1,"1.11","0.39","-0.39","53.3",,,,,
"CH","2026-09-03","86.8","2.14","6.16","Skubal, Tarik",691023,669373,,"swinging_strike",,,,,6,,"R","R","L","LAD","STL","S",,,0,0,2026,"1.17","0.02",0.8229368598851035,2.6368005971884685,,,671056,0,3,"Top",,,,,,,-5.561540804971,-126.39110729409086,-2.081701378537691,13.722764740297004,25.466176994088137,-31.71909833573691,3.461351706,1.746850394,,,,"86.9",1766,"6.3",823907,669257,518692,500743,571771,605141,606192,669242,663656,"54.19",,,,,,,,21,1,"Changeup",0,1,1,0,1,0,1,0,"Standard","Standard",141,"0.005","-0.04","86.0","9.0","0.1",,"0.04",,-1,1,0.353,0.647,29,24,30,24,2,1,6,1,,1,"3","1.17","-1.17","42.7",9.022757759602301,-11.17749123191016,18.498515747103653,50.896158994672575,42.568462230677646
"FF","2026-09-03","94.7","1.83","6.41","Skubal, Tarik",671056,669373,"single","hit_into_play",,,,,3,"Iván Herrera singles on a sharp line drive to left fielder Teoscar Hernández.","R","R","L","LAD","STL","X",7,"line_drive",1,1,2026,"0.42","1.51",0.6681230155840356,2.7367673448596084,,,,0,3,"Top",82.93,81.54,,,,,-3.934281026368178,-137.6300163744776,-7.082127592523021,6.201018515300686,32.92808772577119,-11.616410889429241,3.173490814,1.601574803,230,"106",11,"94.5",2334,"6.4",823907,669257,518692,500743,571771,605141,606192,669242,663656,"54.11",0.946,0.939,"0.9",1,1,0,4,20,3,"4-Seam Fastball",0,1,1,0,1,0,1,0,"Standard","Standard",154,"-0.036","0.458","73.6","7.8",,1.228,"-0.458","106.0",-1,1,0.389,0.611,29,26,30,26,2,1,6,1,,1,"1.05","0.42","-0.42","51.6",11.190313798515552,0.0020110025242634044,25.69520267580634,43.75982811227543,32.164995240304755
"CU","2026-09-03","81.5","1.78","6.33","Skubal, Tarik",671056,669373,,"ball",,,,,13,,"R","R","L","LAD","STL","B",,,0,1,2026,"-0.74","-0.4",-0.6589709902785023,-0.029002030045730987,,,,0,3,"Top",,,,,,,-3.9747913283634246,-118.54903795103972,-6.591516935474903,-6.167975159246718,23.390991383591974,-34.86467571545102,3.173490814,1.601574803,,,,"81.6",2584,"6.5",823907,669257,518692,500743,571771,605141,606192,669242,663656,"54.03",,,,,,,,20,2,"Curveball",0,1,1,0,1,0,1,0,"Standard","Standard",332,"-0.002","0.03",,,,,"-0.03",,-1,1,0.391,0.609,29,26,30,26,2,1,6,1,,1,"3.85","-0.74","0.74","53.2",,,,,
"FF","2026-09-03","95.2","1.67","6.33","Skubal, Tarik",671056,669373,,"called_strike",,,,,2,,"R","R","L","LAD","STL","S",,,0,0,2026,"-0.06","1.39",0.09636268032958965,3.076107932392766,,,,0,3,"Top",,,,,,,-3.965111053732761,-138.58539662669344,-5.91001528197731,0.13810651248882774,30.629409344464513,-13.107446040699557,3.173490814,1.601574803,,,,"95.8",2276,"6.6",823907,669257,518692,500743,571771,605141,606192,669242,663656,"53.93",,,,,,,,20,1,"4-Seam Fastball",0,1,1,0,1,0,1,0,"Standard","Standard",157,"0.003","-0.042",,,,,"0.042",,-1,1,0.388,0.612,29,26,30,26,2,1,6,1,,1,"1.12","-0.06","0.06","53.8",,,,,
"FF","2026-09-03","96.9","1.82","6.37","Skubal, Tarik",665877,669373,"strikeout","called_strike",,,,,8,"José Fermín called out on strikes.","R","R","L","LAD","STL","S",2,,2,2,2026,"0.53","1.29",-0.252895912296936,1.7408094363949451,,695336,686780,2,2,"Top",,,,,,,-6.661891267873807,-140.6518191066521,-9.45954020084115,8.544597031540711,33.086058289664834,-13.073709057300695,3.137508202,1.583415354,,,,"96.3",2293,"6.2",823907,669257,518692,500743,571771,605141,606192,669242,663656,"54.32",,0,"0",1,0,0,,15,5,"4-Seam Fastball",0,1,1,0,1,0,1,0,"Standard","Standard",154,"0.035","-0.228",,,,,"0.228",,-1,1,0.408,0.592,29,27,30,27,2,1,6,1,,1,"1.16","0.53","-0.53","54.1",,,,,
"CH","2026-09-03","86.5","2.2","6.13","Skubal, Tarik",665877,669373,,"foul",,,,,12,,"R","R","L","LAD","STL","S",,,2,1,2026,"1.01","0.61",0.8815265952940873,2.657559713321021,,695336,686780,2,2,"Top",,,,,,,-5.2147733187142675,-125.9272411821506,-3.1412025822710974,11.838276879119178,24.925769741588134,-25.209471597225754,3.137508202,1.583415354,,,,"86.6",1708,"6.3",823907,669257,518692,500743,571771,605141,606192,669242,663656,"54.2",,,,,,,,15,4,"Changeup",0,1,1,0,1,0,1,0,"Standard","Standard",140,"0.009","-0.077","66.2","7.2",,,"0.077",,-1,1,0.399,0.601,29,27,30,27,2,1,6,1,,1,"2.42","1.01","-1.01","43.2",-0.7201488818338281,8.346418910868973,28.08173045407853,46.34362163903111,16.988503390890322
"FF","2026-09-03","95.6","1.69","6.36","Skubal, Tarik",665877,669373,,"ball",,,,,11,,"R","R","L","LAD","STL","B",,,1,1,2026,"0.18","1.46",-0.054829404674468535,3.883989657161883,,695336,686780,2,2,"Top",,,,,,,-4.982088712863976,-139.26070872192847,-4.12833383751539,3.476654331757688,29.806714204814146,-12.405966625301975,3.137508202,1.583415354,,,,"96.1",2268,"6.4",823907,669257,518692,500743,571771,605141,606192,669242,663656,"54.06",,,,,,,,15,3,"4-Seam Fastball",0,1,1,0,1,0,1,0,"Standard","Standard",153,"-0.005","0.037",,,,,"-0.037",,-1,1,0.404,0.596,29,27,30,27,2,1,6,1,,1,"1.02","0.18","-0.18","54.1",,,,,
"SL","2026-09-03","89.5","2.22","6.15","Skubal, Tarik",665877,669373,,"ball",,,,,12,,"R","R","L","LAD","STL","B",,,0,1,2026,"-0.24","0.43",1.4991164350242525,3.0501119561576044,,695336,686780,2,2,"Top",,,,,,,-1.2513660102331163,-130.46246017116994,-2.4302496248473804,-2.5397325302254368,24.993570542939274,-26.996711291094964,3.137508202,1.583415354,,,,"90.1",2113,"6.4",823907,669257,518692,500743,571771,605141,606192,669242,663656,"54.14",,,,,,,,15,2,"Slider",0,1,1,0,1,0,1,0,"Standard","Standard",166,"-0.004","0.019",,,,,"-0.019",,-1,1,0.408,0.592,29,27,30,27,2,1,6,1,,1,"2.39","-0.24","0.24","46.3",,,,,
"CU","2026-09-03","79.9","1.94","6.28","Skubal, Tarik",665877,669373,,"called_strike",,,,,3,,"R","R","L","LAD","STL","S",,,0,0,2026,"-0.66","-0.38",0.6326406830509257,2.6682334271555663,,695336,686780,2,2,"Top",,,,,,,-1.5788637732554616,-116.3863252806656,-0.3296323953377688,-5.767221897909362,20.618012083207056,-35.82780789007704,3.137508202,1.583415354,,,,"80.4",2486,"6.5",823907,669257,518692,500743,571771,605141,606192,669242,663656,"54.03",,,,,,,,15,1,"Curveball",0,1,1,0,1,0,1,0,"Standard","Standard",316,"0.006","-0.034",,,,,"0.034",,-1,1,0.402,0.598,29,27,30,27,2,1,6,1,,1,"3.93","-0.66","0.66","50.6",,,,,
"SL","2026-09-03","90.3","1.97","6.13","Skubal, Tarik",686780,669373,"single","hit_into_play",,,,,7,"Pedro Pagés singles on a ground ball to center fielder Tommy Edman. Thomas Saggese to 2nd.","R","R","L","LAD","STL","X",8,"ground_ball",3,1,2026,"-0.08","0.48",-0.42039676976076845,2.012464923422649,,,695336,2,2,"Top",110.83,92.99,,,,,-5.693182295190923,-131.39863079849124,-5.144759269889246,0.1546660211769006,25.515940494174163,-25.77424073330522,3.174368438,1.602017717,75,"94.2",3,"90.6",1980,"6.3",823907,669257,518692,500743,571771,605141,606192,669242,663656,"54.19",0.446,0.423,"0.9",1,1,0,4,14,5,"Slider",0,1,1,0,1,0,1,0,"Standard","Standard",157,"-0.012","0.209","75.9","6.8",,0.53,"-0.209","94.2",-1,1,0.414,0.586,29,27,30,28,1,0,6,7,,,"2.3","-0.08","0.08","47.9",-9.864232007644475,2.0929553724715606,37.78088969454904,33.82597167657016,31.03142571100512
"FF","2026-09-03","95.1","1.59","6.33","Skubal, Tarik",686780,669373,,"called_strike",,,,,7,,"R","R","L","LAD","STL","S",,,3,0,2026,"0.36","1.5",-0.6066866448590132,1.7145003289308034,,,695336,2,2,"Top",,,,,,,-6.531711894837816,-138.0433982691946,-9.623080094263974,6.086360178951238,30.320314361846954,-10.9665769796345,3.174368438,1.602017717,,,,"95.4",2258,"6.6",823907,669257,518692,500743,571771,605141,606192,669242,663656,"53.95",,,,,,,,14,4,"4-Seam Fastball",0,1,1,0,1,0,1,0,"Standard","Standard",150,"0.004","-0.063",,,,,"0.063",,-1,1,0.41,0.59,29,27,30,28,1,0,6,7,,,"1.03","0.36","-0.36","53.0",,,,,
"SI","2026-09-03","95.7","1.68","6.23","Skubal, Tarik",686780,669373,,"ball",,,,,13,,"R","R","L","LAD","STL","B",,,2,0,2026,"1.23","0.88",-0.9055826190047958,1.6153838056808325,,,695336,2,2,"Top",,,,,,,-9.550724033680348,-138.9292854281663,-8.319907384814103,18.092912814466533,30.517538978334503,-19.012573204480326,3.174368438,1.602017717,,,,"95.8",2187,"6.4",823907,669257,518692,500743,571771,605141,606192,669242,663656,"54.08",,,,,,,,14,3,"Sinker",0,1,1,0,1,0,1,0,"Standard","Standard",143,"-0.006","0.108",,,,,"-0.108",,-1,1,0.416,0.584,29,27,30,28,1,0,6,7,,,"1.61","1.23","-1.23","49.2",,,,,
"FF","2026-09-03","95.9","1.65","6.27","Skubal, Tarik",686780,669373,,"ball",,,,,11,,"R","R","L","LAD","STL","B",,,1,0,2026,"0.37","1.43",-0.8526738732451014,2.620374446465407,,,695336,2,2,"Top",,,,,,,-7.407820286650326,-139.40494068828463,-7.148462873117755,6.413207618044927,30.031664397362686,-12.14558752929913,3.174368438,1.602017717,,,,"96.4",2260,"6.5",823907,669257,518692,500743,571771,605141,606192,669242,663656,"53.98",,,,,,,,14,2,"4-Seam Fastball",0,1,1,0,1,0,1,0,"Standard","Standard",154,"-0.004","0.055",,,,,"-0.055",,-1,1,0.42,0.58,29,27,30,28,1,0,6,7,,,"1.05","0.37","-0.37","50.2",,,,,
"CU","2026-09-03","79.1","1.78","6.28","Skubal, Tarik",686780,669373,,"ball",,,,,13,,"R","R","L","LAD","STL","B",,,0,0,2026,"-0.75","-0.3",-0.7945433771143575,1.154461984110359,,,695336,2,2,"Top",,,,,,,-4.133416527041344,-115.09632959735009,-3.532611016902423,-5.854757294991377,21.865058998959753,-34.39429328055583,3.174368438,1.602017717,,,,"79.4",2568,"6.6",823907,669257,518692,500743,571771,605141,606192,669242,663656,"53.92",,,,,,,,14,1,"Curveball",0,1,1,0,1,0,1,0,"Standard","Standard",321,"-0.002","0.035",,,,,"-0.035",,-1,1,0.422,0.578,29,27,30,28,1,0,6,7,,,"3.95","-0.75","0.75","53.1",,,,,
"FF","2026-09-03","95.5","1.49","6.4","Skubal, Tarik",701675,669373,"field_out","hit_into_play",,,,,7,"Nathan Church lines out to center fielder Tommy Edman.","R","L","L","LAD","STL","X",8,"line_drive",1,1,2026,"0.24","1.39",-0.6716631610233403,1.9883913001588647,,,695336,1,2,"Top",112.19,81.67,,,,,-6.191638866355514,-138.81400559580905,-8.935868766186665,4.475084136635424,29.71381679931064,-12.443442850718323,3.112934711,1.57101378,294,"84.6",23,"95.8",2244,"6.4",823907,669257,518692,500743,571771,605141,606192,669242,663656,"54.08",0.283,0.286,"0",1,0,0,3,13,3,"4-Seam Fastball",0,1,1,0,1,0,1,0,"Standard","Standard",155,"0.026","-0.25","68.2","7.7",,0.373,"0.25","88.0",-1,1,0.396,0.604,29,25,30,26,1,0,6,1,,1,"1.11","0.24","0.24","51.3",8.729729231117357,-5.397925770888023,30.487082467311172,42.190138656278066,33.4928707724121
"SI","2026-09-03","97.1","1.81","6.29","Skubal, Tarik",701675,669373,,"ball",,,,,14,,"R","L","L","LAD","STL","B",,,0,1,2026,"0.99","1.09",1.5219862942450857,1.1442006184098443,,,695336,1,2,"Top",,,,,,,-3.0905222262683507,-141.05789476072687,-10.534285046519303,13.969257062479796,31.051484849344455,-15.441796234352891,3.112934711,1.57101378,,,,"97.6",2072,"6.6",823907,669257,518692,500743,571771,605141,606192,669242,663656,"53.93",,,,,,,,13,2,"Sinker",0,1,1,0,1,0,1,0,"Standard","Standard",152,"-0.003","0.028",,,,,"-0.028",,-1,1,0.399,0.601,29,25,30,26,1,0,6,1,,1,"1.33","0.99","0.99","48.9",,,,,
"SI","2026-09-03","96.5","1.7","6.3","Skubal, Tarik",701675,669373,,"called_strike",,,,,1,,"R","L","L","LAD","STL","S",,,0,0,2026,"1.13","0.99",-0.5376031192127619,2.7207871269329376,,,695336,1,2,"Top",,,,,,,-8.479740956227895,-140.20826478973464,-6.037166766207066,16.782441515798407,30.115110502519297,-17.855727736271195,3.112934711,1.57101378,,,,"96.7",2122,"6.4",823907,669257,518692,500743,571771,605141,606192,669242,663656,"54.12",,,,,,,,13,1,"Sinker",0,1,1,0,1,0,1,0,"Standard","Standard",151,"0.004","-0.039",,,,,"0.039",,-1,1,0.395,0.605,29,25,30,26,1,0,6,1,,1,"1.45","1.13","1.13","46.1",,,,,
"FF","2026-09-03","97.1","1.71","6.33","Skubal, Tarik",695336,669373,"single","hit_into_play",,,,,2,"Thomas Saggese singles on a ground ball to left fielder Teoscar Hernández.","R","R","L","LAD","STL","X",7,"ground_ball",1,1,2026,"0.23","1.34",-0.1492790396636623,3.0534118051993,,,,1,2,"Top",100.17,102.32,,,,,-5.442009752869895,-141.20880637837007,-6.165335824809638,4.244731514645455,31.729179673151847,-13.063252025040942,3.141018701,1.585187008,66,"98.1",2,"97.5",2214,"6.5",823907,669257,518692,500743,571771,605141,606192,669242,663656,"54.01",0.46,0.434,"0.9",1,1,0,4,12,3,"4-Seam Fastball",0,1,1,0,1,0,1,0,"Standard","Standard",153,"-0.024","0.427","72.9","6.5",,0.52,"-0.427","98.1",-1,1,0.419,0.581,29,24,30,24,1,0,6,1,,1,"1.08","0.23","-0.23","52.2",5.420155298551098,8.566980147127458,32.47427890027526,34.098841214735785,22.841860573747315
"SL","2026-09-03","89.2","2.06","6.16","Skubal, Tarik",695336,669373,,"foul",,,,,4,,"R","R","L","LAD","STL","S",,,1,0,2026,"-0.24","0.29",-0.5353306553541867,2.143745197804028,,,,1,2,"Top",,,,,,,-5.812768491570952,-129.84191270280746,-4.2709798897485705,-1.52272611126268,27.05437998346469,-28.222175692603102,3.141018701,1.585187008,,,,"89.7",2063,"6.5",823907,669257,518692,500743,571771,605141,606192,669242,663656,"53.95",,,,,,,,12,2,"Slider",0,1,1,0,1,0,1,0,"Standard","Standard",175,"0.003","-0.05","78.2","8.0",,,"0.05",,-1,1,0.416,0.584,29,24,30,24,1,0,6,1,,1,"2.57","-0.24","0.24","46.1",19.03853460881621,-18.694249674215936,36.414751904118056,29.87765510949456,37.207536202487375
"FF","2026-09-03","97.5","1.57","6.38","Skubal, Tarik",695336,669373,,"ball",,,,,11,,"R","R","L","LAD","STL","B",,,0,0,2026,"0.04","1.47",-0.9001455607173064,2.897307089045947,,,,1,2,"Top",,,,,,,-6.664063627062054,-141.77299043101416,-7.085762792169191,2.111900739549559,32.95474896669888,-10.916784689687743,3.141018701,1.585187008,,,,"97.7",2322,"6.5",823907,669257,518692,500743,571771,605141,606192,669242,663656,"54.02",,,,,,,,12,1,"4-Seam Fastball",0,1,1,0,1,0,1,0,"Standard","Standard",159,"-0.002","0.041",,,,,"-0.041",,-1,1,0.418,0.582,29,24,30,24,1,0,6,1,,1,"0.94","0.04","-0.04","51.1",,,,,
"FF","2026-09-03","96.9","1.81","6.32","Skubal, Tarik",602104,669373,"strikeout","foul_tip",,,,,3,"Ramón Urías strikes out on a foul tip.","R","R","L","LAD","STL","S",2,,0,2,2026,"0.14","1.43",0.6566376294606158,3.08165136557298,,,,0,2,"Top",,,,,,,-3.3760543926637947,-141.08964189994683,-6.257455254136579,2.563738826556347,31.363467115446912,-11.871275370662632,3.098015092,1.563484252,,,,"97.5",2384,"6.5",823907,669257,518692,500743,571771,605141,606192,669242,663656,"53.95",,0,"0",1,0,0,,11,3,"4-Seam Fastball",0,1,1,0,1,0,1,0,"Standard","Standard",155,"0.013","-0.165","73.2","7.3",,,"0.165",,-1,1,0.405,0.595,29,32,30,32,1,0,6,1,,1,"0.99","0.14","-0.14","47.2",8.160756649647663,25.287364706944672,19.981896841207192,45.00937250472922,14.204584870031033
"CU","2026-09-03","79.5","1.79","6.37","Skubal, Tarik",602104,669373,,"called_strike",,,,,9,,"R","R","L","LAD","STL","S",,,0,1,2026,"-0.62","-0.36",0.5967168309751282,1.7807764148455298,,,,0,2,"Top",,,,,,,-1.4242339163121636,-115.84668602256983,-2.4108998530375594,-5.295023858599085,20.975696280008563,-35.191668820893426,3.098015092,1.563484252,,,,"80",2541,"6.5",823907,669257,518692,500743,571771,605141,606192,669242,663656,"54",,,,,,,,11,2,"Curveball",0,1,1,0,1,0,1,0,"Standard","Standard",315,"0.005","-0.053",,,,,"0.053",,-1,1,0.4,0.6,29,32,30,32,1,0,6,1,,1,"3.95","-0.62","0.62","52.2",,,,,
"FF","2026-09-03","96.2","1.57","6.38","Skubal, Tarik",602104,669373,,"foul",,,,,11,,"R","R","L","LAD","STL","S",,,0,0,2026,"0","1.39",-0.9712585002685152,2.630902599046425,,,,0,2,"Top",,,,,,,-6.673860761918729,-139.78112288056982,-7.350166450566168,1.5519611052730484,31.67600442376906,-12.445206316797897,3.098015092,1.563484252,133,"93.2",78,"96.4",2374,"6.5",823907,669257,518692,500743,571771,605141,606192,669242,663656,"54.02",,,,,,,,11,1,"4-Seam Fastball",0,1,1,0,1,0,1,0,"Standard","Standard",158,"0.003","-0.042","74.4","7.9",,,"0.042","93.2",-1,1,0.397,0.603,29,32,30,32,1,0,6,1,,1,"1.08","0","0","51.2",19.5433022445949,-18.77275541377081,29.091016910392234,28.320574651235958,38.947108399534514
"CH","2026-09-03","90.2","2.05","6.09","Skubal, Tarik",699024,669373,"double_play","hit_into_play",,,,,5,"Leo Bernal lines into a double play, shortstop Mookie Betts to second baseman Miguel Rojas. Iván Herrera out at 2nd.","R","R","L","LAD","STL","X",6,"line_drive",0,0,2026,"0.93","0.66",-0.015331342844421059,2.6893744438633034,,671056,695491,1,1,"Top",95.82,131.57,,,,,-7.114939026132015,-131.2830344486592,-3.7443307150630534,12.21007405203539,26.42837232882408,-23.961987553648317,3.203330053,1.616633858,186,"102.4",9,"90.8",1960,"6.5",823907,669257,518692,500743,571771,605141,606192,669242,663656,"53.97",0.754,0.714,"0",1,0,0,4,5,1,"Changeup",0,1,1,0,1,0,1,0,"Standard","Standard",135,"0.08","-0.243","76.4","7.6",,0.882,"0.243","102.4",-1,1,0.368,0.632,29,22,30,22,1,0,6,1,,1,"2.13","0.93","-0.93","42.1",8.475047704664187,-5.240506005560455,24.444116908278072,39.63120256493659,30.67557782413538
"CH","2026-09-03","87.2","2.12","5.96","Skubal, Tarik",695491,669373,"single","hit_into_play",,,,,14,"Joshua Báez singles on a ground ball to right fielder Kyle Tucker. José Fermín scores. Iván Herrera to 2nd.","R","R","L","LAD","STL","X",9,"ground_ball",1,1,2026,"1.4","0.12",1.3776088474354877,1.8416744603721207,665877,,671056,1,1,"Top",186.36,119.02,,,,,-4.712548431024149,-126.83219896046668,-3.7097823985724574,16.11385582217515,27.401001976446032,-30.342800392524232,3.344627625,1.687942913,45,"82.5",1,"87.4",1809,"6.6",823907,669257,518692,500743,571771,605141,606192,669242,663656,"53.94",0.258,0.232,"0.9",1,1,0,2,4,3,"Changeup",0,0,0,0,1,0,1,0,"Standard","Standard",135,"-0.07","0.499","65.4","7.3",,0.292,"-0.499","88.0",0,0,0.438,0.562,29,23,30,23,1,0,6,1,,1,"2.9","1.4","-1.4","40.0",-0.5951040504412277,18.978475218309086,23.904889011807334,51.79883612851115,21.32978031493252
"FF","2026-09-03","96.8","1.55","6.43","Skubal, Tarik",695491,669373,,"foul",,,,,11,,"R","R","L","LAD","STL","S",,,1,0,2026,"0.13","1.54",-0.9032756193441744,3.425165622042147,665877,,671056,1,1,"Top",,,,,,,-6.777976014995658,-140.68641487278686,-5.81851326121901,3.322143011497495,32.601427395257375,-10.594232056855935,3.344627625,1.687942913,206,"75.3",22,"96.7",2427,"6.4",823907,669257,518692,500743,571771,605141,606192,669242,663656,"54.12",,,,,,,,4,2,"4-Seam Fastball",0,0,0,0,0,0,0,0,"Standard","Standard",157,"0.006","-0.058","75.8","7.2",,,"0.058","88.0",0,0,0.432,0.568,29,23,30,23,1,0,6,1,,1,"0.9","0.13","-0.13","52.9",15.88717260804281,-11.402587759435374,25.52318418628129,26.313596166241304,27.961201957828
"FF","2026-09-03","97.8","1.58","6.27","Skubal, Tarik",695491,669373,,"ball",,,,,11,,"R","R","L","LAD","STL","B",,,0,0,2026,"0.22","1.34",-0.9349592733392047,2.609146401000429,665877,,671056,1,1,"Top",,,,,,,-7.231613374791027,-142.143905237548,-7.283952051960819,4.697918990923024,33.80535813152303,-12.499598964443008,3.344627625,1.687942913,,,,"97.8",2312,"6.5",823907,669257,518692,500743,571771,605141,606192,669242,663656,"54.04",,,,,,,,4,1,"4-Seam Fastball",0,0,0,0,0,0,0,0,"Standard","Standard",151,"-0.003","0.019",,,,,"-0.019",,0,0,0.435,0.565,29,23,30,23,1,0,6,1,,1,"1.06","0.22","-0.22","50.0",,,,,
"FF","2026-09-03","98.3","1.61","6.34","Skubal, Tarik",691023,669373,"strikeout","swinging_strike",,,,,11,"Jordan Walker strikes out swinging.","R","R","L","LAD","STL","S",2,,1,2,2026,"0.16","1.38",-0.24049358904917417,4.581490646091933,665877,,671056,0,1,"Top",,,,,,,-5.336132365967711,-143.06993207527546,-2.4087638496521913,3.4949948666842228,33.54885701335505,-12.849140181702074,3.461351706,1.746850394,,,,"98.3",2368,"6.3",823907,669257,518692,500743,571771,605141,606192,669242,663656,"54.16",,0,"0",1,0,0,,3,5,"4-Seam Fastball",0,0,0,0,0,0,0,0,"Standard","Standard",155,"0.036","-0.23","72.2","6.3","0.1",,"0.23",,0,0,0.399,0.601,29,24,30,24,1,0,6,1,,1,"0.98","0.16","-0.16","49.5",0.956383826849927,29.497561650086364,14.734697470553893,36.40373280221348,10.334991396267641
"SL","2026-09-03","90.4","1.94","6.24","Skubal, Tarik",691023,669373,,"foul",,,,,2,,"R","R","L","LAD","STL","S",,,1,2,2026,"-0.46","0.29",-0.22575939911248272,3.1374368867287505,665877,,671056,0,1,"Top",,,,,,,-4.3596417799858616,-131.69263908256642,-2.280351472120421,-4.520135521510033,25.475834338120052,-28.568799997224467,3.461351706,1.746850394,177,"74.5",60,"91.5",2286,"6.7",823907,669257,518692,500743,571771,605141,606192,669242,663656,"53.8",,,,,,,,3,4,"Slider",0,0,0,0,0,0,0,0,"Standard","Standard",207,"0","0","76.8","7.5",,,"0","88.0",0,0,0.399,0.601,29,24,30,24,1,0,6,1,,1,"2.48","-0.46","0.46","47.7",-6.012818866162945,2.755884802237033,28.32081672563742,38.66921815156689,24.541795593192816
"FF","2026-09-03","96.7","1.54","6.37","Skubal, Tarik",691023,669373,,"called_strike",,,,,1,,"R","R","L","LAD","STL","S",,,1,1,2026,"0.02","1.47",-0.7691233850534301,3.4180180349956832,665877,,671056,0,1,"Top",,,,,,,-6.148219642129939,-140.61762439983627,-5.5296883807904065,1.7016587913334258,31.32405418270278,-11.611135077885498,3.461351706,1.746850394,,,,"97",2276,"6.4",823907,669257,518692,500743,571771,605141,606192,669242,663656,"54.07",,,,,,,,3,3,"4-Seam Fastball",0,0,0,0,0,0,0,0,"Standard","Standard",151,"0.013","-0.076",,,,,"0.076",,0,0,0.386,0.614,29,24,30,24,1,0,6,1,,1,"0.97","0.02","-0.02","52.2",,,,,
"CH","2026-09-03","88.4","2.13","6.1","Skubal, Tarik",691023,669373,,"ball",,,,,14,,"R","R","L","LAD","STL","B",,,0,1,2026,"0.78","0.26",1.6857642329078868,2.4860826359119637,665877,,671056,0,1,"Top",,,,,,,-2.7085772239726773,-128.79905207748024,-3.0912106338302197,9.195156796271652,26.254351132642014,-28.844313177489557,3.461351706,1.746850394,,,,"88.7",1884,"6.4",823907,669257,518692,500743,571771,605141,606192,669242,663656,"54.14",,,,,,,,3,2,"Changeup",0,0,0,0,0,0,0,0,"Standard","Standard",144,"-0.005","0.03",,,,,"-0.03",,0,0,0.391,0.609,29,24,30,24,1,0,6,1,,1,"2.64","0.78","-0.78","43.6",,,,,
"CH","2026-09-03","87.4","2.12","6.07","Skubal, Tarik",691023,669373,,"swinging_strike",,,,,14,,"R","R","L","LAD","STL","S",,,0,0,2026,"0.99","-0.18",1.4296646114776044,2.4132528307780197,665877,,671056,0,1,"Top",,,,,,,-3.704719992312533,-127.26120712806653,-2.044577129627351,11.479225714008443,27.3387313573411,-33.89205089033265,3.461351706,1.746850394,,,,"87.2",1850,"6.2",823907,669257,518692,500743,571771,605141,606192,669242,663656,"54.3",,,,,,,,3,1,"Changeup",0,0,0,0,0,0,0,0,"Standard","Standard",134,"0.008","-0.043","76.2","8.6","1.47396636",,"0.043",,0,0,0.383,0.617,29,24,30,24,1,0,6,1,,1,"3.17","0.99","-0.99","42.9",6.587721478359136,2.0113649512581295,23.285650036678433,58.60461069012446,25.734325819245257
"CH","2026-09-03","88.5","2.1","6.01","Skubal, Tarik",671056,669373,"single","hit_into_play",,,,,5,"Iván Herrera singles on a line drive to center fielder Tommy Edman. José Fermín to 3rd.","R","R","L","LAD","STL","X",8,"line_drive",2,2,2026,"0.82","0.54",0.09379327656002234,2.1924506681564706,,,665877,0,1,"Top",114.28,85.1,,,,,-6.570641130032013,-128.7018645232509,-4.202430560375853,10.416487706207771,25.356748657440708,-25.45729329774779,3.173490814,1.601574803,288,"96.7",17,"88.7",1927,"6.3",823907,669257,518692,500743,571771,605141,606192,669242,663656,"54.18",0.523,0.557,"0.9",1,1,0,4,2,6,"Changeup",0,0,0,0,0,0,0,0,"Standard","Standard",136,"-0.086","0.496","74.7","7.3",,0.79,"-0.496","96.7",0,0,0.469,0.531,29,26,30,26,1,0,6,1,,1,"2.36","0.82","-0.82","41.2",4.052035560540523,6.999955347010531,32.831368265028566,37.47247065954814,31.235327187102165
"CU","2026-09-03","81.5","1.98","6.29","Skubal, Tarik",671056,669373,,"ball",,,,,14,,"R","R","L","LAD","STL","B",,,1,2,2026,"-0.78","-0.17",0.12412527537362583,1.1955033242700175,,,665877,0,1,"Top",,,,,,,-2.606384317859473,-118.73951300759838,-4.3082622752547,-6.937975308659698,22.019742880360443,-33.157636232640094,3.173490814,1.601574803,,,,"82.1",2566,"6.5",823907,669257,518692,500743,571771,605141,606192,669242,663656,"53.96",,,,,,,,2,5,"Curveball",0,0,0,0,0,0,0,0,"Standard","Standard",322,"-0.005","0.043",,,,,"-0.043",,0,0,0.474,0.526,29,26,30,26,1,0,6,1,,1,"3.58","-0.78","0.78","53.0",,,,,
"FF","2026-09-03","97.5","1.59","6.33","Skubal, Tarik",671056,669373,,"foul",,,,,5,,"R","R","L","LAD","STL","S",,,1,2,2026,"0.17","1.5",-0.15752924281255962,2.5205751663140608,,,665877,0,1,"Top",,,,,,,-5.01733436516949,-141.79062992720654,-7.967019046670584,3.4078582804702564,33.5138346950998,-10.350717866573996,3.173490814,1.601574803,196,"75.6",20,"97.4",2373,"6.3",823907,669257,518692,500743,571771,605141,606192,669242,663656,"54.15",,,,,,,,2,4,"4-Seam Fastball",0,0,0,0,0,0,0,0,"Standard","Standard",155,"0","0","75.5","7.8",,,"0","88.0",0,0,0.474,0.526,29,26,30,26,1,0,6,1,,1,"0.91","0.17","-0.17","51.9",12.606143029078025,-0.6335983717645058,33.421957008398664,34.724110398806324,30.547906604202257
"FF","2026-09-03","96.5","1.6","6.29","Skubal, Tarik",671056,669373,,"foul",,,,,4,,"R","R","L","LAD","STL","S",,,1,1,2026,"0.33","1.44",-0.5527856412256382,2.499994210477889,,,665877,0,1,"Top",,,,,,,-6.411517655709237,-140.19039374817774,-7.6074823281293655,5.771777751060705,32.03835441940847,-11.639811308373192,3.173490814,1.601574803,216,"74.4",46,"96.5",2199,"6.4",823907,669257,518692,500743,571771,605141,606192,669242,663656,"54.09",,,,,,,,2,3,"4-Seam Fastball",0,0,0,0,0,0,0,0,"Standard","Standard",148,"0.008","-0.055","73.6","7.6",,,"0.055","88.0",0,0,0.466,0.534,29,26,30,26,1,0,6,1,,1,"1.02","0.33","-0.33","50.3",11.728669346382324,-10.456935457435385,34.30214617754444,30.591772249344267,32.77112929878281
"FF","2026-09-03","95.7","1.82","6.29","Skubal, Tarik",671056,669373,,"ball",,,,,12,,"R","R","L","LAD","STL","B",,,0,1,2026,"0.08","1.45",0.17039094143739583,4.349820457600545,,,665877,0,1,"Top",,,,,,,-4.501796433617729,-139.4083404773516,-2.707266041330696,2.0481454342003502,30.86040612641034,-12.783855915914314,3.173490814,1.601574803,,,,"96",2268,"6.4",823907,669257,518692,500743,571771,605141,606192,669242,663656,"54.14",,,,,,,,2,2,"4-Seam Fastball",0,0,0,0,0,0,0,0,"Standard","Standard",155,"-0.003","0.025",,,,,"-0.025",,0,0,0.469,0.531,29,26,30,26,1,0,6,1,,1,"1.03","0.08","-0.08","50.4",,,,,
"CH","2026-09-03","87.1","1.97","6.13","Skubal, Tarik",671056,669373,,"swinging_strike",,,,,6,,"R","R","L","LAD","STL","S",,,0,0,2026,"1.06","0.16",0.6143391225679731,2.4258427441880976,,,665877,0,1,"Top",,,,,,,-5.410548997160899,-126.70553900218056,-2.8014621819740584,12.510873520602813,27.011368289054474,-30.046207905226023,3.173490814,1.601574803,,,,"86.8",1884,"6.2",823907,669257,518692,500743,571771,605141,606192,669242,663656,"54.31",,,,,,,,2,1,"Changeup",0,0,0,0,0,0,0,0,"Standard","Standard",125,"0.005","-0.04","76.9","8.9","11.13525312",,"0.04",,0,0,0.464,0.536,29,26,30,26,1,0,6,1,,1,"2.85","1.06","-1.06","41.6",28.906161301647682,-47.65526855321395,25.19667088767048,45.104852172095875,58.88687138392473
"CH","2026-09-03","89","2.1","6.02","Skubal, Tarik",665877,669373,"single","hit_into_play",,,,,14,"José Fermín singles on a ground ball to center fielder Tommy Edman.","R","R","L","LAD","STL","X",8,"ground_ball",3,2,2026,"1.26","-0.02",0.8433339674445115,2.1974614644440322,,,,0,1,"Top",122.33,150.06,,,,,-5.758668843273018,-129.42071614857304,-3.0547437089491796,15.357023649618784,28.086332539273528,-31.90184050326969,3.137508202,1.583415354,75,"98.3",3,"89.2",1733,"6.5",823907,669257,518692,500743,571771,605141,606192,669242,663656,"53.99",0.469,0.422,"0.9",1,1,0,4,1,7,"Changeup",0,0,0,0,0,0,0,0,"Standard","Standard",125,"-0.031","0.359","67.0","7.4",,0.5,"-0.359","98.3",0,0,0.495,0.505,29,27,30,27,1,0,6,1,,1,"2.91","1.26","-1.26","41.4",2.8533128463312942,3.885248184726016,29.326263806789115,45.96145150884516,21.84503327087982
"FF","2026-09-03","98","1.67","6.25","Skubal, Tarik",665877,669373,,"foul",,,,,4,,"R","R","L","LAD","STL","S",,,3,2,2026,"0.15","1.35",-0.824711699178588,2.4480288130294965,,,,0,1,"Top",,,,,,,-7.001766403193618,-142.4393557464246,-7.722396846852117,3.644378960069056,32.53663530338748,-12.209395692577779,3.137508202,1.583415354,11,"65.7",-11,"98.1",2258,"6.4",823907,669257,518692,500743,571771,605141,606192,669242,663656,"54.1",,,,,,,,1,6,"4-Seam Fastball",0,0,0,0,0,0,0,0,"Standard","Standard",151,"0","0","69.8","7.2",,,"0","88.0",0,0,0.495,0.505,29,27,30,27,1,0,6,1,,1,"1.03","0.15","-0.15","49.1",3.882846771101458,-18.69283283156466,33.091086995118445,25.190157058707356,21.115217543827967
"FF","2026-09-03","98","1.53","6.4","Skubal, Tarik",665877,669373,,"ball",,,,,12,,"R","R","L","LAD","STL","B",,,2,2,2026,"0.18","1.27",0.16785613765985563,4.1749221091770305,,,,0,1,"Top",,,,,,,-4.062819805238932,-142.71048494595345,-3.3647619540041713,3.3483424423823087,32.091045013911824,-14.196326446293,3.137508202,1.583415354,,,,"98.4",2236,"6.4",823907,669257,518692,500743,571771,605141,606192,669242,663656,"54.06",,,,,,,,1,5,"4-Seam Fastball",0,0,0,0,0,0,0,0,"Standard","Standard",154,"-0.008","0.114",,,,,"-0.114",,0,0,0.503,0.497,29,27,30,27,1,0,6,1,,1,"1.09","0.18","-0.18","53.0",,,,,
"CH","2026-09-03","90","1.94","6.09","Skubal, Tarik",665877,669373,,"ball",,,,,13,,"R","R","L","LAD","STL","B",,,1,2,2026,"0.67","0.42",-0.06991163192672567,-0.1365879538135666,,,,0,1,"Top",,,,,,,-6.359829369621933,-130.65948382841685,-10.058293709555572,8.993931925617169,26.817338520449628,-25.46649452769203,3.137508202,1.583415354,,,,"90.1",2002,"6.4",823907,669257,518692,500743,571771,605141,606192,669242,663656,"54.09",,,,,,,,1,4,"Changeup",0,0,0,0,0,0,0,0,"Standard","Standard",142,"-0.004","0.046",,,,,"-0.046",,0,0,0.507,0.493,29,27,30,27,1,0,6,1,,1,"2.4","0.67","-0.67","42.0",,,,,
"CH","2026-09-03","87.7","2.04","6.04","Skubal, Tarik",665877,669373,,"swinging_strike",,,,,8,,"R","R","L","LAD","STL","S",,,1,1,2026,"0.88","0.33",0.24027069243878085,1.6134406503006669,,,,0,1,"Top",,,,,,,-6.1451480602313024,-127.48752455689673,-5.017050111732734,10.817523691563462,25.863784318025516,-27.78652578842357,3.137508202,1.583415354,,,,"87.8",1963,"6.4",823907,669257,518692,500743,571771,605141,606192,669242,663656,"54.1",,,,,,,,1,3,"Changeup",0,0,0,0,0,0,0,0,"Standard","Standard",129,"0.006","-0.061","64.4","8.5","0.77853024",,"0.061",,0,0,0.501,0.499,29,27,30,27,1,0,6,1,,1,"2.64","0.88","-0.88","40.1",20.04494796072497,-34.43921413058516,32.732502688971095,40.50261223051585,46.79578745991661
"CH","2026-09-03","89.4","2","6","Skubal, Tarik",665877,669373,,"ball",,,,,14,,"R","R","L","LAD","STL","B",,,0,1,2026,"1.32","0.21",0.08459790100840525,1.2009180211437127,,,,0,1,"Top",,,,,,,-7.495576424136198,-129.839443684102,-5.972751399413867,16.517073405070725,28.453304305683766,-28.69565093507005,3.137508202,1.583415354,,,,"89.4",1773,"6.5",823907,669257,518692,500743,571771,605141,606192,669242,663656,"54.02",,,,,,,,1,2,"Changeup",0,0,0,0,0,0,0,0,"Standard","Standard",132,"-0.002","0.03",,,,,"-0.03",,0,0,0.503,0.497,29,27,30,27,1,0,6,1,,1,"2.67","1.32","-1.32","42.9",,,,,
"FF","2026-09-03","96.4","1.56","6.27","Skubal, Tarik",665877,669373,,"called_strike",,,,,8,,"R","R","L","LAD","STL","S",,,0,0,2026,"0.17","1.34",0.06739841421616016,1.974782910705497,,,,0,1,"Top",,,,,,,-4.314611188620399,-140.18527115514723,-8.756630502321693,3.13051918719336,30.69723645036637,-12.704386725649934,3.137508202,1.583415354,,,,"97.1",2381,"6.7",823907,669257,518692,500743,571771,605141,606192,669242,663656,"53.82",,,,,,,,1,1,"4-Seam Fastball",0,0,0,0,0,0,0,0,"Standard","Standard",156,"0.003","-0.042",,,,,"0.042",,0,0,0.5,0.5,29,27,30,27,1,0,6,1,,1,"1.11","0.17","-0.17","51.5",,,,,
"FF","2026-08-28","97.1","1.59","6.18","Skubal, Tarik",693307,669373,"field_out","hit_into_play",,,,,6,"Dillon Dingler lines out sharply to right fielder Kyle Tucker.","R","R","L","DET","LAD","X",9,"line_drive",0,0,2026,"0.15","1.46",0.5373478744448212,2.4260432703857626,,,701678,2,6,"Bot",177.87,75.69,,,,,-3.1223037831550946,-141.19670884602343,-7.705881172690347,2.693610808835645,31.50046792795866,-11.048234796739688,3.271784777,1.651181102,331,"100.9",19,"97.3",2328,"6.4",824231,666163,518692,669242,571970,605141,606192,571771,663656,"54.09",0.389,0.468,"0",1,0,0,5,50,1,"4-Seam Fastball",1,1,1,1,1,1,1,1,"Standard","Standard",149,"-0.035","-0.275","73.8","7.3",,0.729,"0.275","100.9",0,0,0.535,0.535,29,27,30,28,3,2,6,2,6,1,"0.95","0.15","-0.15","53.4",6.007130401313415,13.174586388736193,34.8677916537295,42.62579698842046,20.694697264389156
"SI","2026-08-28","96.4","1.86","6.12","Skubal, Tarik",805808,669373,"field_out","hit_into_play",,,,,6,"Kevin McGonigle flies out to left fielder Teoscar Hernández.","R","L","L","DET","LAD","X",7,"fly_ball",1,0,2026,"1.15","1.14",0.42021096326589036,2.3088958152322636,,,701678,1,6,"Bot",73.06,96.5,,,,,-6.440153654345351,-140.06702092783195,-6.952772558587701,16.542398850092955,31.56391052816884,-15.794322723556803,3.085728346,1.557283465,287,"85.4",37,"96.5",2184,"6.4",824231,666163,518692,669242,571970,605141,606192,571771,663656,"54.08",0.006,0.005,"0",1,0,0,3,49,2,"Sinker",1,1,1,1,1,1,1,1,"Standard","Standard",153,"-0.048","-0.297","74.3","6.8",,0.007,"0.297","88.0",0,0,0.583,0.583,29,21,30,22,3,2,6,2,6,1,"1.32","1.15","1.15","48.7",5.410059508948038,4.474828426824725,35.85899709644792,32.64937251458421,30.24792677262965
"SL","2026-08-28","89.7","2.1","6.04","Skubal, Tarik",805808,669373,,"ball",,,,,12,,"R","L","L","DET","LAD","B",,,0,0,2026,"-0.32","0.43",0.10925544966767117,3.749534172254291,,,701678,1,6,"Bot",,,,,,,-4.1697477272039,-130.77414354496278,-0.5099069206810696,-2.952236343992341,24.852939499583545,-27.29315948613802,3.085728346,1.557283465,,,,"90.2",2126,"6.3",824231,666163,518692,669242,571970,605141,606192,571771,663656,"54.2",,,,,,,,49,1,"Slider",1,1,1,1,1,1,1,1,"Standard","Standard",180,"0.005","0.036",,,,,"-0.036",,0,0,0.578,0.578,29,21,30,22,3,2,6,2,6,1,"2.37","-0.32","-0.32","47.7",,,,,
"SL","2026-08-28","90.2","2.2","5.92","Skubal, Tarik",701678,669373,"force_out","hit_into_play",,,,,7,"Hao-Yu Lee grounds into a force out, shortstop Mookie Betts to second baseman Tommy Edman. Gleyber Torres out at 2nd. Hao-Yu Lee to 1st.","R","R","L","DET","LAD","X",6,"ground_ball",2,0,2026,"-0.08","0.53",-0.543707709738736,1.674688671153259,,,650402,0,6,"Bot",106.37,149.66,,,,,-6.575086369988101,-131.2646509109817,-5.536307247271097,0.4525894332121082,27.096794733292857,-25.01886225788457,3.087483596,1.558169291,6,"110.2",-17,"90.4",2126,"6.4",824231,666163,518692,669242,571970,605141,606192,571771,663656,"54.13",0.18,0.162,"0",1,0,0,2,48,3,"Slider",1,1,1,1,1,1,1,1,"Standard","Standard",157,"-0.07","-0.458","84.5","7.1",,0.195,"0.458","110.2",0,0,0.648,0.648,29,23,30,23,3,2,6,2,6,1,"2.26","-0.08","0.08","43.4",4.318786264700662,5.622535876659828,31.5435672306093,28.444413693380923,31.321932287671984
"FF","2026-08-28","95.5","1.55","6.19","Skubal, Tarik",701678,669373,,"ball",,,,,13,,"R","R","L","DET","LAD","B",,,1,0,2026,"0.29","1.61",-2.286367228565386,2.0885744814457277,,,650402,0,6,"Bot",,,,,,,-10.613637814936306,-138.45927231823742,-8.576157494537158,6.170491736446688,32.03837277841798,-9.60640786983366,3.087483596,1.558169291,,,,"95.3",2315,"6.4",824231,666163,518692,669242,571970,605141,606192,571771,663656,"54.06",,,,,,,,48,2,"4-Seam Fastball",1,1,1,1,1,1,1,1,"Standard","Standard",153,"0.015","0.075",,,,,"-0.075",,0,0,0.633,0.633,29,23,30,23,3,2,6,2,6,1,"0.91","0.29","-0.29","52.5",,,,,
"FF","2026-08-28","96.3","1.62","6.19","Skubal, Tarik",701678,669373,,"ball",,,,,11,,"R","R","L","DET","LAD","B",,,0,0,2026,"0.41","1.62",-1.3312978559408468,2.6938360961795094,,,650402,0,6,"Bot",,,,,,,-8.706300137582499,-139.75000230721383,-7.164680884769002,7.477552879216662,33.15983780543279,-9.525669086828815,3.087483596,1.558169291,,,,"96.1",2386,"6.5",824231,666163,518692,669242,571970,605141,606192,571771,663656,"54.03",,,,,,,,48,1,"4-Seam Fastball",1,1,1,1,1,1,1,1,"Standard","Standard",151,"0.007","0.037",,,,,"-0.037",,0,0,0.626,0.626,29,23,30,23,3,2,6,2,6,1,"0.87","0.41","-0.41","51.6",,,,,
"CH","2026-08-28","87.7","2.15","5.91","Skubal, Tarik",650402,669373,"single","hit_into_play",,,,,8,"Gleyber Torres singles on a line drive to center fielder Enrique Hernández.","R","R","L","DET","LAD","X",8,"line_drive",2,2,2026,"1.24","0.15",0.26247237067939366,1.9476673398079551,,,,0,6,"Bot",114.83,91.21,,,,,-7.103073092307674,-127.47602784536147,-3.5122710660650536,14.940655764817372,26.32638104428486,-30.019913353801712,3.12960958,1.579429134,231,"94.9",14,"87.6",1863,"6.3",824231,666163,518692,669242,571970,605141,606192,571771,663656,"54.2",0.92,0.895,"0.9",1,1,0,4,47,6,"Changeup",1,1,1,1,1,1,1,1,"Standard","Standard",134,"0.055","0.473","63.7","7.1",,1.141,"-0.473","94.9",0,0,0.571,0.571,29,29,30,30,3,2,6,2,6,1,"2.82","1.24","-1.24","39.1",11.32004522611634,6.913995587043329,34.268022242956704,37.8026561380391,34.69777257533512
"CU","2026-08-28","82.7","1.75","6.03","Skubal, Tarik",650402,669373,,"ball",,,,,13,,"R","R","L","DET","LAD","B",,,1,2,2026,"-0.7","-0.27",-0.8704778442661804,-0.05819605518074811,,,,0,6,"Bot",,,,,,,-4.532891891289073,-120.36783377352701,-6.622880767699524,-5.986439700944838,22.515791811883908,-33.767374024761914,3.12960958,1.579429134,,,,"83.5",2542,"6.7",824231,666163,518692,669242,571970,605141,606192,571771,663656,"53.77",,,,,,,,47,5,"Curveball",1,1,1,1,1,1,1,1,"Standard","Standard",321,"0.005","0.046",,,,,"-0.046",,0,0,0.566,0.566,29,29,30,30,3,2,6,2,6,1,"3.59","-0.7","0.7","49.7",,,,,
"FF","2026-08-28","98.7","1.67","6.14","Skubal, Tarik",650402,669373,,"foul",,,,,1,,"R","R","L","DET","LAD","S",,,1,2,2026,"0.12","1.37",-0.6518830438204626,2.9319875588504907,,,,0,6,"Bot",,,,,,,-6.54180437907288,-143.5780277536893,-6.367927803909973,3.0189641120260986,30.759358895234573,-11.981014826651688,3.12960958,1.579429134,227,"74.4",39,"99.6",2403,"6.6",824231,666163,518692,669242,571970,605141,606192,571771,663656,"53.89",,,,,,,,47,4,"4-Seam Fastball",1,1,1,1,1,1,1,1,"Standard","Standard",153,"0","0","58.8","5.3",,,"0","88.0",0,0,0.566,0.566,29,29,30,30,3,2,6,2,6,1,"0.96","0.12","-0.12","49.2",-9.242472016756288,27.26382774716653,39.2025183274215,27.417816624531547,15.774690687123732
"CH","2026-08-28","90","2.23","5.89","Skubal, Tarik",650402,669373,,"ball",,,,,14,,"R","R","L","DET","LAD","B",,,0,2,2026,"0.96","0.48",1.4599941276643467,2.2226464636751766,,,,0,6,"Bot",,,,,,,-3.9502610045151125,-131.10756216231263,-4.027551589924836,11.921230099224692,24.817566155902547,-25.96321202957542,3.12960958,1.579429134,,,,"90.5",2007,"6.3",824231,666163,518692,669242,571970,605141,606192,571771,663656,"54.2",,,,,,,,47,3,"Changeup",1,1,1,1,1,1,1,1,"Standard","Standard",139,"0.004","0.022",,,,,"-0.022",,0,0,0.562,0.562,29,29,30,30,3,2,6,2,6,1,"2.3","0.96","-0.96","37.8",,,,,
"FF","2026-08-28","96.2","1.66","6.15","Skubal, Tarik",650402,669373,,"foul",,,,,5,,"R","R","L","DET","LAD","S",,,0,1,2026,"0.79","1.46",0.027702705617054457,2.3402850288726844,,,,0,6,"Bot",,,,,,,-6.099388417782024,-139.8773111528701,-7.694987816498264,11.73464892268114,29.812996633246662,-11.425338873760092,3.12960958,1.579429134,220,"77.5",34,"96.5",2487,"6.4",824231,666163,518692,669242,571970,605141,606192,571771,663656,"54.1",,,,,,,,47,2,"4-Seam Fastball",1,1,1,1,1,1,1,1,"Standard","Standard",146,"-0.009","-0.053","68.8","6.8",,,"0.053","88.0",0,0,0.571,0.571,29,29,30,30,3,2,6,2,6,1,"0.99","0.79","-0.79","49.7",0.4149331375013157,12.68734841790688,37.15931073345058,35.95724826749493,22.50209796633381
"FF","2026-08-28","94.6","1.68","6.24","Skubal, Tarik",650402,669373,,"called_strike",,,,,9,,"R","R","L","DET","LAD","S",,,0,0,2026,"0.49","1.43",0.8280334490643351,1.8736853508734126,,,,0,6,"Bot",,,,,,,-3.32724457677753,-137.61134403405285,-8.792025951504572,6.984957432627673,27.17292194391516,-12.231763713092942,3.12960958,1.579429134,,,,"95.4",2475,"6.5",824231,666163,518692,669242,571970,605141,606192,571771,663656,"53.99",,,,,,,,47,1,"4-Seam Fastball",1,1,1,1,1,1,1,1,"Standard","Standard",157,"-0.005","-0.042",,,,,"0.042",,0,0,0.576,0.576,29,29,30,30,3,2,6,2,6,1,"1.09","0.49","-0.49","51.0",,,,,
"CH","2026-08-28","87.8","2.24","5.88","Skubal, Tarik",595879,669373,"field_out","hit_into_play",,,,,6,"Javier Báez flies out sharply to center fielder Alek Thomas.","R","R","L","DET","LAD","X",8,"fly_ball",0,0,2026,"1.13","0.22",0.38996939532841113,2.4198039963780125,703601,,,2,5,"Bot",136.07,42.18,,,,,-6.792468318919113,-127.68909035853868,-2.5181856325355767,13.743285642473927,24.946312477076855,-29.49064508937512,3.175246063,1.60246063,388,"100.5",25,"88",1917,"6.3",824231,676439,518692,669242,571970,605141,606192,677950,663656,"54.16",0.474,0.733,"0",1,0,0,6,40,1,"Changeup",1,0,1,0,0,1,1,0,"Standard","Standard",130,"-0.039","-0.296","79.2","8.3",,1.316,"0.296","100.5",1,1,0.699,0.699,29,33,30,34,2,1,6,3,6,1,"2.73","1.13","-1.13","37.7",8.184139757147273,6.701965402558937,27.520573143482622,44.171280202073945,26.648650328426655
"FF","2026-08-28","99","1.7","6.29","Skubal, Tarik",703601,669373,"triple","hit_into_play",,,,,4,"Max Clark triples (3) on a line drive to left fielder Teoscar Hernández. Eduardo Valencia scores.","R","L","L","DET","LAD","X",7,"line_drive",1,2,2026,"0.36","1.45",-0.4916831463910444,2.6675982130257845,,680664,,2,5,"Bot",31.88,107.09,,,,,-6.791211416203437,-143.89893188986375,-7.708609587622415,6.569192872252873,31.471629497868914,-10.449334849402904,3.179634186,1.604675197,37,"105",-2,"99.4",2363,"6.5",824231,676439,518692,669242,571970,605141,606192,677950,663656,"54.04",0.437,0.403,"1.6",1,1,2,4,39,4,"4-Seam Fastball",0,0,0,0,0,1,1,0,"Standard","Standard",150,"0.166","1.036","67.6","6.5",,0.47,"-1.036","105.0",0,0,0.533,0.533,29,21,30,22,2,1,6,2,6,1,"0.87","0.36","0.36","49.6",-7.598960249972718,30.40855994583807,26.24127108156323,40.01914715324579,13.995864241364739
"SI","2026-08-28","97.1","1.72","6.11","Skubal, Tarik",703601,669373,,"foul",,,,,5,,"R","L","L","DET","LAD","S",,,1,1,2026,"1.16","0.98",-0.04794637579079275,2.295036488137219,,680664,,2,5,"Bot",,,,,,,-7.393336679915764,-141.1984459303163,-6.776669111108652,17.187588219487107,30.943096093702046,-17.671170915156516,3.179634186,1.604675197,2,"60.7",-53,"97.4",2185,"6.4",824231,676439,518692,669242,571970,605141,606192,677950,663656,"54.08",,,,,,,,39,3,"Sinker",0,0,0,0,0,0,0,0,"Standard","Standard",155,"-0.012","-0.068","72.2","7.4",,,"0.068","88.0",0,0,0.545,0.545,29,21,30,22,2,1,6,2,6,1,"1.43","1.16","1.16","48.6",4.288169561889138,9.237238209529217,29.589947742794504,33.876485668166126,23.699538887942516
"CH","2026-08-28","90.4","2.23","5.82","Skubal, Tarik",703601,669373,,"ball",,,,,13,,"R","L","L","DET","LAD","B",,,0,1,2026,"1.16","0.12",-0.6088866197098532,1.172397539446687,,680664,,2,5,"Bot",,,,,,,-9.539783417962235,-131.22672657700227,-5.666493271760792,15.427446294120655,27.32260387354593,-29.707345168352607,3.179634186,1.604675197,,,,"90.8",1901,"6.6",824231,676439,518692,669242,571970,605141,606192,677950,663656,"53.89",,,,,,,,39,2,"Changeup",0,0,0,0,0,0,0,0,"Standard","Standard",133,"0.005","0.018",,,,,"-0.018",,0,0,0.54,0.54,29,21,30,22,2,1,6,2,6,1,"2.67","1.16","1.16","37.4",,,,,
"FF","2026-08-28","97.2","1.67","6.17","Skubal, Tarik",703601,669373,,"called_strike",,,,,11,,"R","L","L","DET","LAD","S",,,0,0,2026,"0.17","1.33",-0.8913633336290631,2.4403983085893723,,680664,,2,5,"Bot",,,,,,,-7.20014427737927,-141.2597524868594,-7.375932685880921,3.860516947516671,30.35649416162023,-12.912109216668998,3.179634186,1.604675197,,,,"97.7",2290,"6.5",824231,676439,518692,669242,571970,605141,606192,677950,663656,"54",,,,,,,,39,1,"4-Seam Fastball",0,0,0,0,0,0,0,0,"Standard","Standard",151,"-0.007","-0.038",,,,,"0.038",,0,0,0.547,0.547,29,21,30,22,2,1,6,2,6,1,"1.08","0.17","0.17","51.8",,,,,
"SL","2026-08-28","90.6","2.26","5.91","Skubal, Tarik",679529,669373,"strikeout","called_strike",,,,,9,"Spencer Torkelson challenged (pitch result), call on the field was confirmed: Spencer Torkelson called out on strikes.","R","R","L","DET","LAD","S",2,,1,2,2026,"-0.17","0.52",0.6101489730110027,1.7754120980570702,,680664,,1,5,"Bot",,,,,,,-3.7056162984298564,-131.96785222803803,-5.344125798169186,-1.2218060679713072,26.660337400772505,-25.21027915945535,3.232291667,1.63125,,,,"91",2028,"6.4",824231,676439,518692,669242,571970,605141,606192,677950,663656,"54.13",,0,"0",1,0,0,,38,5,"Slider",0,0,0,0,0,0,0,0,"Standard","Standard",156,"-0.033","-0.201",,,,,"0.201",,0,0,0.58,0.58,29,26,30,27,2,1,6,2,6,1,"2.24","-0.17","0.17","41.1",,,,,
"CH","2026-08-28","87.6","2.19","5.88","Skubal, Tarik",679529,669373,,"ball",,,,,13,,"R","R","L","DET","LAD","B",,,0,2,2026,"1.04","0.23",-0.45330137842442153,0.7004743742228317,,680664,,1,5,"Bot",,,,,,,-8.48185683095477,-127.21992041751126,-6.554563838991834,13.01114559283962,25.774775390172966,-28.527643999639892,3.232291667,1.63125,,,,"87.6",1811,"6.3",824231,676439,518692,669242,571970,605141,606192,677950,663656,"54.16",,,,,,,,38,4,"Changeup",0,0,0,0,0,0,0,0,"Standard","Standard",131,"0.005","0.029",,,,,"-0.029",,0,0,0.575,0.575,29,26,30,27,2,1,6,2,6,1,"2.75","1.04","-1.04","37.8",,,,,
"CH","2026-08-28","87.3","2.17","5.91","Skubal, Tarik",679529,669373,,"foul",,,,,14,,"R","R","L","DET","LAD","S",,,0,2,2026,"1.33","-0.04",1.1080655924090421,1.975200984494959,,680664,,1,5,"Bot",,,,,,,-5.295317600688234,-126.92440116542004,-2.9307127102000137,15.419207664501947,28.12211336162804,-32.18883957514956,3.232291667,1.63125,1,"63.3",-58,"86.8",1783,"6.2",824231,676439,518692,669242,571970,605141,606192,677950,663656,"54.29",,,,,,,,38,3,"Changeup",0,0,0,0,0,0,0,0,"Standard","Standard",132,"0","0","69.1","7.7",,,"0","88.0",0,0,0.575,0.575,29,26,30,27,2,1,6,2,6,1,"3.06","1.33","-1.33","39.2",13.559421277457746,3.612715173161784,28.746311572527855,51.31306593255278,23.453484482821036
"FF","2026-08-28","96.9","1.79","6.23","Skubal, Tarik",679529,669373,,"foul",,,,,2,,"R","R","L","DET","LAD","S",,,0,1,2026,"0.44","1.5",-0.07353233633429046,3.2094487267591014,,680664,,1,5,"Bot",,,,,,,-5.932691067850312,-141.02211286603884,-5.81764113317821,7.221737478319242,31.586843640579808,-11.030538052326502,3.232291667,1.63125,250,"76.3",35,"97",2381,"6.3",824231,676439,518692,669242,571970,605141,606192,677950,663656,"54.18",,,,,,,,38,2,"4-Seam Fastball",0,0,0,0,0,0,0,0,"Standard","Standard",153,"-0.012","-0.067","73.3","7.0",,,"0.067","88.0",0,0,0.587,0.587,29,26,30,27,2,1,6,2,6,1,"0.92","0.44","-0.44","47.9",7.058461917680638,5.441592875555079,30.12695431343716,36.982243334289564,20.824787338080526
"CH","2026-08-28","86.3","2.1","5.91","Skubal, Tarik",679529,669373,,"foul",,,,,8,,"R","R","L","DET","LAD","S",,,0,0,2026,"1.35","0.4",-0.1504255401344159,1.6026432066773175,,680664,,1,5,"Bot",,,,,,,-8.072631916815615,-125.3326367134755,-4.5714624829745265,15.885283775017639,25.24054601920775,-27.21740403332069,3.232291667,1.63125,158,"86",13,"86.2",1776,"6.3",824231,676439,518692,669242,571970,605141,606192,677950,663656,"54.18",,,,,,,,38,1,"Changeup",0,0,0,0,0,0,0,0,"Standard","Standard",128,"-0.007","-0.045","70.9","7.9",,,"0.045","88.0",0,0,0.594,0.594,29,26,30,27,2,1,6,2,6,1,"2.67","1.35","-1.35","40.2",14.175417533846664,-16.38861588602764,42.69609020604865,36.277813061748915,38.615780979273055
"CH","2026-08-28","87.7","2.23","5.91","Skubal, Tarik",701162,669373,"field_out","hit_into_play",,,,,14,"Ben Malgeri grounds out, shortstop Mookie Betts to first baseman Freddie Freeman.","R","R","L","DET","LAD","X",6,"ground_ball",2,2,2026,"1.29","0.36",0.46002882280656987,1.313909934459105,,680664,,0,5,"Bot",107.05,155.18,,,,,-6.925677953471957,-127.4710361158146,-5.4318251298463025,15.465851068540006,27.81393313229689,-27.31196444091188,3.234924541,1.63257874,3,"67.8",-20,"87.5",1770,"6.3",824231,676439,518692,669242,571970,605141,606192,677950,663656,"54.15",0.051,0.046,"0",1,0,0,2,37,5,"Changeup",0,0,0,0,0,0,0,0,"Standard","Standard",127,"-0.046","-0.155","72.6","7.0",,0.054,"0.155","88.0",0,0,0.64,0.64,29,26,30,26,2,1,6,4,6,1,"2.63","1.29","-1.29","37.3",8.791629556475222,4.955287250412365,37.433951739507684,39.69200880399623,31.219608625324813
"FF","2026-08-28","96.1","1.57","6.22","Skubal, Tarik",701162,669373,,"foul",,,,,11,,"R","R","L","DET","LAD","S",,,2,1,2026,"0.35","1.61",-0.9921925093728536,2.875183111695999,,680664,,0,5,"Bot",,,,,,,-7.506519497056941,-139.5809638343868,-6.748193875501828,6.284273791569111,32.122966446400625,-9.828748911303965,3.234924541,1.63257874,115,"80.3",8,"96.2",2327,"6.5",824231,676439,518692,669242,571970,605141,606192,677950,663656,"54.02",,,,,,,,37,4,"4-Seam Fastball",0,0,0,0,0,0,0,0,"Standard","Standard",150,"-0.011","-0.064","66.6","5.6",,,"0.064","88.0",0,0,0.651,0.651,29,26,30,26,2,1,6,4,6,1,"0.88","0.35","-0.35","51.6",-2.4096394988888257,6.551840606486844,39.48374728221765,23.06251768828831,25.61129057647026
"CH","2026-08-28","86.3","2.16","5.89","Skubal, Tarik",701162,669373,,"blocked_ball",,,,,13,,"R","R","L","DET","LAD","B",,,1,1,2026,"1.25","0.4",-0.7469911352498411,0.3563317954542402,,680664,,0,5,"Bot",,,,,,,-9.397862435178867,-125.15861513640701,-7.442952564840619,15.036239581535357,25.79171540548295,-26.523052665178188,3.234924541,1.63257874,,,,"86.2",1800,"6.4",824231,676439,518692,669242,571970,605141,606192,677950,663656,"54.07",,,,,,,,37,3,"Changeup",0,0,0,0,0,0,0,0,"Standard","Standard",126,"0.006","0.037",,,,,"-0.037",,0,0,0.645,0.645,29,26,30,26,2,1,6,4,6,1,"2.68","1.25","-1.25","40.0",,,,,
"CH","2026-08-28","85","2.29","5.92","Skubal, Tarik",701162,669373,,"foul",,,,,6,,"R","R","L","DET","LAD","S",,,1,0,2026,"1.1","0.49",0.6969168316652092,2.166776928942144,,680664,,0,5,"Bot",,,,,,,-5.942440245502482,-123.62996705126943,-3.2132187596222996,12.525002359299057,26.416562444480586,-26.693842255817625,3.234924541,1.63257874,1,"40.3",-63,"84.9",1925,"6.4",824231,676439,518692,669242,571970,605141,606192,677950,663656,"54.07",,,,,,,,37,2,"Changeup",0,0,0,0,0,0,0,0,"Standard","Standard",131,"-0.006","-0.056","69.7","7.2",,,"0.056","88.0",0,0,0.651,0.651,29,26,30,26,2,1,6,4,6,1,"2.69","1.1","-1.1","41.1",21.758529042034276,-2.9822742756586558,27.168913791239486,44.046561113533954,37.59637684082864
"CU","2026-08-28","77.3","1.93","6.15","Skubal, Tarik",701162,669373,,"ball",,,,,11,,"R","R","L","DET","LAD","B",,,0,0,2026,"-0.89","-0.49",-1.1143653007198118,2.4669122629887967,,680664,,0,5,"Bot",,,,,,,-4.769228613319328,-112.50618124520008,0.2589406100045262,-6.638110496401877,20.790828459334666,-36.61737952299926,3.234924541,1.63257874,,,,"77.4",2514,"6.4",824231,676439,518692,669242,571970,605141,606192,677950,663656,"54.08",,,,,,,,37,1,"Curveball",0,0,0,0,0,0,0,0,"Standard","Standard",317,"0.003","0.033",,,,,"-0.033",,0,0,0.648,0.648,29,26,30,26,2,1,6,4,6,1,"4.31","-0.89","0.89","52.0",,,,,
"SL","2026-08-28","90.5","2.01","6.02","Skubal, Tarik",680664,669373,"double","hit_into_play",,,,,1,"Eduardo Valencia doubles (7) on a line drive to left fielder Teoscar Hernández.","R","R","L","DET","LAD","X",7,"line_drive",1,1,2026,"-0.28","0.42",-0.5192790459440954,2.8545520931454536,,,,0,5,"Bot",57.96,139.2,,,,,-5.629844254663456,-131.72419975668032,-2.7080251737067034,-2.154723172037185,25.915267074865792,-26.8937669635713,3.256865158,1.643651575,167,"92.4",12,"91",2099,"6.4",824231,676439,518692,669242,571970,605141,606192,677950,663656,"54.07",0.806,0.78,"1.25",1,1,1,4,36,3,"Slider",0,0,0,0,0,0,0,0,"Standard","Standard",163,"0.082","0.717","79.8","8.2",,0.941,"-0.717","92.4",0,0,0.566,0.566,29,26,30,26,2,1,6,3,6,1,"2.34","-0.28","0.28","44.3",11.701885502160565,-14.89676904248952,31.732327496870962,34.028219248258054,33.24461354830252
"FF","2026-08-28","94.8","1.71","6.14","Skubal, Tarik",680664,669373,,"foul",,,,,12,,"R","R","L","DET","LAD","S",,,1,0,2026,"0.45","1.42",1.1564340620282483,2.854678035495545,,,,0,5,"Bot",,,,,,,-2.456149615847189,-137.92429115099262,-5.951500217049297,6.290390820597898,30.645772662150666,-12.885282254129677,3.256865158,1.643651575,237,"76.9",28,"95.2",2374,"6.5",824231,676439,518692,669242,571970,605141,606192,677950,663656,"54",,,,,,,,36,2,"4-Seam Fastball",0,0,0,0,0,0,0,0,"Standard","Standard",143,"-0.006","-0.055","73.1","7.7",,,"0.055","88.0",0,0,0.572,0.572,29,26,30,26,2,1,6,3,6,1,"1.11","0.45","-0.45","47.5",3.307190749757353,20.223879553428922,25.795854113802644,52.18505060824005,12.206671605656902
"FF","2026-08-28","95.2","1.54","6.25","Skubal, Tarik",680664,669373,,"ball",,,,,12,,"R","R","L","DET","LAD","B",,,0,0,2026,"0.32","1.51",1.2035142085519044,3.3277592371660774,,,,0,5,"Bot",,,,,,,-1.6032318643903039,-138.58021807838497,-5.295621442690344,4.42393394819432,30.959854920020927,-11.70776922195145,3.256865158,1.643651575,,,,"95.3",2373,"6.4",824231,676439,518692,669242,571970,605141,606192,677950,663656,"54.15",,,,,,,,36,1,"4-Seam Fastball",0,0,0,0,0,0,0,0,"Standard","Standard",159,"0.005","0.043",,,,,"-0.043",,0,0,0.567,0.567,29,26,30,26,2,1,6,3,6,1,"1","0.32","-0.32","52.8",,,,,
"SL","2026-08-28","93.1","2.18","6.07","Skubal, Tarik",693307,669373,"field_out","hit_into_play",,,,,11,"Dillon Dingler grounds out softly to first baseman Freddie Freeman.","R","R","L","DET","LAD","X",3,"ground_ball",2,2,2026,"-0.42","0.44",-0.8675781480667895,3.3664412186259964,,,,2,4,"Bot",144.13,178.83,,,,,-6.805943183539988,-135.62650600613398,-2.0287825790294076,-3.9473043620250334,26.68093226667185,-26.533660304340042,3.271784777,1.651181102,75,"36.3",49,"93.8",2242,"6.4",824231,676439,518692,669242,571970,605141,606192,677950,663656,"54.08",0.153,0.138,"0",1,0,0,1,29,7,"Slider",0,0,0,0,0,0,0,0,"Standard","Standard",180,"-0.011","-0.221","60.3","5.9",,0.153,"0.221","88.0",0,0,0.511,0.511,29,27,30,28,2,1,6,2,6,1,"2.17","-0.42","0.42","45.8",1.0339979113599411,11.127233012547812,33.7435878087846,26.976134411444583,20.069445016167002
"FF","2026-08-28","99.2","1.77","6.17","Skubal, Tarik",693307,669373,,"foul",,,,,2,,"R","R","L","DET","LAD","S",,,2,2,2026,"0.39","1.44",-0.16494450841206632,3.299760305361075,,,,2,4,"Bot",,,,,,,-6.15017443393879,-144.37915185215775,-5.695054261607369,6.833195736299749,31.70708443342971,-10.927220961462474,3.271784777,1.651181102,185,"81.8",15,"99.6",2348,"6.4",824231,676439,518692,669242,571970,605141,606192,677950,663656,"54.11",,,,,,,,29,6,"4-Seam Fastball",0,0,0,0,0,0,0,0,"Standard","Standard",156,"0","0","70.6","6.2",,,"0","88.0",0,0,0.511,0.511,29,27,30,28,2,1,6,2,6,1,"0.87","0.39","-0.39","49.6",5.427295838020563,9.90487879183654,31.571493328032894,34.687236809570166,21.374118068390096
"CH","2026-08-28","89.8","2.21","5.82","Skubal, Tarik",693307,669373,,"foul",,,,,7,,"R","R","L","DET","LAD","S",,,2,2,2026,"1.05","0.41",-0.6716459564102304,1.5470276214264436,,,,2,4,"Bot",,,,,,,-9.310788864559473,-130.50863098451384,-5.3532142607462525,13.716923431859557,22.610751939368495,-26.566853338955013,3.271784777,1.651181102,9,"98.7",-10,"90.7",1951,"6.5",824231,676439,518692,669242,571970,605141,606192,677950,663656,"53.98",,,,,,,,29,5,"Changeup",0,0,0,0,0,0,0,0,"Standard","Standard",128,"0","0","70.0","6.9",,,"0","98.7",0,0,0.511,0.511,29,27,30,28,2,1,6,2,6,1,"2.38","1.05","-1.05","36.5",2.406388123307908,-7.287486646499016,46.56842555079754,29.656795399689898,32.263673338454
"CH","2026-08-28","90","2.27","5.92","Skubal, Tarik",693307,669373,,"ball",,,,,14,,"R","R","L","DET","LAD","B",,,1,2,2026,"1.01","0.47",1.6226751837578814,1.4700568260371705,,,,2,4,"Bot",,,,,,,-3.7778156778705996,-131.14316980176983,-5.949149501865751,12.50904726990488,23.80485961649997,-25.75194554610868,3.271784777,1.651181102,,,,"90.7",1827,"6.3",824231,676439,518692,669242,571970,605141,606192,677950,663656,"54.19",,,,,,,,29,4,"Changeup",0,0,0,0,0,0,0,0,"Standard","Standard",136,"0.002","0.041",,,,,"-0.041",,0,0,0.509,0.509,29,27,30,28,2,1,6,2,6,1,"2.3","1.01","-1.01","38.7",,,,,
"FF","2026-08-28","98","1.83","6.16","Skubal, Tarik",693307,669373,,"foul",,,,,2,,"R","R","L","DET","LAD","S",,,1,1,2026,"0.38","1.29",0.015364846716522718,2.9305808218271157,,,,2,4,"Bot",,,,,,,-5.731464983062332,-142.55818323599573,-6.088058586081617,6.482701665922425,31.78950627715166,-13.308355193104017,3.271784777,1.651181102,,,,"98.2",2295,"6.3",824231,676439,518692,669242,571970,605141,606192,677950,663656,"54.15",,,,,,,,29,3,"4-Seam Fastball",0,0,0,0,0,0,0,0,"Standard","Standard",148,"-0.003","-0.065","72.4","6.3",,,"0.065",,0,0,0.512,0.512,29,27,30,28,2,1,6,2,6,1,"1.07","0.38","-0.38","45.9",0.33935568375820546,12.460569807397908,36.84520958418522,37.35499177396066,22.55351878776564
"SL","2026-08-28","90.7","2.19","5.91","Skubal, Tarik",693307,669373,,"ball",,,,,12,,"R","R","L","DET","LAD","B",,,0,1,2026,"-0.18","0.37",1.1687484706033844,2.737043705882798,,,,2,4,"Bot",,,,,,,-2.1318744545629986,-132.2103134944144,-2.708700041095089,-1.792117776340908,24.454137333890476,-27.450882529532862,3.271784777,1.651181102,,,,"91.5",2134,"6.4",824231,676439,518692,669242,571970,605141,606192,677950,663656,"54.13",,,,,,,,29,2,"Slider",0,0,0,0,0,0,0,0,"Standard","Standard",172,"0.001","0.03",,,,,"-0.03",,0,0,0.511,0.511,29,27,30,28,2,1,6,2,6,1,"2.36","-0.18","0.18","41.5",,,,,
"FF","2026-08-28","96.7","1.61","6.21","Skubal, Tarik",693307,669373,,"called_strike",,,,,2,,"R","R","L","DET","LAD","S",,,0,0,2026,"0.21","1.4",0.21823213040500059,2.812781251723517,,,,2,4,"Bot",,,,,,,-4.149555824582221,-140.7753249182447,-6.587272478443827,3.6240394440697945,29.593667797654053,-12.201797161130472,3.271784777,1.651181102,,,,"97.2",2168,"6.4",824231,676439,518692,669242,571970,605141,606192,677950,663656,"54.12",,,,,,,,29,1,"4-Seam Fastball",0,0,0,0,0,0,0,0,"Infield shade","Standard",149,"-0.002","-0.044",,,,,"0.044",,0,0,0.513,0.513,29,27,30,28,2,1,6,2,6,1,"1.02","0.21","-0.21","50.7",,,,,
"CH","2026-08-28","88.1","2.22","5.92","Skubal, Tarik",805808,669373,"field_out","hit_into_play",,,,,8,"Kevin McGonigle grounds out to first baseman Freddie Freeman.","R","L","L","DET","LAD","X",3,"ground_ball",1,1,2026,"1.27","0.15",0.11972930651303404,1.7060531895141406,,,,1,4,"Bot",159.58,165.87,,,,,-7.73093824077393,-128.03015279322196,-4.197275554712597,15.535408259358261,26.794136919814072,-29.789244322436474,3.085728346,1.557283465,37,"91.2",-1,"88.2",1941,"6.5",824231,676439,518692,669242,571970,605141,606192,677950,663656,"54.04",0.296,0.271,"0",1,0,0,2,28,3,"Changeup",0,0,0,0,0,0,0,0,"Standard","Standard",133,"-0.019","-0.253","69.1","7.7",,0.347,"0.253","91.2",0,0,0.532,0.532,29,21,30,22,2,1,6,2,6,1,"2.79","1.27","1.27","46.1",20.16774059969376,-6.791752870045427,37.99676933734819,33.8598723136412,39.366090812636784
"SI","2026-08-28","96.9","1.86","6.02","Skubal, Tarik",805808,669373,,"foul",,,,,5,,"R","L","L","DET","LAD","S",,,1,0,2026,"1.09","1.22",0.2611587368381041,2.4684434081751228,,,,1,4,"Bot",,,,,,,-6.722457561400515,-140.85870668162337,-6.546792097599392,15.981539185490607,32.156991100183276,-14.609497104353446,3.085728346,1.557283465,,,,"96.8",2269,"6.3",824231,676439,518692,669242,571970,605141,606192,677950,663656,"54.19",,,,,,,,28,2,"Sinker",0,0,0,0,0,0,0,0,"Standard","Standard",148,"-0.004","-0.05","69.1","6.7",,,"0.05",,0,0,0.536,0.536,29,21,30,22,2,1,6,2,6,1,"1.21","1.09","1.09","44.4",17.923091150109293,11.047662710622486,32.857633898256104,33.020275958337116,28.33382113961937
"FF","2026-08-28","97.7","1.63","6.16","Skubal, Tarik",805808,669373,,"ball",,,,,13,,"R","L","L","DET","LAD","B",,,0,0,2026,"0.16","1.42",-0.628833329092605,1.2523501077693096,,,,1,4,"Bot",,,,,,,-6.379112778269011,-141.73694628256703,-10.733189919199498,3.7194059375294444,33.6397008904719,-10.715248624568941,3.085728346,1.557283465,,,,"97.6",2295,"6.5",824231,676439,518692,669242,571970,605141,606192,677950,663656,"54.01",,,,,,,,28,1,"4-Seam Fastball",0,0,0,0,0,0,0,0,"Standard","Standard",157,"0.003","0.041",,,,,"-0.041",,0,0,0.533,0.533,29,21,30,22,2,1,6,2,6,1,"0.99","0.16","0.16","50.2",,,,,
"CH","2026-08-28","87.2","2.2","5.9","Skubal, Tarik",701678,669373,"field_out","hit_into_play",,,,,9,"Hao-Yu Lee lines out to right fielder Kyle Tucker.","R","R","L","DET","LAD","X",9,"line_drive",0,1,2026,"1.12","0.34",0.48822548934745225,2.000095795274364,,,,0,4,"Bot",170.9,72.53,,,,,-6.419300536229829,-126.87916811169619,-3.7323973795294254,13.446311895487838,24.73621642056119,-27.996141743069977,3.087483596,1.558169291,332,"99.7",21,"87.6",1966,"6.4",824231,676439,518692,669242,571970,605141,606192,677950,663656,"54.07",0.36,0.464,"0",1,0,0,5,27,2,"Changeup",0,0,0,0,0,0,0,0,"Standard","Standard",134,"-0.023","-0.218","73.5","6.9",,0.759,"0.218","99.7",0,0,0.556,0.556,29,23,30,23,2,1,6,2,6,1,"2.65","1.12","-1.12","40.3",7.289013788765484,13.751606520640598,25.229398834069922,39.91972461409336,29.787812346051652
"SL","2026-08-28","89.6","2.17","5.92","Skubal, Tarik",701678,669373,,"called_strike",,,,,8,,"R","R","L","DET","LAD","S",,,0,0,2026,"-0.29","0.31",0.004863110925392544,1.7146676073187201,,,,0,4,"Bot",,,,,,,-4.67061943311148,-130.43382358988433,-4.9045572641541755,-2.4874315368924473,24.50291809532137,-27.84054767717699,3.087483596,1.558169291,,,,"90.3",2212,"6.5",824231,676439,518692,669242,571970,605141,606192,677950,663656,"54.04",,,,,,,,27,1,"Slider",0,0,0,0,0,0,0,0,"Standard","Standard",156,"-0.004","-0.042",,,,,"0.042",,0,0,0.56,0.56,29,23,30,23,2,1,6,2,6,1,"2.5","-0.29","0.29","44.3",,,,,
"CH","2026-08-28","88.4","2.11","5.85","Skubal, Tarik",650402,669373,"strikeout","called_strike",,,,,7,"Gleyber Torres called out on strikes.","R","R","L","DET","LAD","S",2,,3,2,2026,"1.4","0.19",-0.5056861640298929,1.4865746638017683,,,,2,3,"Bot",,,,,,,-9.273909456986559,-128.38346602291966,-4.670566223290256,17.488236216604264,27.59024385184062,-29.288769948961075,3.12960958,1.579429134,,,,"88.3",1872,"6.4",824231,676439,518692,669242,571970,605141,606192,677950,663656,"54.08",,0,"0",1,0,0,,22,6,"Changeup",0,0,0,0,0,0,0,0,"Standard","Standard",132,"-0.014","-0.303",,,,,"0.303",,0,0,0.514,0.514,29,29,30,30,2,1,6,2,6,1,"2.75","1.4","-1.4","39.3",,,,,
"FF","2026-08-28","96.2","1.7","6.09","Skubal, Tarik",650402,669373,,"foul",,,,,5,,"R","R","L","DET","LAD","S",,,3,1,2026,"0.35","1.61",-0.014767276879058766,2.1865075926260946,,,,2,3,"Bot",,,,,,,-5.280658858363075,-139.81234942562557,-8.226954149304923,5.745565860199755,32.45398653438227,-9.389298039452658,3.12960958,1.579429134,4,"87",-27,"96.2",2292,"6.4",824231,676439,518692,669242,571970,605141,606192,677950,663656,"54.06",,,,,,,,22,5,"4-Seam Fastball",0,0,0,0,0,0,0,0,"Standard","Standard",145,"-0.004","-0.097","78.9","8.0",,,"0.097","88.0",0,0,0.518,0.518,29,29,30,30,2,1,6,2,6,1,"0.87","0.35","-0.35","50.6",22.701221893278532,-14.554448844928324,34.75553468227141,36.890692297826746,41.67371168876997
"FF","2026-08-28","97.6","1.82","6.19","Skubal, Tarik",650402,669373,,"ball",,,,,14,,"R","R","L","DET","LAD","B",,,2,1,2026,"0.38","1.65",1.9668560990613357,2.281481906838361,,,,2,3,"Bot",,,,,,,-0.503252371765827,-141.9053382041142,-8.623635209238424,5.24425207020764,32.21441069180179,-8.154972955330718,3.12960958,1.579429134,,,,"97.6",2409,"6.3",824231,676439,518692,669242,571970,605141,606192,677950,663656,"54.17",,,,,,,,22,4,"4-Seam Fastball",0,0,0,0,0,0,0,0,"Standard","Standard",151,"0.005","0.1",,,,,"-0.1",,0,0,0.513,0.513,29,29,30,30,2,1,6,2,6,1,"0.75","0.38","-0.38","46.8",,,,,
"CH","2026-08-28","86.9","2.38","5.75","Skubal, Tarik",650402,669373,,"ball",,,,,14,,"R","R","L","DET","LAD","B",,,1,1,2026,"1.02","0.29",0.3990933602220139,0.5339518908692362,,,,2,3,"Bot",,,,,,,-6.818697425304557,-126.28328512859626,-6.615943155317481,12.315605746387115,26.736589569565286,-27.8623638451567,3.12960958,1.579429134,,,,"86.8",1975,"6.4",824231,676439,518692,669242,571970,605141,606192,677950,663656,"54.1",,,,,,,,22,3,"Changeup",0,0,0,0,0,0,0,0,"Standard","Standard",130,"0.002","0.055",,,,,"-0.055",,0,0,0.511,0.511,29,29,30,30,2,1,6,2,6,1,"2.75","1.02","-1.02","37.2",,,,,
"SL","2026-08-28","90.7","2.21","5.88","Skubal, Tarik",650402,669373,,"called_strike",,,,,8,,"R","R","L","DET","LAD","S",,,1,0,2026,"-0.06","0.56",-0.04179111919660737,2.0290736096311344,,,,2,3,"Bot",,,,,,,-5.449587305372827,-132.01084884435272,-4.735026167588719,0.3613831450356765,26.43781718682292,-24.85115350838469,3.12960958,1.579429134,,,,"91.3",2219,"6.5",824231,676439,518692,669242,571970,605141,606192,677950,663656,"53.98",,,,,,,,22,2,"Slider",0,0,0,0,0,0,0,0,"Standard","Standard",149,"-0.002","-0.056",,,,,"0.056",,0,0,0.513,0.513,29,29,30,30,2,1,6,2,6,1,"2.2","-0.06","0.06","42.6",,,,,
"SL","2026-08-28","92","2.25","5.9","Skubal, Tarik",650402,669373,,"ball",,,,,14,,"R","R","L","DET","LAD","B",,,0,0,2026,"-0.11","0.5",0.8061319880376481,0.8580599809738252,,,,2,3,"Bot",,,,,,,-3.390267830361247,-133.938783164053,-7.8554285451365296,-0.643756064549155,25.85887581426592,-24.809057353012996,3.12960958,1.579429134,,,,"92.7",2255,"6.4",824231,676439,518692,669242,571970,605141,606192,677950,663656,"54.05",,,,,,,,22,1,"Slider",0,0,0,0,0,0,0,0,"Standard","Standard",156,"0.001","0.041",,,,,"-0.041",,0,0,0.512,0.512,29,29,30,30,2,1,6,2,6,1,"2.17","-0.11","0.11","42.2",,,,,
"FF","2026-08-28","99.6","2.01","6.22","Skubal, Tarik",595879,669373,"strikeout","swinging_strike",,,,,12,"Javier Báez strikes out swinging.","R","R","L","DET","LAD","S",2,,0,2,2026,"0.33","1.42",0.05290514777453448,3.8326332961505187,,,,1,3,"Bot",,,,,,,-6.085673124405998,-144.94876532237876,-4.353208821544496,6.037543036555311,34.63071492192417,-11.401328031408212,3.175246063,1.60246063,,,,"99.5",2448,"6.3",824231,676439,518692,669242,571970,605141,606192,677950,663656,"54.22",,0,"0",1,0,0,,21,4,"4-Seam Fastball",0,0,0,0,0,0,0,0,"Standard","Standard",151,"-0.011","-0.163","66.0","6.5","0.303135204",,"0.163",,0,0,0.523,0.523,29,33,30,34,1,0,6,3,6,1,"0.89","0.33","-0.33","48.5",-1.6896410408733413,36.75964049155906,23.186772743966305,37.62180840406756,8.028187823720064
"CH","2026-08-28","90.4","2.29","5.83","Skubal, Tarik",595879,669373,,"foul",,,,,14,,"R","R","L","DET","LAD","S",,,0,2,2026,"1.04","0.11",1.0163788858787444,1.1026100648450892,,,,1,3,"Bot",,,,,,,-5.402550786380304,-131.51181944893136,-5.838225483297027,13.224016051402806,27.81003485529957,-29.799910813992838,3.175246063,1.60246063,1,"61.2",-61,"90.7",1890,"6.5",824231,676439,518692,669242,571970,605141,606192,677950,663656,"54.04",,,,,,,,21,3,"Changeup",0,0,0,0,0,0,0,0,"Standard","Standard",128,"0","0","66.4","9.0",,,"0","88.0",0,0,0.523,0.523,29,33,30,34,1,0,6,3,6,1,"2.67","1.04","-1.04","37.8",8.00713058769849,9.942856589102224,27.99528030497709,50.73631212339332,18.108107061970042
"CH","2026-08-28","88.9","2.19","5.83","Skubal, Tarik",595879,669373,,"foul",,,,,14,,"R","R","L","DET","LAD","S",,,0,1,2026,"1.1","0.12",1.4108376354095307,2.0671120876226703,,,,1,3,"Bot",,,,,,,-4.2563628334039745,-129.42133681464185,-3.2456052612059114,13.299971629381664,26.019524958943204,-30.318488542683454,3.175246063,1.60246063,1,"62.9",-60,"89.2",1854,"6.4",824231,676439,518692,669242,571970,605141,606192,677950,663656,"54.13",,,,,,,,21,2,"Changeup",0,0,0,0,0,0,0,0,"Standard","Standard",129,"-0.004","-0.058","74.0","8.8",,,"0.058","88.0",0,0,0.527,0.527,29,33,30,34,1,0,6,3,6,1,"2.75","1.1","-1.1","37.2",4.195342343194064,0.42300885342980193,21.07201812881098,55.78471316942998,25.561959658045094
"CH","2026-08-28","89.2","2.29","5.89","Skubal, Tarik",595879,669373,,"swinging_strike",,,,,6,,"R","R","L","DET","LAD","S",,,0,0,2026,"1.08","0.2",0.32108667302413174,2.2501304052284006,,,,1,3,"Bot",,,,,,,-7.075365628725383,-129.72058642639152,-3.1322517116142055,13.616941343695219,26.750050136583873,-29.49910313319641,3.175246063,1.60246063,,,,"89.4",1902,"6.4",824231,676439,518692,669242,571970,605141,606192,677950,663656,"54.1",,,,,,,,21,1,"Changeup",0,0,0,0,0,0,0,0,"Standard","Standard",132,"-0.003","-0.041","74.4","8.7","1.062213012",,"0.041",,0,0,0.53,0.53,29,33,30,34,1,0,6,3,6,1,"2.67","1.08","-1.08","39.5",18.56804085356458,-21.37942965687088,27.008295348813586,43.32063884796769,40.78080068405014
"CH","2026-08-28","90.1","2.07","5.94","Skubal, Tarik",703601,669373,"strikeout","swinging_strike",,,,,14,"Max Clark strikes out swinging.","R","L","L","DET","LAD","S",2,,0,2,2026,"1.04","0.16",0.5710095589665785,0.9654491797622309,,,,0,3,"Bot",,,,,,,-5.916206027661185,-130.96609418803268,-6.4697479391197605,13.165775553563634,26.648297315007856,-29.20503965290294,3.179634186,1.604675197,,,,"90.1",1944,"6.3",824231,676439,518692,669242,571970,605141,606192,677950,663656,"54.21",,0,"0",1,0,0,,20,3,"Changeup",0,0,0,0,0,0,0,0,"Standard","Standard",135,"-0.015","-0.165","76.7","8.7","2.034427548",,"0.165",,0,0,0.545,0.545,29,21,30,22,1,0,6,2,6,1,"2.65","1.04","1.04","40.6",22.779567207966526,-23.31625418845854,35.950372780122756,27.28758792653539,49.157386934905425
"FF","2026-08-28","96.7","1.56","6.29","Skubal, Tarik",703601,669373,,"called_strike",,,,,2,,"R","L","L","DET","LAD","S",,,0,1,2026,"0.1","1.36",0.0492898538947302,3.047679536886089,,,,0,3,"Bot",,,,,,,-4.220183529170832,-140.72010272071603,-6.08492030625424,2.2564536917049245,29.344007290491888,-12.962253451863642,3.179634186,1.604675197,,,,"97.2",2357,"6.4",824231,676439,518692,669242,571970,605141,606192,677950,663656,"54.09",,,,,,,,20,2,"4-Seam Fastball",0,0,0,0,0,0,0,0,"Standard","Standard",154,"-0.006","-0.053",,,,,"0.053",,0,0,0.551,0.551,29,21,30,22,1,0,6,2,6,1,"1.07","0.1","0.1","54.4",,,,,
"SI","2026-08-28","96.1","1.81","6.03","Skubal, Tarik",703601,669373,,"swinging_strike",,,,,8,,"R","L","L","DET","LAD","S",,,0,0,2026,"1.06","0.92",-0.04285497859179799,1.5019550684807266,,,,0,3,"Bot",,,,,,,-7.308398290401898,-139.75118174599203,-8.3706180983277,15.3984181773765,27.09544617532121,-18.54695371180338,3.179634186,1.604675197,,,,"97.1",2299,"6.6",824231,676439,518692,669242,571970,605141,606192,677950,663656,"53.91",,,,,,,,20,1,"Sinker",0,0,0,0,0,0,0,0,"Standard","Standard",156,"-0.004","-0.042","75.5","7.2","0.712735704",,"0.042",,0,0,0.555,0.555,29,21,30,22,1,0,6,2,6,1,"1.53","1.06","1.06","47.7",-8.556118557350525,14.788526218262755,32.48929677458407,35.1012142448605,21.136438553956488
"SL","2026-08-28","92.5","2.19","5.92","Skubal, Tarik",679529,669373,"field_out","hit_into_play",,,,,8,"Spencer Torkelson lines out to shortstop Mookie Betts.","R","R","L","DET","LAD","X",6,"line_drive",3,2,2026,"-0.12","0.5",-0.16364347562278664,1.9414899896985711,,,,2,2,"Bot",107.2,143.71,,,,,-5.704647345722011,-134.7416935700741,-5.338236293034793,-0.37328303817840236,24.779088868175496,-25.194758315869304,3.232291667,1.63125,151,"84.9",11,"93.7",2169,"6.6",824231,676439,518692,669242,571970,605141,606192,677950,663656,"53.92",0.551,0.508,"0",1,0,0,4,15,6,"Slider",0,0,0,0,0,0,0,0,"Standard","Standard",161,"-0.013","-0.303","76.7","7.3",,0.616,"0.303","88.0",0,0,0.513,0.513,29,26,30,27,1,0,6,2,6,1,"2.13","-0.12","0.12","41.6",-2.542384829497389,5.509486828973585,39.48256546773225,36.21165674631676,23.21131424445425
"CH","2026-08-28","88.8","2.17","5.94","Skubal, Tarik",679529,669373,,"ball",,,,,13,,"R","R","L","DET","LAD","B",,,2,2,2026,"1.32","0.61",-0.007955925709983935,1.1287210569889594,,,,2,2,"Bot",,,,,,,-8.07106618477312,-128.9243434662136,-6.746336904354916,16.328805908282956,25.993283878327876,-24.18958660063353,3.232291667,1.63125,,,,"88.9",1847,"6.4",824231,676439,518692,669242,571970,605141,606192,677950,663656,"54.08",,,,,,,,15,5,"Changeup",0,0,0,0,0,0,0,0,"Standard","Standard",134,"0.004","0.082",,,,,"-0.082",,0,0,0.509,0.509,29,26,30,27,1,0,6,2,6,1,"2.29","1.32","-1.32","41.0",,,,,
"CU","2026-08-28","81.4","1.78","6.17","Skubal, Tarik",679529,669373,,"ball",,,,,12,,"R","R","L","DET","LAD","B",,,1,2,2026,"-0.66","-0.65",0.5960868640608528,3.587995941261882,,,,2,2,"Bot",,,,,,,-1.338025836958904,-118.59117246700923,2.2059302656548754,-5.990318968550128,21.176969308110277,-38.890491252682494,3.232291667,1.63125,,,,"81.7",2593,"6.3",824231,676439,518692,669242,571970,605141,606192,677950,663656,"54.23",,,,,,,,15,4,"Curveball",0,0,0,0,0,0,0,0,"Standard","Standard",320,"0.001","0.041",,,,,"-0.041",,0,0,0.508,0.508,29,26,30,27,1,0,6,2,6,1,"4.06","-0.66","0.66","51.8",,,,,
"CH","2026-08-28","88.8","2.07","5.95","Skubal, Tarik",679529,669373,,"foul",,,,,2,,"R","R","L","DET","LAD","S",,,1,1,2026,"1.35","0.64",-0.07041812209526266,2.94362547999689,,,,2,2,"Bot",,,,,,,-8.063660594184672,-129.10820534415143,-2.4367372821848257,16.847272388068834,28.00046011715227,-24.727062920607317,3.232291667,1.63125,36,"65.3",-1,"88.7",1917,"6.3",824231,676439,518692,669242,571970,605141,606192,677950,663656,"54.15",,,,,,,,15,3,"Changeup",0,0,0,0,0,0,0,0,"Standard","Standard",133,"-0.002","-0.065",,,,,"0.065","88.0",0,0,0.51,0.51,29,26,30,27,1,0,6,2,6,1,"2.27","1.35","-1.35","43.4",,,,,
"CH","2026-08-28","87.4","2.21","5.99","Skubal, Tarik",679529,669373,,"called_strike",,,,,12,,"R","R","L","DET","LAD","S",,,1,0,2026,"1.2","0.57",0.9576335927695716,2.627651118887251,,,,2,2,"Bot",,,,,,,-5.487922145459057,-127.21575221484643,-2.925510626661889,14.153952138361833,26.20382975334885,-25.59328191761379,3.232291667,1.63125,,,,"87.4",1885,"6.3",824231,676439,518692,669242,571970,605141,606192,677950,663656,"54.22",,,,,,,,15,2,"Changeup",0,0,0,0,0,0,0,0,"Standard","Standard",126,"-0.002","-0.056",,,,,"0.056",,0,0,0.512,0.512,29,26,30,27,1,0,6,2,6,1,"2.41","1.2","-1.2","40.1",,,,,
"SL","2026-08-28","89.8","2.14","5.94","Skubal, Tarik",679529,669373,,"ball",,,,,12,,"R","R","L","DET","LAD","B",,,0,0,2026,"-0.29","0.01",1.0611613274018852,2.6118311042908577,,,,2,2,"Bot",,,,,,,-2.0181700828439353,-130.88183023612413,-2.112823487609399,-2.967648379337596,26.891759485635806,-31.81392230087023,3.232291667,1.63125,,,,"90.5",2188,"6.6",824231,676439,518692,669242,571970,605141,606192,677950,663656,"53.9",,,,,,,,15,1,"Slider",0,0,0,0,0,0,0,0,"Standard","Standard",220,"0.001","0.041",,,,,"-0.041",,0,0,0.511,0.511,29,26,30,27,1,0,6,2,6,1,"2.8","-0.29","0.29","42.6",,,,,
"FF","2026-08-28","96.3","1.65","6.13","Skubal, Tarik",701162,669373,"field_out","hit_into_play",,,,,5,"Ben Malgeri flies out to right fielder Kyle Tucker.","R","R","L","DET","LAD","X",9,"fly_ball",1,0,2026,"0.35","1.46",0.24862139109788112,2.4847544810533195,,,,1,2,"Bot",184.58,89.57,,,,,-4.485704513304866,-140.1040771185525,-7.2363764364872365,5.703189013318911,32.49127909374967,-11.534775281608503,3.234924541,1.63257874,307,"95.2",43,"96.3",2414,"6.4",824231,676439,518692,669242,571970,605141,606192,677950,663656,"54.12",0.02,0.034,"0",1,0,0,3,14,2,"4-Seam Fastball",0,0,0,0,0,0,0,0,"Standard","Standard",157,"-0.02","-0.303","71.2","6.6",,0.063,"0.303","95.2",0,0,0.531,0.531,29,26,30,26,1,0,6,4,6,1,"1.01","0.35","-0.35","51.5",9.698564090383147,9.576610634307363,34.33299105584232,38.63830245778674,30.846382774090188
"FF","2026-08-28","97.1","1.64","6.16","Skubal, Tarik",701162,669373,,"ball",,,,,9,,"R","R","L","DET","LAD","B",,,0,0,2026,"0.32","1.51",0.7494841422445967,1.669977635358805,,,,1,2,"Bot",,,,,,,-3.108097270708289,-141.08519807651072,-9.731903248559634,4.96986525649597,32.5801099357157,-9.953325833877575,3.234924541,1.63257874,,,,"97.2",2467,"6.4",824231,676439,518692,669242,571970,605141,606192,677950,663656,"54.05",,,,,,,,14,1,"4-Seam Fastball",0,0,0,0,0,0,0,0,"Standard","Standard",155,"0.003","0.041",,,,,"-0.041",,0,0,0.528,0.528,29,26,30,26,1,0,6,4,6,1,"0.92","0.32","-0.32","55.2",,,,,
"CH","2026-08-28","89.5","2.06","5.91","Skubal, Tarik",680664,669373,"strikeout","swinging_strike_blocked",,,,,13,"Eduardo Valencia strikes out swinging.","R","R","L","DET","LAD","S",2,,1,2,2026,"1.06","0.51",-0.47067059726437943,0.33468748437944185,,,,0,2,"Bot",,,,,,,-8.426207243406086,-129.88824775317659,-8.575322173806097,13.752687794863267,25.68657811227494,-24.75332479352624,3.256865158,1.643651575,,,,"89.6",1776,"6.3",824231,676439,518692,669242,571970,605141,606192,677950,663656,"54.15",,0,"0",1,0,0,,13,4,"Changeup",0,0,0,0,0,0,0,0,"Infield shade","Standard",132,"-0.016","-0.187","73.7","8.9","4.534086048",,"0.187",,0,0,0.544,0.544,29,26,30,26,1,0,6,3,6,1,"2.33","1.06","-1.06","40.5",21.523983272908524,-24.971142281412032,46.05753894411561,35.12914106384751,41.88058968350566
"CH","2026-08-28","89.4","2.02","5.99","Skubal, Tarik",680664,669373,,"ball",,,,,13,,"R","R","L","DET","LAD","B",,,0,2,2026,"1.39","0.39",-0.06071264658202047,0.6524247841656181,,,,0,2,"Bot",,,,,,,-8.030390930326469,-129.76967828154397,-7.6939545762548605,17.33233538906203,26.217542439077956,-26.382903706096798,3.256865158,1.643651575,,,,"89.4",1619,"6.4",824231,676439,518692,669242,571970,605141,606192,677950,663656,"54.12",,,,,,,,13,3,"Changeup",0,0,0,0,0,0,0,0,"Infield shade","Standard",135,"0.002","0.022",,,,,"-0.022",,0,0,0.542,0.542,29,26,30,26,1,0,6,3,6,1,"2.47","1.39","-1.39","43.1",,,,,
"FF","2026-08-28","97.1","1.38","6.17","Skubal, Tarik",680664,669373,,"called_strike",,,,,4,,"R","R","L","DET","LAD","S",,,0,1,2026,"0.16","1.48",-0.3461057705887016,2.3554949411311648,,,,0,2,"Bot",,,,,,,-4.93236091400811,-141.12798587563094,-7.89441107841294,3.2201268595296306,32.05290187599772,-10.79346750804754,3.256865158,1.643651575,,,,"97.3",2255,"6.5",824231,676439,518692,669242,571970,605141,606192,677950,663656,"54.03",,,,,,,,13,2,"4-Seam Fastball",0,0,0,0,0,0,0,0,"Infield shade","Standard",161,"-0.006","-0.053",,,,,"0.053",,0,0,0.548,0.548,29,26,30,26,1,0,6,3,6,1,"0.94","0.16","-0.16","53.0",,,,,
"FF","2026-08-28","96.5","1.77","6.15","Skubal, Tarik",680664,669373,,"called_strike",,,,,4,,"R","R","L","DET","LAD","S",,,0,0,2026,"0.19","1.56",-0.36273778469359663,2.2516997075157583,,,,0,2,"Bot",,,,,,,-6.060432864765038,-140.2944488104516,-8.204225720721714,3.8660870771308087,31.142818626098755,-9.940338821051453,3.256865158,1.643651575,,,,"96.9",2255,"6.5",824231,676439,518692,669242,571970,605141,606192,677950,663656,"54",,,,,,,,13,1,"4-Seam Fastball",0,0,0,0,0,0,0,0,"Infield shade","Standard",155,"-0.003","-0.042",,,,,"0.042",,0,0,0.551,0.551,29,26,30,26,1,0,6,3,6,1,"0.89","0.19","-0.19","49.8",,,,,
"FF","2026-08-28","97.8","1.73","6.19","Skubal, Tarik",693307,669373,"field_out","hit_into_play",,,,,4,"Dillon Dingler flies out to center fielder Alek Thomas.","R","R","L","DET","LAD","X",8,"fly_ball",2,1,2026,"0.41","1.37",-0.7589844636472856,2.4483408082382105,,650402,,2,1,"Bot",113.21,71.68,,,,,-7.599604162594552,-142.05162027042653,-7.535119685101114,7.42002229772832,35.48700318042951,-12.058519273570488,3.271784777,1.651181102,318,"89.3",41,"97.5",2288,"6.4",824231,676439,518692,669242,571970,605141,606192,677950,663656,"54.06",0.003,0.004,"0",1,0,0,3,9,4,"4-Seam Fastball",0,0,0,0,0,0,0,0,"Standard","Standard",157,"-0.034","-0.3","67.0","7.0",,0.006,"0.3","89.3",0,0,0.534,0.534,29,27,30,28,1,0,6,2,6,1,"1.04","0.41","-0.41","50.9",6.4794232755766945,-14.65886082629691,44.480995735874025,27.82083060446368,29.641075852739938
"CH","2026-08-28","88.4","2.27","5.83","Skubal, Tarik",693307,669373,,"swinging_strike",,,,,9,,"R","R","L","DET","LAD","S",,,2,0,2026,"1.5","0.19",0.580100297664196,1.8062851951082082,,650402,,2,1,"Bot",,,,,,,-7.254809642018562,-128.44003665829808,-3.787182772214629,18.176921430015813,30.809114231497837,-29.458274158576657,3.271784777,1.651181102,,,,"87.9",1737,"6.4",824231,676439,518692,669242,571970,605141,606192,677950,663656,"54.07",,,,,,,,9,3,"Changeup",0,0,0,0,0,0,0,0,"Standard","Standard",132,"-0.002","-0.028","77.2","8.0","1.877826348",,"0.028",,0,0,0.536,0.536,29,27,30,28,1,0,6,2,6,1,"2.78","1.5","-1.5","41.0",22.125578835882326,-17.237709150559237,36.254447495284104,42.862108393703664,44.32052533667546
"FF","2026-08-28","97.4","1.61","6.18","Skubal, Tarik",693307,669373,,"ball",,,,,11,,"R","R","L","DET","LAD","B",,,1,0,2026,"0.39","1.48",-0.3233904598267718,3.5044974023186706,,650402,,2,1,"Bot",,,,,,,-6.053118512463474,-141.62254243818143,-4.875264025675312,6.7079777715604125,35.00384734750982,-11.42793479607909,3.271784777,1.651181102,,,,"97.2",2355,"6.4",824231,676439,518692,669242,571970,605141,606192,677950,663656,"54.1",,,,,,,,9,2,"4-Seam Fastball",0,0,0,0,0,0,0,0,"Standard","Standard",154,"0.002","0.022",,,,,"-0.022",,0,0,0.534,0.534,29,27,30,28,1,0,6,2,6,1,"0.95","0.39","-0.39","52.1",,,,,
"CH","2026-08-28","88.7","2.19","5.89","Skubal, Tarik",693307,669373,,"ball",,,,,14,,"R","R","L","DET","LAD","B",,,0,0,2026,"1.41","0.43",1.1362114997813528,2.2410977628868287,,650402,,2,1,"Bot",,,,,,,-5.52493110075144,-128.9929891709999,-3.508027793826907,16.843463741660194,29.233983603022807,-26.80187177927884,3.271784777,1.651181102,,,,"88.3",1765,"6.3",824231,676439,518692,669242,571970,605141,606192,677950,663656,"54.24",,,,,,,,9,1,"Changeup",0,0,0,0,0,0,0,0,"Standard","Standard",132,"0.001","0.024",,,,,"-0.024",,0,0,0.533,0.533,29,27,30,28,1,0,6,2,6,1,"2.49","1.41","-1.41","38.2",,,,,
"CH","2026-08-28","90.7","2.02","5.81","Skubal, Tarik",805808,669373,"strikeout","swinging_strike",,,,,9,"Kevin McGonigle strikes out swinging.","R","L","L","DET","LAD","S",2,,1,2,2026,"1.4","0.19",0.2795311248643306,1.5327270475203596,,650402,,1,1,"Bot",,,,,,,-7.363197106479086,-131.6830016352558,-4.843962845146731,17.931919180233432,31.193298314008647,-29.05876116880264,3.085728346,1.557283465,,,,"90.4",1786,"6.5",824231,676439,518692,669242,571970,605141,606192,677950,663656,"53.99",,0,"0",1,0,0,,8,4,"Changeup",0,0,0,0,0,0,0,0,"Standard","Standard",135,"-0.024","-0.201","75.6","7.2","0.952793568",,"0.201",,0,0,0.557,0.557,29,21,30,22,1,0,6,2,6,1,"2.62","1.4","1.4","42.0",14.532943604963451,0.2684723182410525,38.18802232874706,31.997844273251935,34.058092410581224
"FF","2026-08-28","98.1","1.48","6.34","Skubal, Tarik",805808,669373,,"ball",,,,,11,,"R","L","L","DET","LAD","B",,,0,2,2026,"0.36","1.39",-0.09421535553153093,3.7382155044776217,,650402,,1,1,"Bot",,,,,,,-5.034192938091334,-142.73062443876697,-4.608755206299093,6.119511017637341,35.523199623024276,-12.299914407968686,3.085728346,1.557283465,,,,"97.6",2374,"6.2",824231,676439,518692,669242,571970,605141,606192,677950,663656,"54.32",,,,,,,,8,3,"4-Seam Fastball",0,0,0,0,0,0,0,0,"Standard","Standard",161,"0.004","0.029",,,,,"-0.029",,0,0,0.553,0.553,29,21,30,22,1,0,6,2,6,1,"0.99","0.36","0.36","51.2",,,,,
"FF","2026-08-28","97.5","1.7","6.21","Skubal, Tarik",805808,669373,,"foul",,,,,5,,"R","L","L","DET","LAD","S",,,0,1,2026,"0.11","1.37",-0.1756520456033305,2.4203609379622195,,650402,,1,1,"Bot",,,,,,,-5.252256664603572,-141.65823610275433,-7.616219607151878,2.7827858898686566,35.03029394462705,-12.119732915136826,3.085728346,1.557283465,222,"77.6",24,"97.3",2333,"6.5",824231,676439,518692,669242,571970,605141,606192,677950,663656,"54.04",,,,,,,,8,2,"4-Seam Fastball",0,0,0,0,0,0,0,0,"Standard","Standard",156,"-0.009","-0.067","67.7","6.1",,,"0.067","88.0",0,0,0.562,0.562,29,21,30,22,1,0,6,2,6,1,"1.05","0.11","0.11","52.4",-5.653189165178996,20.849074581748866,37.01762287401536,38.705183628130925,15.99521403661386
"FF","2026-08-28","97.1","1.62","6.27","Skubal, Tarik",805808,669373,,"swinging_strike",,,,,1,,"R","L","L","DET","LAD","S",,,0,0,2026,"-0.08","1.4",-0.35052559559875796,3.1717540661333943,,650402,,1,1,"Bot",,,,,,,-5.01551265392885,-141.3178133334259,-5.816561581008789,0.04567004861342212,32.39951098411596,-12.251863841842189,3.085728346,1.557283465,,,,"97.1",2272,"6.3",824231,676439,518692,669242,571970,605141,606192,677950,663656,"54.18",,,,,,,,8,1,"4-Seam Fastball",0,0,0,0,0,0,0,0,"Standard","Standard",155,"-0.005","-0.045","61.6","5.5","0.24470526",,"0.045",,0,0,0.567,0.567,29,21,30,22,1,0,6,2,6,1,"1.02","-0.08","-0.08","51.5",-0.9997677765728693,35.08843980937882,29.56904719983801,40.92644804849027,13.295714715019805
"CH","2026-08-28","87.5","2.07","5.9","Skubal, Tarik",701678,669373,"strikeout","called_strike",,,,,7,"Hao-Yu Lee called out on strikes.","R","R","L","DET","LAD","S",2,,2,2,2026,"1.1","0.63",-0.40156783586608813,1.7776300809162877,,650402,,0,1,"Bot",,,,,,,-8.185587415896865,-127.21447644475725,-4.901151130049418,13.661331768730859,25.791639692148685,-24.46050446365985,3.087483596,1.558169291,,,,"87.5",1873,"6.3",824231,676439,518692,669242,571970,605141,606192,677950,663656,"54.2",,0,"0",1,0,0,,7,6,"Changeup",0,0,0,0,0,0,0,0,"Standard","Standard",133,"-0.034","-0.283",,,,,"0.283",,0,0,0.601,0.601,29,23,30,23,1,0,6,2,6,1,"2.35","1.1","-1.1","39.3",,,,,
"FF","2026-08-28","97.4","1.48","6.28","Skubal, Tarik",701678,669373,,"ball",,,,,11,,"R","R","L","DET","LAD","B",,,1,2,2026,"0.04","1.31",-1.0300682247888258,3.734354040832523,,650402,,0,1,"Bot",,,,,,,-6.735192335819865,-141.66591700924724,-4.195950583833174,2.1335314396065383,33.015866354957836,-13.7234300202743,3.087483596,1.558169291,,,,"97.3",2249,"6.3",824231,676439,518692,669242,571970,605141,606192,677950,663656,"54.21",,,,,,,,7,5,"4-Seam Fastball",0,0,0,0,0,0,0,0,"Standard","Standard",160,"0.006","0.024",,,,,"-0.024",,0,0,0.595,0.595,29,23,30,23,1,0,6,2,6,1,"1.09","0.04","-0.04","58.1",,,,,
"CH","2026-08-28","87.4","2.12","5.85","Skubal, Tarik",701678,669373,,"foul",,,,,8,,"R","R","L","DET","LAD","S",,,1,2,2026,"1.47","0.25",0.13078205981890623,1.702469381813572,,650402,,0,1,"Bot",,,,,,,-7.823259044885887,-126.91765703014262,-4.058573480807874,17.553170653906655,27.75792358152908,-28.7989275245789,3.087483596,1.558169291,2,"74.5",-40,"87.1",1741,"6.4",824231,676439,518692,669242,571970,605141,606192,677950,663656,"54.14",,,,,,,,7,4,"Changeup",0,0,0,0,0,0,0,0,"Standard","Standard",128,"0","0","81.5","7.9",,,"0","88.0",0,0,0.595,0.595,29,23,30,23,1,0,6,2,6,1,"2.76","1.47","-1.47","37.7",13.373746834965159,-22.347303647689664,28.989557384063577,34.52713637457431,42.74924487500267
"CH","2026-08-28","86.7","2.16","5.87","Skubal, Tarik",701678,669373,,"swinging_strike",,,,,14,,"R","R","L","DET","LAD","S",,,1,1,2026,"1.53","0.02",0.7316465864942558,1.0808757464661904,,650402,,0,1,"Bot",,,,,,,-6.544272716589444,-125.96663104844653,-4.986196548408883,17.615560987419652,26.794313904905582,-31.133007127420136,3.087483596,1.558169291,,,,"86.5",1757,"6.3",824231,676439,518692,669242,571970,605141,606192,677950,663656,"54.16",,,,,,,,7,3,"Changeup",0,0,0,0,0,0,0,0,"Standard","Standard",132,"-0.01","-0.051","72.9","8.0","2.200892172",,"0.051",,0,0,0.605,0.605,29,23,30,23,1,0,6,2,6,1,"3.04","1.53","-1.53","39.2",14.365487808379426,-6.979440281830046,28.74312486878022,42.58425786802212,40.20016076857908
"FF","2026-08-28","96.1","1.52","6.24","Skubal, Tarik",701678,669373,,"ball",,,,,11,,"R","R","L","DET","LAD","B",,,0,1,2026,"0.18","1.55",-0.3699225919037941,3.6514647481590465,,650402,,0,1,"Bot",,,,,,,-5.354101045699443,-139.7901651830418,-4.613880117847566,3.5783141072541116,32.677962321722134,-11.062317218373922,3.087483596,1.558169291,,,,"96",2273,"6.3",824231,676439,518692,669242,571970,605141,606192,677950,663656,"54.19",,,,,,,,7,2,"4-Seam Fastball",0,0,0,0,0,0,0,0,"Standard","Standard",151,"0.004","0.013",,,,,"-0.013",,0,0,0.601,0.601,29,23,30,23,1,0,6,2,6,1,"0.93","0.18","-0.18","53.6",,,,,
"CH","2026-08-28","88.6","2.08","5.94","Skubal, Tarik",701678,669373,,"called_strike",,,,,5,,"R","R","L","DET","LAD","S",,,0,0,2026,"1.39","0.34",0.08436551335664455,2.4028312979689748,,650402,,0,1,"Bot",,,,,,,-7.751939517052145,-128.74582640126505,-3.056427371343689,17.049355717662927,27.01111343590043,-27.90305903430434,3.087483596,1.558169291,,,,"88.5",1794,"6.3",824231,676439,518692,669242,571970,605141,606192,677950,663656,"54.18",,,,,,,,7,1,"Changeup",0,0,0,0,0,0,0,0,"Standard","Standard",127,"-0.006","-0.035",,,,,"0.035",,0,0,0.607,0.607,29,23,30,23,1,0,6,2,6,1,"2.57","1.39","-1.39","40.9",,,,,
"FF","2026-08-28","96.4","1.6","6.22","Skubal, Tarik",650402,669373,"double","hit_into_play",,,,,5,"Gleyber Torres doubles (11) on a sharp line drive to center fielder Alek Thomas.","R","R","L","DET","LAD","X",8,"line_drive",1,0,2026,"0.04","1.52",-0.020184613120822495,2.2401418274021667,,,,0,1,"Bot",103.63,46.83,,,,,-4.347588613473867,-140.17428217603555,-8.291666566830964,1.54444316973384,30.818873742842793,-10.411253309045355,3.12960958,1.579429134,380,"105.1",20,"96.6",2312,"6.4",824231,676439,518692,669242,571970,605141,606192,677950,663656,"54.14",0.594,0.793,"1.25",1,1,1,6,6,2,"4-Seam Fastball",0,0,0,0,0,0,0,0,"Infield shade","Standard",157,"0.056","0.662","71.9","7.3",,1.295,"-0.662","105.1",0,0,0.551,0.551,29,29,30,30,1,0,6,2,6,1,"0.93","0.04","-0.04","50.4",10.286148912971045,8.158460104211892,34.305744569822075,35.069225895261305,31.244045840665915
"FF","2026-08-28","95.5","1.6","6.17","Skubal, Tarik",650402,669373,,"ball",,,,,12,,"R","R","L","DET","LAD","B",,,0,0,2026,"0.14","1.32",0.6959141689972629,3.2846512697954164,,,,0,1,"Bot",,,,,,,-2.683231081879634,-139.05363760962138,-4.840967633212366,2.4333636284958424,29.073676081175787,-14.133606294859336,3.12960958,1.579429134,,,,"96",2413,"6.4",824231,676439,518692,669242,571970,605141,606192,677950,663656,"54.12",,,,,,,,6,1,"4-Seam Fastball",0,0,0,0,0,0,0,0,"Infield shade","Standard",157,"0.003","0.043",,,,,"-0.043",,0,0,0.548,0.548,29,29,30,30,1,0,6,2,6,1,"1.16","0.14","-0.14","50.7",,,,,
"FF","2026-08-22","98.1","1.45","6.29","Skubal, Tarik",680779,669373,"field_out","hit_into_play",,,,,5,"Henry Davis flies out sharply to left fielder Teoscar Hernández.","R","R","L","LAD","PIT","X",7,"fly_ball",1,1,2026,"0.61","1.25",-0.16080399300591453,2.116984349909667,,,,2,7,"Top",54.8,107.03,,,,,-5.734754826795726,-142.70153931262288,-8.592394083447639,9.544591007289409,28.446693482399795,-13.324713327992715,3.187532808,1.608661417,287,"106.1",54,"98.7",2436,"6.4",823910,666163,518692,669242,571970,605141,606192,677950,663656,"54.14",0.014,0.018,"0",1,0,0,3,57,3,"4-Seam Fastball",4,3,3,4,3,4,3,4,"Standard","Standard",152,"0.02","-0.245","80.4","7.8",,0.032,"0.245","106.1",1,-1,0.769,0.231,29,26,30,27,3,2,6,1,6,3,"1.09","0.61","-0.61","52.2",17.05255275029475,-19.252998284325322,36.467982263273896,36.2646700641222,35.36749045617374
"SL","2026-08-22","91.6","2.01","6.06","Skubal, Tarik",680779,669373,,"swinging_strike",,,,,14,,"R","R","L","LAD","PIT","S",,,1,0,2026,"-0.38","0.26",0.03255901598000904,1.2265243591303765,,,,2,7,"Top",,,,,,,-4.103313748774821,-133.32574319121835,-6.723583680738106,-3.791726141444753,26.431543695774113,-27.858084470962364,3.187532808,1.608661417,,,,"92.1",2250,"6.4",823910,666163,518692,669242,571970,605141,606192,677950,663656,"54.13",,,,,,,,57,2,"Slider",4,3,3,4,3,4,3,4,"Standard","Standard",159,"0.003","-0.056","25.6","6.0","4.621032468",,"0.056",,1,-1,0.766,0.234,29,26,30,27,3,2,6,1,6,3,"2.43","-0.38","0.38","44.7",8.485095272678578,34.4196501842609,30.711351249832155,37.126427515133216,11.85451118157965
"FF","2026-08-22","96.7","1.56","6.25","Skubal, Tarik",680779,669373,,"ball",,,,,12,,"R","R","L","LAD","PIT","B",,,0,0,2026,"0.47","1.39",1.1687520255795667,3.5462439268880273,,,,2,7,"Top",,,,,,,-2.101305736749483,-140.80458114752005,-4.700953320531202,6.687251746798545,31.450520602329554,-12.860266619979168,3.187532808,1.608661417,,,,"96.7",2388,"6.2",823910,666163,518692,669242,571970,605141,606192,677950,663656,"54.28",,,,,,,,57,1,"4-Seam Fastball",4,3,3,4,3,4,3,4,"Standard","Standard",154,"-0.002","0.041",,,,,"-0.041",,1,-1,0.768,0.232,29,26,30,27,3,2,6,1,6,3,"1.04","0.47","-0.47","50.2",,,,,
"SI","2026-08-22","99.5","1.62","6.25","Skubal, Tarik",669707,669373,"field_out","hit_into_play",,,,,1,"Jared Triolo pops out to second baseman Tommy Edman.","R","R","L","LAD","PIT","X",4,"popup",2,2,2026,"0.86","1.18",-0.3877936176984387,3.442818552174307,,,,1,7,"Top",156.01,125.91,,,,,-7.4906946203142,-144.71957299973448,-4.955793931082598,13.768706042566304,31.42398897918607,-14.590909469352885,3.342872375,1.687057087,201,"77.2",57,"99.8",2293,"6.3",823910,666163,518692,669242,571970,605141,606192,677950,663656,"54.2",0.051,0.058,"0",1,0,0,3,56,7,"Sinker",4,3,3,4,3,4,3,4,"Standard","Standard",148,"0.027","-0.235","71.2","7.0",,0.08,"0.235","88.0",1,-1,0.741,0.259,29,28,30,28,3,2,6,1,6,1,"1.11","0.86","-0.86","48.5",5.1947087443427,-1.8137208940520295,34.472633868254505,30.407044987314833,27.662391867049145
"SL","2026-08-22","92.2","2","6.07","Skubal, Tarik",669707,669373,,"foul",,,,,2,,"R","R","L","LAD","PIT","S",,,2,2,2026,"-0.31","0.37",-0.16979233483735878,3.36485038387959,,,,1,7,"Top",,,,,,,-4.771752630450492,-134.36778727200647,-1.7496789278572917,-2.8358533403154857,25.566848363279394,-27.538984729122078,3.342872375,1.687057087,145,"60.9",59,"92.9",2107,"6.3",823910,666163,518692,669242,571970,605141,606192,677950,663656,"54.16",,,,,,,,56,6,"Slider",4,3,3,4,3,4,3,4,"Standard","Standard",175,"0","0","67.8","6.8",,,"0","88.0",1,-1,0.741,0.259,29,28,30,28,3,2,6,1,6,1,"2.28","-0.31","0.31","43.5",0.3457062817952717,10.72404718066861,34.94435052100182,32.57454563341659,21.89288726947322
"CH","2026-08-22","90","2.05","6.02","Skubal, Tarik",669707,669373,,"foul",,,,,8,,"R","R","L","LAD","PIT","S",,,2,2,2026,"1.13","0.05",-0.17314937306231903,1.7288355239713868,,,,1,7,"Top",,,,,,,-7.880426819918625,-130.85986351087539,-4.56007136462587,14.655433879076721,26.155748609896243,-30.906220899499576,3.342872375,1.687057087,,,,"90.1",1898,"6.3",823910,666163,518692,669242,571970,605141,606192,677950,663656,"54.21",,,,,,,,56,5,"Changeup",4,3,3,4,3,4,3,4,"Standard","Standard",133,"0","0","73.8","8.1",,,"0",,1,-1,0.741,0.259,29,28,30,28,3,2,6,1,6,1,"2.76","1.13","-1.13","40.8",7.509449634562852,-8.11232732915677,42.87813308341182,32.716170164886044,32.01144472168994
"FF","2026-08-22","99.1","1.6","6.37","Skubal, Tarik",669707,669373,,"ball",,,,,11,,"R","R","L","LAD","PIT","B",,,1,2,2026,"0.04","1.3",-1.3385915366050372,3.9417195680611425,,,,1,7,"Top",,,,,,,-8.015655489734831,-144.06232144183932,-4.091695365823457,2.4645041978677606,34.655934882863775,-13.363345924662818,3.342872375,1.687057087,,,,"98.8",2392,"6.3",823910,666163,518692,669242,571970,605141,606192,677950,663656,"54.22",,,,,,,,56,4,"4-Seam Fastball",4,3,3,4,3,4,3,4,"Standard","Standard",158,"-0.005","0.053",,,,,"-0.053",,1,-1,0.746,0.254,29,28,30,28,3,2,6,1,6,1,"1.04","0.04","-0.04","50.6",,,,,
"SI","2026-08-22","97.6","1.65","6.21","Skubal, Tarik",669707,669373,,"foul",,,,,2,,"R","R","L","LAD","PIT","S",,,1,1,2026,"1.1","1.13",0.1279964797468527,2.9093895879472007,,,,1,7,"Top",,,,,,,-6.605923150588869,-141.94169135984617,-5.8080711746508005,16.397556966250225,32.70433659525606,-15.708189220608718,3.342872375,1.687057087,223,"74.9",28,"97.5",2333,"6.3",823910,666163,518692,669242,571970,605141,606192,677950,663656,"54.2",,,,,,,,56,3,"Sinker",4,3,3,4,3,4,3,4,"Standard","Standard",149,"0.008","-0.071","71.7","7.3",,,"0.071","88.0",1,-1,0.738,0.262,29,28,30,28,3,2,6,1,6,1,"1.26","1.1","-1.1","46.8",3.7815737074850606,2.6485548986511684,38.17566350849522,37.4052733198452,25.436735277130687
"FF","2026-08-22","97.9","1.62","6.28","Skubal, Tarik",669707,669373,,"ball",,,,,11,,"R","R","L","LAD","PIT","B",,,0,1,2026,"0.46","1.36",-0.8450059428951026,3.2689114369477332,,,,1,7,"Top",,,,,,,-7.659112810542821,-142.39344439635212,-5.642409686407836,8.044893769350681,32.574000034013046,-12.50899363947729,3.342872375,1.687057087,,,,"98",2354,"6.4",823910,666163,518692,669242,571970,605141,606192,677950,663656,"54.14",,,,,,,,56,2,"4-Seam Fastball",4,3,3,4,3,4,3,4,"Standard","Standard",144,"-0.003","0.032",,,,,"-0.032",,1,-1,0.741,0.259,29,28,30,28,3,2,6,1,6,1,"1.02","0.46","-0.46","49.0",,,,,
"SL","2026-08-22","91.3","2.05","6.05","Skubal, Tarik",669707,669373,,"called_strike",,,,,6,,"R","R","L","LAD","PIT","S",,,0,0,2026,"-0.13","0.3",0.4849965346381298,2.283823624896306,,,,1,7,"Top",,,,,,,-3.6192556139074,-133.03165656435692,-4.074446691024199,-0.8010196292965784,26.54601793823942,-28.030510188094304,3.342872375,1.687057087,,,,"91.7",2139,"6.3",823910,666163,518692,669242,571970,605141,606192,677950,663656,"54.19",,,,,,,,56,1,"Slider",4,3,3,4,3,4,3,4,"Standard","Standard",174,"0.005","-0.041",,,,,"0.041",,1,-1,0.736,0.264,29,28,30,28,3,2,6,1,6,1,"2.42","-0.13","0.13","41.0",,,,,
"CH","2026-08-22","87.8","2.13","6.04","Skubal, Tarik",694377,669373,"field_out","hit_into_play",,,,,14,"Nick Yorke grounds out, shortstop Mookie Betts to first baseman Freddie Freeman.","R","R","L","LAD","PIT","X",6,"ground_ball",2,2,2026,"1.25","0.48",0.88574872240108,2.273792156460432,,,,0,7,"Top",111.24,156.88,,,,,-5.576051155971802,-127.68454813903756,-3.773854820860725,14.817677849488213,26.441113233670404,-26.304552439481228,3.185777559,1.607775591,5,"71.2",-23,"87.5",1902,"6.2",823910,666163,518692,669242,571970,605141,606192,677950,663656,"54.34",0.038,0.034,"0",1,0,0,2,55,5,"Changeup",4,3,3,4,3,4,3,4,"Standard","Standard",131,"0.037","-0.233","72.8","7.7",,0.039,"0.233","88.0",1,-1,0.699,0.301,29,24,30,24,3,2,6,3,6,1,"2.48","1.25","-1.25","40.9",9.371971900604777,1.6414495310283959,30.704634304201125,45.06325778243614,30.412333718956184
"FF","2026-08-22","98.4","1.43","6.3","Skubal, Tarik",694377,669373,,"ball",,,,,13,,"R","R","L","LAD","PIT","B",,,1,2,2026,"0.66","1.41",-0.6268677493590226,1.101940670219183,,,,0,7,"Top",,,,,,,-7.050729998878059,-142.70325993500032,-11.681104512422557,10.589296114493312,32.02984577875517,-10.401905905769574,3.185777559,1.607775591,,,,"98.5",2561,"6.5",823910,666163,518692,669242,571970,605141,606192,677950,663656,"54",,,,,,,,55,4,"4-Seam Fastball",4,3,3,4,3,4,3,4,"Standard","Standard",155,"-0.006","0.046",,,,,"-0.046",,1,-1,0.705,0.295,29,24,30,24,3,2,6,3,6,1,"0.96","0.66","-0.66","54.1",,,,,
"FF","2026-08-22","97","1.49","6.44","Skubal, Tarik",694377,669373,,"foul_tip",,,,,12,,"R","R","L","LAD","PIT","S",,,1,1,2026,"0.52","1.43",0.07300273187776651,3.474699967316311,,,,0,7,"Top",,,,,,,-4.950369820802199,-141.24564383485028,-5.551442286893368,8.053826872501709,30.90295530505819,-11.936135706780517,3.185777559,1.607775591,,,,"97.1",2465,"6.2",823910,666163,518692,669242,571970,605141,606192,677950,663656,"54.27",,,,,,,,55,3,"4-Seam Fastball",4,3,3,4,3,4,3,4,"Standard","Standard",157,"0.011","-0.061","74.4","6.9",,,"0.061",,1,-1,0.694,0.306,29,24,30,24,3,2,6,3,6,1,"0.98","0.52","-0.52","53.7",5.193382550554159,7.184075552607046,29.522297886815686,35.100275808477875,20.702141397626292
"CH","2026-08-22","87","1.91","6.12","Skubal, Tarik",694377,669373,,"called_strike",,,,,12,,"R","R","L","LAD","PIT","S",,,1,0,2026,"1.16","0.62",0.9464064868771915,3.0334439260136614,,,,0,7,"Top",,,,,,,-4.7056956753406585,-126.64105837085471,-2.328822178903545,13.464304671811957,26.00316695182641,-25.222431777483962,3.185777559,1.607775591,,,,"87",1900,"6.3",823910,666163,518692,669242,571970,605141,606192,677950,663656,"54.24",,,,,,,,55,2,"Changeup",4,3,3,4,3,4,3,4,"Standard","Standard",132,"0.009","-0.055",,,,,"0.055",,1,-1,0.685,0.315,29,24,30,24,3,2,6,3,6,1,"2.39","1.16","-1.16","44.2",,,,,
"FF","2026-08-22","96","1.53","6.27","Skubal, Tarik",694377,669373,,"ball",,,,,14,,"R","R","L","LAD","PIT","B",,,0,0,2026,"0.38","1.47",0.5111746764044127,1.3557238188581513,,,,0,7,"Top",,,,,,,-3.542979925331967,-139.44291228439656,-10.546939118955903,5.795273830080571,30.88664959127319,-10.850746457927091,3.185777559,1.607775591,,,,"96.3",2459,"6.5",823910,666163,518692,669242,571970,605141,606192,677950,663656,"53.97",,,,,,,,55,1,"4-Seam Fastball",4,3,3,4,3,4,3,4,"Standard","Standard",159,"-0.007","0.043",,,,,"-0.043",,1,-1,0.692,0.308,29,24,30,24,3,2,6,3,6,1,"1.01","0.38","-0.38","53.0",,,,,
"FF","2026-08-22","100","1.55","6.38","Skubal, Tarik",663968,669373,"strikeout","foul_tip",,,,,1,"Jake Mangum strikes out on a foul tip.","R","R","L","LAD","PIT","S",2,,1,2,2026,"0.34","1.48",-0.2823502612428349,2.944834865344972,,,,2,6,"Top",,,,,,,-5.811128226646216,-145.4401907617286,-7.452403326606213,6.138011812500499,32.892530854253806,-9.530449391198623,3.179634186,1.604675197,,,,"100.3",2509,"6.4",823910,666163,518692,669242,571970,605141,606192,677950,663656,"54.12",,0,"0",1,0,0,,50,4,"4-Seam Fastball",4,3,3,4,3,4,3,4,"Standard","Standard",157,"0.012","-0.18","69.3","5.3",,,"0.18",,1,-1,0.728,0.272,29,30,30,30,3,2,6,1,6,2,"0.79","0.34","-0.34","51.6",-10.802207181561206,44.13652656951518,29.40652929352525,34.09490628692314,8.770483275949864
"FF","2026-08-22","97.3","1.5","6.3","Skubal, Tarik",663968,669373,,"swinging_strike",,,,,2,,"R","R","L","LAD","PIT","S",,,1,1,2026,"0.4","1.48",-0.1675927994786946,3.1250129350277573,,,,2,6,"Top",,,,,,,-5.33632520461245,-141.57849569112102,-6.249942728779599,6.551891415752894,32.3877101359291,-11.035962214796651,3.179634186,1.604675197,,,,"97.3",2400,"6.3",823910,666163,518692,669242,571970,605141,606192,677950,663656,"54.21",,,,,,,,50,3,"4-Seam Fastball",4,3,3,4,3,4,3,4,"Standard","Standard",152,"0.004","-0.065","58.3","4.9","0.437622468",,"0.065",,1,-1,0.724,0.276,29,30,30,30,3,2,6,1,6,2,"0.93","0.4","-0.4","50.4",-19.66873106179177,53.24071756551697,31.42846134043414,35.21811507667721,-3.565074141738866
"SL","2026-08-22","91.2","1.85","6.12","Skubal, Tarik",663968,669373,,"foul_tip",,,,,7,,"R","R","L","LAD","PIT","S",,,1,0,2026,"-0.19","0.51",-0.7834429170758199,1.9490175701702064,,,,2,6,"Top",,,,,,,-6.127311409165818,-132.66682225600468,-5.522206991525735,-1.054310859140224,25.875607132762106,-25.17636191756442,3.179634186,1.604675197,,,,"91.5",2270,"6.3",823910,666163,518692,669242,571970,605141,606192,677950,663656,"54.21",,,,,,,,50,2,"Slider",4,3,3,4,3,4,3,4,"Standard","Standard",160,"0.003","-0.056","71.3","7.5",,,"0.056",,1,-1,0.721,0.279,29,30,30,30,3,2,6,1,6,2,"2.21","-0.19","0.19","47.8",13.201803547390274,-17.82298197742833,30.89814757008846,28.404034934943834,35.345198277015946
"FF","2026-08-22","97.3","1.46","6.31","Skubal, Tarik",663968,669373,,"ball",,,,,13,,"R","R","L","LAD","PIT","B",,,0,0,2026,"0.41","1.46",-0.1394107620166189,1.1291756284093442,,,,2,6,"Top",,,,,,,-5.192543810907148,-141.22485203169026,-11.473040130616265,6.68672088366609,31.43066264191075,-10.181285426914016,3.179634186,1.604675197,,,,"97.1",2377,"6.3",823910,666163,518692,669242,571970,605141,606192,677950,663656,"54.22",,,,,,,,50,1,"4-Seam Fastball",4,3,3,4,3,4,3,4,"Standard","Standard",156,"-0.002","0.041",,,,,"-0.041",,1,-1,0.723,0.277,29,30,30,30,3,2,6,1,6,2,"0.95","0.41","-0.41","50.5",,,,,
"CH","2026-08-22","88.4","1.97","6.06","Skubal, Tarik",804668,669373,"strikeout","swinging_strike_blocked",,,,,14,"Rafael Flores Jr. strikes out swinging.","R","R","L","LAD","PIT","S",2,,1,2,2026,"1.24","0.02",0.8452118069654004,0.6839832699395387,,,,1,6,"Top",,,,,,,-5.333395868393557,-128.42447203142834,-6.697378837919099,14.833181717759876,29.863130245808176,-30.59059395285445,3.349015748,1.69015748,,,,"87.8",1875,"6.3",823910,666163,518692,669242,571970,605141,606192,677950,663656,"54.23",,0,"0",1,0,0,,49,4,"Changeup",4,3,3,4,3,4,3,4,"Standard","Standard",131,"0.019","-0.182","73.1","8.9","24.638433108",,"0.182",,1,-1,0.704,0.296,29,25,30,26,3,2,6,1,6,1,"2.93","1.24","-1.24","41.8",32.90169274865772,-41.76228758430158,39.344548615129,47.66088058768054,65.18491999397045
"FF","2026-08-22","96.8","1.7","6.28","Skubal, Tarik",804668,669373,,"foul",,,,,12,,"R","R","L","LAD","PIT","S",,,1,1,2026,"0.56","1.41",0.42003872801800146,3.9792128425538946,,,,1,6,"Top",,,,,,,-4.674155507884879,-140.9070213989395,-3.726850806020011,8.449228040963474,29.981658092861096,-12.73377535320745,3.349015748,1.69015748,,,,"97.3",2478,"6.4",823910,666163,518692,669242,571970,605141,606192,677950,663656,"54.09",,,,,,,,49,3,"4-Seam Fastball",4,3,3,4,3,4,3,4,"Standard","Standard",153,"0.007","-0.071","70.8","6.6",,,"0.071",,1,-1,0.697,0.303,29,25,30,26,3,2,6,1,6,1,"1.01","0.56","-0.56","51.6",17.3286245839149,16.83289462152322,30.144737409447004,42.22013495105167,19.826186684650903
"SL","2026-08-22","91.9","1.96","6.17","Skubal, Tarik",804668,669373,,"called_strike",,,,,6,,"R","R","L","LAD","PIT","S",,,1,0,2026,"-0.3","0.4",0.39618173782977484,2.6058389286196952,,,,1,6,"Top",,,,,,,-3.2682725810698523,-133.89483406617938,-3.9496582708449517,-3.0379336636357426,24.4944433577423,-26.798437818795044,3.349015748,1.69015748,,,,"92.7",2192,"6.4",823910,666163,518692,669242,571970,605141,606192,677950,663656,"54.12",,,,,,,,49,2,"Slider",4,3,3,4,3,4,3,4,"Standard","Standard",174,"0.005","-0.05",,,,,"0.05",,1,-1,0.692,0.308,29,25,30,26,3,2,6,1,6,1,"2.26","-0.3","0.3","48.8",,,,,
"FF","2026-08-22","98.4","1.51","6.39","Skubal, Tarik",804668,669373,,"ball",,,,,14,,"R","R","L","LAD","PIT","B",,,0,0,2026,"0.38","1.48",0.007218628021320672,1.5085992649146083,,,,1,6,"Top",,,,,,,-4.930352835960048,-142.89906440361577,-11.033849414507248,6.31479948230207,31.444407810882137,-9.527892975203807,3.349015748,1.69015748,,,,"98.8",2452,"6.5",823910,666163,518692,669242,571970,605141,606192,677950,663656,"53.99",,,,,,,,49,1,"4-Seam Fastball",4,3,3,4,3,4,3,4,"Standard","Standard",157,"-0.004","0.041",,,,,"-0.041",,1,-1,0.696,0.304,29,25,30,26,3,2,6,1,6,1,"0.87","0.38","-0.38","53.5",,,,,
"CH","2026-08-22","90.7","1.94","6.16","Skubal, Tarik",665833,669373,"strikeout","swinging_strike",,,,,5,"Oneil Cruz strikes out swinging.","R","L","L","LAD","PIT","S",2,,2,2,2026,"0.71","0.37",0.052545534706520236,2.3706728150930245,,,,0,6,"Top",,,,,,,-6.166536419596719,-132.06323473433434,-4.168059538954296,9.559678550900301,26.32476900225664,-27.16721346305276,3.515764436,1.774311024,,,,"90.7",2008,"6.1",823910,666163,518692,669242,571970,605141,606192,677950,663656,"54.41",,0,"0",1,0,0,,48,6,"Changeup",4,3,3,4,3,4,3,4,"Infield shade","Standard",141,"0.031","-0.233","80.2","9.1","4.85206188",,"0.233",,1,-1,0.665,0.335,29,27,30,28,3,2,6,1,6,1,"2.38","0.71","0.71","41.7",25.287197526055145,-53.540304226936136,29.20358608866033,34.39266054311702,61.49964318590298
"CU","2026-08-22","84.5","1.72","6.28","Skubal, Tarik",665833,669373,,"ball",,,,,13,,"R","L","L","LAD","PIT","B",,,1,2,2026,"-0.96","-0.32",-0.1788685316636438,0.3202808853718486,,,,0,6,"Top",,,,,,,-2.4342446964318474,-122.9753330571443,-6.637955373770603,-9.29380734498631,23.457561737685545,-34.363176590381904,3.515764436,1.774311024,,,,"85",2696,"6.5",823910,666163,518692,669242,571970,605141,606192,677950,663656,"53.97",,,,,,,,48,5,"Curveball",4,3,3,4,3,4,3,4,"Infield shade","Standard",327,"-0.006","0.046",,,,,"-0.046",,1,-1,0.671,0.329,29,27,30,28,3,2,6,1,6,1,"3.5","-0.96","-0.96","51.1",,,,,
"FF","2026-08-22","98.6","1.66","6.35","Skubal, Tarik",665833,669373,,"foul",,,,,1,,"R","L","L","LAD","PIT","S",,,1,2,2026,"0.16","1.58",-0.3055730217385731,3.1273002372537233,,,,0,6,"Top",,,,,,,-5.6603121674711225,-143.31968469585945,-6.8367620210892825,3.5888053305429954,33.804616235115624,-8.996716133001692,3.515764436,1.774311024,228,"78.2",25,"98.6",2576,"6.4",823910,666163,518692,669242,571970,605141,606192,677950,663656,"54.11",,,,,,,,48,4,"4-Seam Fastball",4,3,3,4,3,4,3,4,"Infield shade","Standard",152,"0","0","67.8","5.5",,,"0","88.0",1,-1,0.671,0.329,29,27,30,28,3,2,6,1,6,1,"0.77","0.16","0.16","50.7",-18.4611310603893,25.11297617618559,34.983105102440256,39.337805375642404,10.738304839061232
"SI","2026-08-22","96.7","1.45","6.36","Skubal, Tarik",665833,669373,,"called_strike",,,,,5,,"R","L","L","LAD","PIT","S",,,1,1,2026,"1.09","1.13",0.128448342936877,2.57720579752419,,,,0,6,"Top",,,,,,,-6.012444531400891,-140.65161745170542,-6.944629645312714,15.799035326504526,32.3759085509668,-15.759296375610626,3.515764436,1.774311024,,,,"97",2343,"6.5",823910,666163,518692,669242,571970,605141,606192,677950,663656,"53.99",,,,,,,,48,3,"Sinker",4,3,3,4,3,4,3,4,"Infield shade","Standard",153,"0.009","-0.061",,,,,"0.061",,1,-1,0.662,0.338,29,27,30,28,3,2,6,1,6,1,"1.31","1.09","1.09","53.0",,,,,
"FF","2026-08-22","96.8","1.46","6.43","Skubal, Tarik",665833,669373,,"called_strike",,,,,6,,"R","L","L","LAD","PIT","S",,,1,0,2026,"0.05","1.57",0.5223031458963021,2.9544191068525723,,,,0,6,"Top",,,,,,,-2.608453208010115,-140.7950184557624,-7.132657001339703,1.3501828337809725,33.625876741797235,-9.873293938069832,3.515764436,1.774311024,,,,"96.6",2516,"6.3",823910,666163,518692,669242,571970,605141,606192,677950,663656,"54.19",,,,,,,,48,2,"4-Seam Fastball",4,3,3,4,3,4,3,4,"Infield shade","Standard",159,"0.008","-0.055",,,,,"0.055",,1,-1,0.654,0.346,29,27,30,28,3,2,6,1,6,1,"0.87","0.05","0.05","52.7",,,,,
"CU","2026-08-22","81.9","1.69","6.25","Skubal, Tarik",665833,669373,,"ball",,,,,14,,"R","L","L","LAD","PIT","B",,,0,0,2026,"-0.64","-0.57",0.8421660790385598,2.332600166501116,,,,0,6,"Top",,,,,,,-0.6407816267911647,-119.30857177727678,-0.9940548577887596,-6.0088753365763266,21.55546759631374,-37.701914325124186,3.515764436,1.774311024,,,,"82.1",2609,"6.2",823910,666163,518692,669242,571970,605141,606192,677950,663656,"54.29",,,,,,,,48,1,"Curveball",4,3,3,4,3,4,3,4,"Infield shade","Standard",316,"-0.006","0.043",,,,,"-0.043",,1,-1,0.66,0.34,29,27,30,28,3,2,6,1,6,1,"3.95","-0.64","-0.64","51.9",,,,,
"SL","2026-08-22","91.3","2.05","6.17","Skubal, Tarik",668804,669373,"strikeout","called_strike",,,,,7,"Bryan Reynolds called out on strikes.","R","R","L","LAD","PIT","S",2,,1,2,2026,"-0.39","0.33",-0.750846656443874,1.9864375854460432,,,699013,2,5,"Top",,,,,,,-6.142884523743316,-132.9829320333495,-5.231671433352525,-3.466967179121228,25.011534721577682,-27.3813401468476,3.284071522,1.65738189,,,,"92.2",2221,"6.5",823910,666163,518692,669242,571970,605141,606192,677950,663656,"54.01",,0,"0",1,0,0,,41,4,"Slider",2,3,3,2,3,2,3,2,"Standard","Standard",168,"0.017","-0.196",,,,,"0.196",,-1,1,0.398,0.602,29,31,30,31,3,2,6,1,6,1,"2.37","-0.39","0.39","44.9",,,,,
"FF","2026-08-22","96.8","1.68","6.21","Skubal, Tarik",668804,669373,,"foul",,,,,7,,"R","R","L","LAD","PIT","S",,,1,1,2026,"0.37","1.4",-0.6124883612683553,2.0492739918737946,,,699013,2,5,"Top",,,,,,,-6.927701514769202,-140.7687125360979,-8.655955169134806,6.411014947721649,28.401831630323603,-11.75621757045932,3.284071522,1.65738189,,,,"97.7",2335,"6.6",823910,666163,518692,669242,571970,605141,606192,677950,663656,"53.91",,,,,,,,41,3,"4-Seam Fastball",2,3,3,2,3,2,3,2,"Standard","Standard",154,"0.006","-0.067","74.3","6.5",,,"0.067",,-1,1,0.392,0.608,29,31,30,31,3,2,6,1,6,1,"1.01","0.37","-0.37","49.5",-8.928009104863396,12.673396173885461,46.04997292286895,28.56200344116209,13.865830711193
"FF","2026-08-22","95.8","1.56","6.3","Skubal, Tarik",668804,669373,,"foul",,,,,5,,"R","R","L","LAD","PIT","S",,,1,0,2026,"0.46","1.36",0.11763446222550633,2.7281823059185815,,,699013,2,5,"Top",,,,,,,-4.828567075538843,-139.27896555028235,-6.71934381626599,7.100202657026647,31.34821121232273,-13.170842600409548,3.284071522,1.65738189,255,"87.2",20,"95.9",2232,"6.4",823910,666163,518692,669242,571970,605141,606192,677950,663656,"54.07",,,,,,,,41,2,"4-Seam Fastball",2,3,3,2,3,2,3,2,"Standard","Standard",157,"0.003","-0.047","63.7","5.7",,,"0.047","88.0",-1,1,0.389,0.611,29,31,30,31,3,2,6,1,6,1,"1.13","0.46","-0.46","51.7",-17.827603434653042,34.31665100308202,39.09337710340878,36.79834077668447,10.168846525967686
"CH","2026-08-22","87.5","2","6.07","Skubal, Tarik",668804,669373,,"ball",,,,,13,,"R","R","L","LAD","PIT","B",,,0,0,2026,"1.18","0.38",-0.8065393151918527,1.199254833657692,,,699013,2,5,"Top",,,,,,,-9.156599314862785,-126.98801362630012,-6.081419997009549,14.712103455606918,27.12429313410764,-26.89949216090217,3.284071522,1.65738189,,,,"87.2",1905,"6.3",823910,666163,518692,669242,571970,605141,606192,677950,663656,"54.16",,,,,,,,41,1,"Changeup",2,3,3,2,3,2,3,2,"Standard","Standard",134,"-0.002","0.035",,,,,"-0.035",,-1,1,0.391,0.609,29,31,30,31,3,2,6,1,6,1,"2.62","1.18","-1.18","42.2",,,,,
"CH","2026-08-22","84.4","2.12","6.12","Skubal, Tarik",699013,669373,"walk","ball",,,,,12,"Esmerlyn Valdez walks.","R","R","L","LAD","PIT","B",,,3,1,2026,"0.84","0.39",1.0471667774551252,4.177586507333227,,,,2,5,"Top",,,,,,,-4.163233192337016,-122.93345262909556,1.187022184733577,9.348568305615117,23.362044721008235,-28.636396883995406,3.311277887,1.671112205,,,,"84.3",1885,"6.1",823910,666163,518692,669242,571970,605141,606192,677950,663656,"54.4",,0.698334,"0.7",1,0,0,,40,5,"Changeup",2,3,3,2,3,2,3,2,"Standard","Standard",135,"-0.008","0.195",,,,,"-0.195",,-1,1,0.399,0.601,29,22,30,22,3,2,6,3,6,1,"2.79","0.84","-0.84","42.6",,,,,
"CU","2026-08-22","81.1","1.64","6.27","Skubal, Tarik",699013,669373,,"ball",,,,,7,,"R","R","L","LAD","PIT","B",,,2,1,2026,"-0.7","-0.42",-0.7645452418677585,1.6504119305158151,,,,2,5,"Top",,,,,,,-3.943648769682813,-118.07149219629308,-2.651744531230576,-5.797263762872225,22.685886679016246,-35.788186801449775,3.311277887,1.671112205,,,,"81.2",2539,"6.3",823910,666163,518692,669242,571970,605141,606192,677950,663656,"54.15",,,,,,,,40,4,"Curveball",2,3,3,2,3,2,3,2,"Standard","Standard",326,"-0.004","0.1",,,,,"-0.1",,-1,1,0.403,0.597,29,22,30,22,3,2,6,3,6,1,"3.88","-0.7","0.7","54.2",,,,,
"FF","2026-08-22","97.5","1.53","6.32","Skubal, Tarik",699013,669373,,"ball",,,,,13,,"R","R","L","LAD","PIT","B",,,1,1,2026,"0.41","1.41",-0.7080538133092384,1.1611075768769403,,,,2,5,"Top",,,,,,,-6.874105390909397,-141.4125549240462,-11.301894057559524,7.065601296266709,32.99155394498603,-10.823972534629775,3.311277887,1.671112205,,,,"97.2",2394,"6.4",823910,666163,518692,669242,571970,605141,606192,677950,663656,"54.13",,,,,,,,40,3,"4-Seam Fastball",2,3,3,2,3,2,3,2,"Standard","Standard",150,"-0.002","0.055",,,,,"-0.055",,-1,1,0.405,0.595,29,22,30,22,3,2,6,3,6,1,"1.01","0.41","-0.41","49.3",,,,,
"FF","2026-08-22","96.4","1.43","6.38","Skubal, Tarik",699013,669373,,"called_strike",,,,,1,,"R","R","L","LAD","PIT","S",,,1,0,2026,"0.35","1.37",-0.3017529138549457,3.225680352356741,,,,2,5,"Top",,,,,,,-5.363463121329768,-140.29104591886704,-5.837353813701816,5.722712381400851,27.553833891736495,-12.982104354403784,3.311277887,1.671112205,,,,"97.2",2336,"6.5",823910,666163,518692,669242,571970,605141,606192,677950,663656,"54.03",,,,,,,,40,2,"4-Seam Fastball",2,3,3,2,3,2,3,2,"Standard","Standard",156,"0.002","-0.056",,,,,"0.056",,-1,1,0.403,0.597,29,22,30,22,3,2,6,3,6,1,"1.06","0.35","-0.35","54.4",,,,,
"FF","2026-08-22","96.4","1.62","6.33","Skubal, Tarik",699013,669373,,"ball",,,,,12,,"R","R","L","LAD","PIT","B",,,0,0,2026,"0.12","1.38",1.3642464931258282,2.583253175487888,,,,2,5,"Top",,,,,,,-0.9441926362018784,-140.39129536973041,-7.4403079388932705,1.765693755188101,27.285509106121136,-12.438908109967636,3.311277887,1.671112205,,,,"97.3",2196,"6.4",823910,666163,518692,669242,571970,605141,606192,677950,663656,"54.07",,,,,,,,40,1,"4-Seam Fastball",2,3,3,2,3,2,3,2,"Standard","Standard",157,"-0.001","0.041",,,,,"-0.041",,-1,1,0.404,0.596,29,22,30,22,3,2,6,3,6,1,"1.04","0.12","-0.12","53.4",,,,,
"FF","2026-08-22","96.9","1.64","6.34","Skubal, Tarik",693304,669373,"field_out","hit_into_play",,,,,1,"Nick Gonzales grounds out, second baseman Tommy Edman to first baseman Freddie Freeman.","R","R","L","LAD","PIT","X",4,"ground_ball",1,0,2026,"0.15","1.41",-0.3585837902430147,2.7231226313809613,,,,1,5,"Top",132.4,135.44,,,,,-5.624391498314478,-140.92452583218835,-7.202673082973841,3.2503132684167197,30.631971034759875,-11.993266611196452,3.05062336,1.539566929,119,"73.5",10,"97.3",2386,"6.4",823910,666163,518692,669242,571970,605141,606192,677950,663656,"54.07",0.274,0.247,"0",1,0,0,2,39,2,"4-Seam Fastball",2,3,3,2,3,2,3,2,"Standard","Standard",157,"0.021","-0.303","71.2","6.8",,0.278,"0.303","88.0",-1,1,0.383,0.617,29,27,30,27,3,2,6,1,6,1,"1.02","0.15","-0.15","54.8",-2.5160253400726367,16.277351912337465,36.75734529951458,30.769589860380172,19.140527818103614
"CU","2026-08-22","79.3","1.75","6.3","Skubal, Tarik",693304,669373,,"ball",,,,,12,,"R","R","L","LAD","PIT","B",,,0,0,2026,"-0.94","-0.33",0.6823370205366828,3.8174194204078025,,,,1,5,"Top",,,,,,,-0.5009949411471125,-115.503297550282,2.1035137264440036,-8.416245616146552,19.695261497972595,-35.7330298144356,3.05062336,1.539566929,,,,"79.6",2596,"6.2",823910,666163,518692,669242,571970,605141,606192,677950,663656,"54.26",,,,,,,,39,1,"Curveball",2,3,3,2,3,2,3,2,"Standard","Standard",318,"-0.003","0.041",,,,,"-0.041",,-1,1,0.386,0.614,29,27,30,27,3,2,6,1,6,1,"3.93","-0.94","0.94","52.3",,,,,
"CH","2026-08-22","89.5","1.93","6.18","Skubal, Tarik",680779,669373,"strikeout","swinging_strike_blocked",,,,,14,"Henry Davis strikes out swinging.","R","R","L","LAD","PIT","S",2,,0,2,2026,"1.38","0.15",0.383650123206251,0.5440423988843901,,,,0,5,"Top",,,,,,,-6.726758674056779,-129.9672440768749,-7.8622907530571355,17.102779458274092,28.89373380549646,-28.889964364468476,3.187532808,1.608661417,,,,"89.1",1952,"6.3",823910,666163,518692,669242,571970,605141,606192,677950,663656,"54.23",,0,"0",1,0,0,,38,3,"Changeup",2,3,3,2,3,2,3,2,"Standard","Standard",141,"0.014","-0.165","70.9","8.3","6.6467355",,"0.165",,-1,1,0.372,0.628,29,26,30,27,2,1,6,1,6,3,"2.72","1.38","-1.38","47.7",20.398673554012348,-26.661136151378926,33.91010173374173,42.02379755003696,44.74247955962845
"FF","2026-08-22","96.3","1.62","6.3","Skubal, Tarik",680779,669373,,"swinging_strike",,,,,11,,"R","R","L","LAD","PIT","S",,,0,1,2026,"0.01","1.49",-0.8452190765658336,3.2136642496553147,,,,0,5,"Top",,,,,,,-6.495575443753304,-140.04147219737092,-5.868217716811342,1.5306514264917488,30.866568582656974,-11.388173953752217,3.187532808,1.608661417,,,,"96.7",2387,"6.5",823910,666163,518692,669242,571970,605141,606192,677950,663656,"54.03",,,,,,,,38,2,"4-Seam Fastball",2,3,3,2,3,2,3,2,"Standard","Standard",155,"0.006","-0.053","43.4","4.3","2.933530212",,"0.053",,-1,1,0.366,0.634,29,26,30,27,2,1,6,1,6,3,"0.96","0.01","-0.01","51.2",-11.913027956327614,47.44300497977202,38.22504146584117,26.16950165039752,12.33148353793406
"FF","2026-08-22","96.3","1.63","6.3","Skubal, Tarik",680779,669373,,"called_strike",,,,,6,,"R","R","L","LAD","PIT","S",,,0,0,2026,"0.09","1.52",0.4823874666261061,2.4900695759059857,,,,0,5,"Top",,,,,,,-3.2279053883538733,-140.07043071466362,-7.826780442261798,1.9608128877236204,32.45875329173894,-10.584062937074268,3.187532808,1.608661417,,,,"96.5",2346,"6.5",823910,666163,518692,669242,571970,605141,606192,677950,663656,"54.03",,,,,,,,38,1,"4-Seam Fastball",2,3,3,2,3,2,3,2,"Standard","Standard",157,"0.004","-0.042",,,,,"0.042",,-1,1,0.362,0.638,29,26,30,27,2,1,6,1,6,3,"0.94","0.09","-0.09","51.8",,,,,
"FF","2026-08-22","98.5","1.64","6.3","Skubal, Tarik",669707,669373,"field_out","hit_into_play",,,,,11,"Jared Triolo pops out to first baseman Freddie Freeman in foul territory.","R","R","L","LAD","PIT","X",3,"popup",0,2,2026,"0.32","1.28",-0.5132026162536104,3.5293052195606753,,,,2,4,"Top",168.79,185.38,,,,,-6.5517741392576445,-143.33419650062643,-4.937483015734486,5.936645218602953,31.612889364295068,-13.570901952546862,3.342872375,1.687057087,112,"61.7",68,"98.8",2375,"6.3",823910,666163,518692,669242,571970,605141,606192,677950,663656,"54.17",0.001,0,"0",1,0,0,3,29,3,"4-Seam Fastball",0,3,3,0,3,0,3,0,"Standard","Standard",147,"0.004","-0.154","69.9","6.6",,0.001,"0.154","88.0",-3,3,0.212,0.788,29,28,30,28,2,1,6,1,6,1,"1.06","0.32","-0.32","48.5",6.5606095351037395,7.905767128129741,31.25284712614933,28.245928749624436,24.132747807507887
"FF","2026-08-22","97.1","1.59","6.32","Skubal, Tarik",669707,669373,,"foul",,,,,5,,"R","R","L","LAD","PIT","S",,,0,1,2026,"0.43","1.55",0.15072606074583383,2.3156711188809944,,,,2,4,"Top",,,,,,,-4.8255570624227975,-141.12101552402814,-8.550213261350896,6.887968190304648,31.544957992810314,-9.717343266277936,3.342872375,1.687057087,2,"53.5",-47,"97.2",2467,"6.4",823910,666163,518692,669242,571970,605141,606192,677950,663656,"54.1",,,,,,,,29,2,"4-Seam Fastball",0,3,3,0,3,0,3,0,"Standard","Standard",152,"0.002","-0.062","45.8","6.4",,,"0.062","88.0",-3,3,0.21,0.79,29,28,30,28,2,1,6,1,6,1,"0.87","0.43","-0.43","51.8",-29.79257624744113,25.93958066520722,45.90748673108577,35.23161273490861,3.137516670997548
"FF","2026-08-22","96.9","1.63","6.38","Skubal, Tarik",669707,669373,,"called_strike",,,,,3,,"R","R","L","LAD","PIT","S",,,0,0,2026,"0.3","1.54",0.5764426585557081,3.1125430555259195,,,,2,4,"Top",,,,,,,-3.47068868575952,-141.00841725290502,-6.575778705296672,4.816069347136755,31.04365020990908,-10.29951567125817,3.342872375,1.687057087,,,,"97",2488,"6.3",823910,666163,518692,669242,571970,605141,606192,677950,663656,"54.25",,,,,,,,29,1,"4-Seam Fastball",0,3,3,0,3,0,3,0,"Standard","Standard",157,"0.001","-0.044",,,,,"0.044",,-3,3,0.209,0.791,29,28,30,28,2,1,6,1,6,1,"0.88","0.3","-0.3","53.7",,,,,
"FF","2026-08-22","98.8","1.55","6.34","Skubal, Tarik",694377,669373,"strikeout","swinging_strike",,,,,2,"Nick Yorke strikes out swinging.","R","R","L","LAD","PIT","S",2,,0,2,2026,"0.32","1.55",-0.24376112436238762,3.0118476333029442,,,,1,4,"Top",,,,,,,-5.590552624644087,-143.7286227032875,-7.106118624614038,5.754277566349099,32.121219106881036,-9.26001177508308,3.185777559,1.607775591,,,,"99",2534,"6.4",823910,666163,518692,669242,571970,605141,606192,677950,663656,"54.15",,0,"0",1,0,0,,28,3,"4-Seam Fastball",0,3,3,0,3,0,3,0,"Standard","Standard",159,"0.006","-0.163","75.4","6.4","0.956737212",,"0.163",,-3,3,0.203,0.797,29,24,30,24,2,1,6,3,6,1,"0.78","0.32","-0.32","52.9",-5.038388200800325,19.221790783256257,34.295561105921614,30.765870138333383,19.43753750281103
"FF","2026-08-22","96.9","1.49","6.38","Skubal, Tarik",694377,669373,,"foul_tip",,,,,2,,"R","R","L","LAD","PIT","S",,,0,1,2026,"0.21","1.49",-0.1159403473300199,3.112021387425558,,,,1,4,"Top",,,,,,,-4.738876522537247,-141.03444327512796,-6.475238868520456,3.8773620108012867,30.590855300069542,-11.050862573738392,3.185777559,1.607775591,,,,"97.2",2478,"6.3",823910,666163,518692,669242,571970,605141,606192,677950,663656,"54.15",,,,,,,,28,2,"4-Seam Fastball",0,3,3,0,3,0,3,0,"Standard","Standard",156,"0.003","-0.058","74.0","6.4",,,"0.058",,-3,3,0.2,0.8,29,24,30,24,2,1,6,3,6,1,"0.93","0.21","-0.21","54.2",-3.757706699639287,19.922934465898546,33.950857082052245,32.620439046794644,16.0446529734451
"FF","2026-08-22","96.7","1.69","6.31","Skubal, Tarik",694377,669373,,"foul_tip",,,,,2,,"R","R","L","LAD","PIT","S",,,0,0,2026,"0.25","1.52",0.26965809172942506,2.786505471150984,,,,1,4,"Top",,,,,,,-4.338040845878047,-140.7255095723338,-7.184253277429404,4.329906382348246,31.192558738480656,-10.49506183491497,3.185777559,1.607775591,,,,"96.9",2391,"6.4",823910,666163,518692,669242,571970,605141,606192,677950,663656,"54.15",,,,,,,,28,1,"4-Seam Fastball",0,3,3,0,3,0,3,0,"Standard","Standard",157,"0.001","-0.041","78.3","7.6",,,"0.041",,-3,3,0.199,0.801,29,24,30,24,2,1,6,3,6,1,"0.91","0.25","-0.25","52.6",4.773125028065407,5.800941897832608,35.147517045486424,38.22530253483338,21.698112115947406
"CU","2026-08-22","82.2","1.65","6.25","Skubal, Tarik",663968,669373,"strikeout","swinging_strike_blocked",,,,,13,"Jake Mangum strikes out swinging, catcher Ben Rortvedt to first baseman Freddie Freeman.","R","R","L","LAD","PIT","S",2,,1,2,2026,"-0.68","-0.58",-0.1741977962699277,0.3531810927682075,,,,0,4,"Top",,,,,,,-2.761390687525922,-119.73464424053792,-5.479151622188863,-6.07029511147126,21.171165173598002,-36.995517988915395,3.179634186,1.604675197,,,,"82.9",2619,"6.5",823910,666163,518692,669242,571970,605141,606192,677950,663656,"54.02",,0,"0",1,0,0,,27,9,"Curveball",0,3,3,0,3,0,3,0,"Standard","Standard",325,"0.009","-0.187","58.7","8.5","2.344352448",,"0.187",,-3,3,0.19,0.81,29,30,30,30,2,1,6,1,6,2,"3.92","-0.68","0.68","55.5",16.93886070016262,-27.611825070673323,38.97631475278482,36.98340373755715,40.22392238116669
"CU","2026-08-22","80.8","1.53","6.35","Skubal, Tarik",663968,669373,,"foul",,,,,5,,"R","R","L","LAD","PIT","S",,,1,2,2026,"-0.87","-0.46",-0.028060946571947798,2.677860661792712,,,,0,4,"Top",,,,,,,-1.7524309154206457,-117.77975238412493,-0.5047797160892804,-7.852607382013298,20.63394173648521,-36.54665494289843,3.179634186,1.604675197,,,,"81.4",2643,"6.4",823910,666163,518692,669242,571970,605141,606192,677950,663656,"54.1",,,,,,,,27,8,"Curveball",0,3,3,0,3,0,3,0,"Standard","Standard",326,"0","0","64.6","7.6",,,"0",,-3,3,0.19,0.81,29,30,30,30,2,1,6,1,6,2,"3.91","-0.87","0.87","54.0",19.72539392999634,-18.220443348800536,23.937123537777175,38.48594184377504,38.434437401920036
"CH","2026-08-22","90.4","2.07","6.18","Skubal, Tarik",663968,669373,,"foul",,,,,14,,"R","R","L","LAD","PIT","S",,,1,2,2026,"1.19","0.76",1.0104075858175032,1.4164139144141863,,,,0,4,"Top",,,,,,,-5.200552254443236,-131.423780111864,-7.314236627256692,14.940167197902776,27.516132143395314,-22.037880013419812,3.179634186,1.604675197,152,"69.9",18,"90.4",2082,"6.3",823910,666163,518692,669242,571970,605141,606192,677950,663656,"54.18",,,,,,,,27,7,"Changeup",0,3,3,0,3,0,3,0,"Standard","Standard",136,"0","0","70.8","7.6",,,"0","88.0",-3,3,0.19,0.81,29,30,30,30,2,1,6,1,6,2,"2.03","1.19","-1.19","44.4",-0.3665997402370067,-1.5222114935567832,34.94906116778337,50.672991417433835,22.170102338445417
"SL","2026-08-22","91.9","2.09","6.19","Skubal, Tarik",663968,669373,,"foul",,,,,6,,"R","R","L","LAD","PIT","S",,,1,2,2026,"-0.2","0.43",0.7100771419498796,2.408444778665549,,,,0,4,"Top",,,,,,,-3.01446359625512,-133.83599759894798,-4.502976265390638,-1.7613842965795172,26.569324438527207,-26.305474577520688,3.179634186,1.604675197,207,"73.4",35,"92.3",2185,"6.3",823910,666163,518692,669242,571970,605141,606192,677950,663656,"54.21",,,,,,,,27,6,"Slider",0,3,3,0,3,0,3,0,"Standard","Standard",166,"0","0","62.5","6.3",,,"0","88.0",-3,3,0.19,0.81,29,30,30,30,2,1,6,1,6,2,"2.25","-0.2","0.2","45.3",-18.43822660865284,28.639701246804712,28.954808292841935,45.9506681883485,3.437309835101299
"FF","2026-08-22","97.3","1.53","6.42","Skubal, Tarik",663968,669373,,"foul",,,,,11,,"R","R","L","LAD","PIT","S",,,1,2,2026,"0.17","1.29",-0.9214060335293398,3.6412428707906455,,,,0,4,"Top",,,,,,,-6.897770763534452,-141.6464190961168,-4.840048980534736,3.719720019031474,27.580106039819533,-13.816884431064267,3.179634186,1.604675197,170,"81.6",13,"98",2531,"6.3",823910,666163,518692,669242,571970,605141,606192,677950,663656,"54.2",,,,,,,,27,5,"4-Seam Fastball",0,3,3,0,3,0,3,0,"Standard","Standard",160,"0","0",,,,,"0","88.0",-3,3,0.19,0.81,29,30,30,30,2,1,6,1,6,2,"1.09","0.17","-0.17","54.3",,,,,
"CH","2026-08-22","88.9","1.97","6.2","Skubal, Tarik",663968,669373,,"foul",,,,,13,,"R","R","L","LAD","PIT","S",,,1,2,2026,"0.92","0.43",-0.07815432705367586,1.3901573324218002,,,,0,4,"Top",,,,,,,-6.933295344493037,-129.2036600457294,-6.421301250074669,11.772986340391423,25.827299260242494,-26.16791220105526,3.179634186,1.604675197,2,"77.7",-38,"89.1",1927,"6.4",823910,666163,518692,669242,571970,605141,606192,677950,663656,"54.11",,,,,,,,27,4,"Changeup",0,3,3,0,3,0,3,0,"Standard","Standard",137,"0","0","79.1","7.2",,,"0","88.0",-3,3,0.19,0.81,29,30,30,30,2,1,6,1,6,2,"2.45","0.92","-0.92","43.7",0.19057139973793047,-10.510746296587445,40.863809453634474,36.15860851763771,31.093789526941567
"FF","2026-08-22","96","1.44","6.34","Skubal, Tarik",663968,669373,,"foul",,,,,11,,"R","R","L","LAD","PIT","S",,,1,1,2026,"0.12","1.42",-0.879327999739353,2.565477812736462,,,,0,4,"Top",,,,,,,-6.330508061729217,-139.592020074295,-7.480526250736726,2.8331729244290527,28.875776256760613,-12.09772368204359,3.179634186,1.604675197,180,"70.2",58,"96.3",2422,"6.3",823910,666163,518692,669242,571970,605141,606192,677950,663656,"54.16",,,,,,,,27,3,"4-Seam Fastball",0,3,3,0,3,0,3,0,"Standard","Standard",158,"0.003","-0.061",,,,,"0.061","88.0",-3,3,0.187,0.813,29,30,30,30,2,1,6,1,6,2,"1.04","0.12","-0.12","54.0",,,,,
"SL","2026-08-22","90.7","1.88","6.26","Skubal, Tarik",663968,669373,,"foul",,,,,7,,"R","R","L","LAD","PIT","S",,,1,0,2026,"-0.21","0.39",-0.5248404175146432,2.0325348143750386,,,,0,4,"Top",,,,,,,-5.491885182793466,-132.16748910223924,-5.366512967182483,-1.5003439642524452,23.745528135114327,-26.803109977715966,3.179634186,1.604675197,,,,"91.6",2431,"6.4",823910,666163,518692,669242,571970,605141,606192,677950,663656,"54.08",,,,,,,,27,2,"Slider",0,3,3,0,3,0,3,0,"Standard","Standard",161,"0.003","-0.055","76.1","8.0",,,"0.055",,-3,3,0.184,0.816,29,30,30,30,2,1,6,1,6,2,"2.34","-0.21","0.21","50.9",16.006352729916404,-23.221172376508896,28.338912282221578,31.83793291455564,38.125309419576745
"FF","2026-08-22","95.9","1.53","6.33","Skubal, Tarik",663968,669373,,"ball",,,,,14,,"R","R","L","LAD","PIT","B",,,0,0,2026,"0.32","1.41",0.9600219464514201,1.4324438398840553,,,,0,4,"Top",,,,,,,-2.218014943103746,-139.41786467423137,-10.339428747974122,4.701139347623725,29.97479990173472,-11.716196379559795,3.179634186,1.604675197,,,,"96.2",2478,"6.4",823910,666163,518692,669242,571970,605141,606192,677950,663656,"54.11",,,,,,,,27,1,"4-Seam Fastball",0,3,3,0,3,0,3,0,"Standard","Standard",157,"-0.002","0.043",,,,,"-0.043",,-3,3,0.186,0.814,29,30,30,30,2,1,6,1,6,2,"1.07","0.32","-0.32","51.9",,,,,
"SL","2026-08-22","93.1","2.15","6.11","Skubal, Tarik",804668,669373,"strikeout","swinging_strike",,,,,13,"Rafael Flores Jr. strikes out swinging.","R","R","L","LAD","PIT","S",2,,3,2,2026,"-0.33","0.41",-0.21121733951837884,1.3760208365663644,,,,2,3,"Top",,,,,,,-5.246968551609712,-135.58761881714517,-7.136135622923565,-3.149768899215383,25.38415405519727,-25.827944668495494,3.349015748,1.69015748,,,,"93.8",2278,"6.3",823910,666163,518692,669242,571970,605141,606192,677950,663656,"54.16",,0,"0",1,0,0,,21,6,"Slider",0,3,3,0,3,0,3,0,"Standard","Standard",150,"0.008","-0.303","77.8","8.6","0.949504164",,"0.303",,-3,3,0.228,0.772,29,25,30,26,2,1,6,1,6,1,"2.18","-0.33","0.33","43.9",22.34712286346532,-22.397036195040325,39.784877302525736,34.78949256138126,46.447491061871276
"SL","2026-08-22","92.2","1.84","6.19","Skubal, Tarik",804668,669373,,"ball",,,,,13,,"R","R","L","LAD","PIT","B",,,2,2,2026,"-0.36","0.25",-1.8595093683049835,0.5471543393981908,,,,2,3,"Top",,,,,,,-8.481240419333515,-133.89605143049943,-8.819983624173084,-2.769836237528689,25.51435258269305,-27.577200042862618,3.349015748,1.69015748,,,,"92.6",2299,"6.4",823910,666163,518692,669242,571970,605141,606192,677950,663656,"54.1",,,,,,,,21,5,"Slider",0,3,3,0,3,0,3,0,"Standard","Standard",167,"-0.002","0.082",,,,,"-0.082",,-3,3,0.23,0.77,29,25,30,26,2,1,6,1,6,1,"2.42","-0.36","0.36","47.5",,,,,
"CH","2026-08-22","90.2","1.92","6.12","Skubal, Tarik",804668,669373,,"ball",,,,,13,,"R","R","L","LAD","PIT","B",,,1,2,2026,"1.29","0.57",-0.052313492818896634,1.0645368041086325,,,,2,3,"Top",,,,,,,-7.603072537143865,-131.01337552254955,-7.556408544706729,16.422769773574657,27.811792088704244,-24.170078694007202,3.349015748,1.69015748,,,,"90.1",2026,"6.3",823910,666163,518692,669242,571970,605141,606192,677950,663656,"54.16",,,,,,,,21,4,"Changeup",0,3,3,0,3,0,3,0,"Standard","Standard",135,"-0.001","0.041",,,,,"-0.041",,-3,3,0.231,0.769,29,25,30,26,2,1,6,1,6,1,"2.24","1.29","-1.29","45.2",,,,,
"FF","2026-08-22","97.1","1.6","6.31","Skubal, Tarik",804668,669373,,"swinging_strike",,,,,1,,"R","R","L","LAD","PIT","S",,,1,1,2026,"0.07","1.51",-0.614535573129657,3.109867084968012,,,,2,3,"Top",,,,,,,-6.005058570195416,-141.23414961850676,-6.356997532260929,2.28623833019404,32.15674564933454,-10.680771898909487,3.349015748,1.69015748,,,,"97.2",2527,"6.4",823910,666163,518692,669242,571970,605141,606192,677950,663656,"54.11",,,,,,,,21,3,"4-Seam Fastball",0,3,3,0,3,0,3,0,"Standard","Standard",161,"0.002","-0.065","74.3","7.0","0.1",,"0.065",,-3,3,0.229,0.771,29,25,30,26,2,1,6,1,6,1,"0.91","0.07","-0.07","53.8",13.996305429450265,3.755354053913847,40.13324365602547,30.408985514451395,28.6612290244791
"SL","2026-08-22","91.3","1.76","6.22","Skubal, Tarik",804668,669373,,"ball",,,,,11,,"R","R","L","LAD","PIT","B",,,0,1,2026,"-0.33","0.37",-1.171123789678433,2.7960740729558156,,,,2,3,"Top",,,,,,,-6.500670667592624,-132.88264592971066,-3.368656536555418,-2.7444518406990004,25.432869308623477,-27.30954092859337,3.349015748,1.69015748,,,,"91.1",2194,"5.9",823910,666163,518692,669242,571970,605141,606192,677950,663656,"54.56",,,,,,,,21,2,"Slider",0,3,3,0,3,0,3,0,"Standard","Standard",186,"-0.001","0.03",,,,,"-0.03",,-3,3,0.23,0.77,29,25,30,26,2,1,6,1,6,1,"2.34","-0.33","0.33","46.9",,,,,
"FF","2026-08-22","97.2","1.64","6.35","Skubal, Tarik",804668,669373,,"foul",,,,,12,,"R","R","L","LAD","PIT","S",,,0,0,2026,"0.08","1.47",1.0189698271792809,2.6738211743071143,,,,2,3,"Top",,,,,,,-1.812361827993289,-141.42632286521666,-7.522619661153117,1.454352653678128,31.746798730153564,-10.96995687073925,3.349015748,1.69015748,220,"77.3",46,"97.3",2357,"6.3",823910,666163,518692,669242,571970,605141,606192,677950,663656,"54.17",,,,,,,,21,1,"4-Seam Fastball",0,3,3,0,3,0,3,0,"Standard","Standard",154,"0.001","-0.044","67.1","7.7",,,"0.044","88.0",-3,3,0.229,0.771,29,25,30,26,2,1,6,1,6,1,"0.94","0.08","-0.08","55.8",9.865618455239874,8.98909871679807,33.01655952050574,49.81901202968048,25.781853476655215
"CU","2026-08-22","81.8","1.65","6.31","Skubal, Tarik",665833,669373,"strikeout","swinging_strike",,,,,4,"Oneil Cruz strikes out swinging.","R","L","L","LAD","PIT","S",2,,1,2,2026,"-0.73","-0.68",-0.507673575625485,2.3205771738397356,,,,1,3,"Top",,,,,,,-3.376797363456443,-119.18801904773913,-0.8680212083375953,-6.28798058960301,23.250832287793894,-38.673510377850434,3.515764436,1.774311024,,,,"81.9",2748,"6.3",823910,666163,518692,669242,571970,605141,606192,677950,663656,"54.17",,0,"0",1,0,0,,20,5,"Curveball",0,3,3,0,3,0,3,0,"Infield shade","Standard",329,"0.007","-0.182","68.6","8.3","3.638794836",,"0.182",,-3,3,0.222,0.778,29,27,30,28,2,1,6,1,6,1,"4.08","-0.73","-0.73","53.8",22.530487461814865,-39.36839522189657,29.27302703620076,39.33243424259325,58.100383722495536
"CH","2026-08-22","90.5","1.81","6.32","Skubal, Tarik",665833,669373,,"foul",,,,,5,,"R","L","L","LAD","PIT","S",,,1,2,2026,"0.9","0.55",-0.2599262914876802,2.3629749295076534,,,,1,3,"Top",,,,,,,-7.036037796308645,-131.63977697533576,-4.932227507206235,11.952127970454164,25.730124959117436,-24.939103183289347,3.515764436,1.774311024,80,"75.7",79,"90.5",1920,"6.1",823910,666163,518692,669242,571970,605141,606192,677950,663656,"54.38",,,,,,,,20,4,"Changeup",0,3,3,0,3,0,3,0,"Infield shade","Standard",142,"0","0","78.6","8.0",,,"0","88.0",-3,3,0.222,0.778,29,27,30,28,2,1,6,1,6,1,"2.22","0.9","0.9","46.9",16.97439499595591,-27.374877527441704,27.766436537026102,37.71295647490878,51.5229999214029
"FF","2026-08-22","99.4","1.5","6.46","Skubal, Tarik",665833,669373,,"ball",,,,,11,,"R","L","L","LAD","PIT","B",,,0,2,2026,"0.11","1.39",-0.5753590916582683,3.8997838703352414,,,,1,3,"Top",,,,,,,-5.887903039461083,-144.71044453968173,-4.770868310383729,2.896413770899523,31.607939302877398,-11.629513283470395,3.515764436,1.774311024,,,,"99.6",2546,"6.2",823910,666163,518692,669242,571970,605141,606192,677950,663656,"54.27",,,,,,,,20,3,"4-Seam Fastball",0,3,3,0,3,0,3,0,"Infield shade","Standard",161,"-0.001","0.019",,,,,"-0.019",,-3,3,0.223,0.777,29,27,30,28,2,1,6,1,6,1,"0.9","0.11","0.11","51.1",,,,,
"FF","2026-08-22","97.7","1.61","6.44","Skubal, Tarik",665833,669373,,"called_strike",,,,,3,,"R","L","L","LAD","PIT","S",,,0,1,2026,"0.05","1.31",0.5667398808820276,3.157093149261753,,,,1,3,"Top",,,,,,,-2.9098796449351756,-142.34807368965394,-6.281603475151899,1.3057798299759267,29.024453129713205,-13.14871063621503,3.515764436,1.774311024,,,,"98.3",2451,"6.3",823910,666163,518692,669242,571970,605141,606192,677950,663656,"54.21",,,,,,,,20,2,"4-Seam Fastball",0,3,3,0,3,0,3,0,"Infield shade","Standard",157,"0.003","-0.058",,,,,"0.058",,-3,3,0.22,0.78,29,27,30,28,2,1,6,1,6,1,"1.05","0.05","0.05","50.6",,,,,
"SI","2026-08-22","97.6","1.62","6.29","Skubal, Tarik",665833,669373,,"called_strike",,,,,9,,"R","L","L","LAD","PIT","S",,,0,0,2026,"0.89","1.29",0.5234464908642025,2.05713129798177,,,,1,3,"Top",,,,,,,-4.987699132381066,-142.00232824366975,-8.713875940774306,13.160888102290764,30.011836511209204,-12.990659551337343,3.515764436,1.774311024,,,,"98.1",2245,"6.4",823910,666163,518692,669242,571970,605141,606192,677950,663656,"54.12",,,,,,,,20,1,"Sinker",0,3,3,0,3,0,3,0,"Standard","Standard",150,"0.001","-0.041",,,,,"0.041",,-3,3,0.219,0.781,29,27,30,28,2,1,6,1,6,1,"1.09","0.89","0.89","49.2",,,,,
"CU","2026-08-22","79.5","1.65","6.34","Skubal, Tarik",668804,669373,"field_out","hit_into_play",,,,,14,"Bryan Reynolds grounds out, third baseman Max Muncy to first baseman Freddie Freeman.","R","R","L","LAD","PIT","X",5,"ground_ball",0,0,2026,"-0.64","-0.57",0.25951879267377476,1.4867784670115816,,,,0,3,"Top",115.48,181.1,,,,,-1.7804316233608244,-115.93838516827431,-2.631682014595434,-5.518090735625988,19.616874013237492,-37.14131665184026,3.284071522,1.65738189,2,"72.2",-42,"79.8",2637,"6.2",823910,666163,518692,669242,571970,605141,606192,677950,663656,"54.31",0.14,0.126,"0",1,0,0,2,19,1,"Curveball",0,3,3,0,3,0,3,0,"Standard","Standard",321,"0.013","-0.26","67.5","8.3",,0.141,"0.26","88.0",-3,3,0.206,0.794,29,31,30,31,2,1,6,1,6,1,"4.14","-0.64","0.64","53.9",17.02349547973713,-20.267119752743547,37.837127685307806,39.54441965348333,40.74215405071527
"SL","2026-08-22","91","1.98","6.15","Skubal, Tarik",699013,669373,"strikeout","foul_tip",,,,,6,"Esmerlyn Valdez strikes out on a foul tip.","R","R","L","LAD","PIT","S",2,,3,2,2026,"-0.36","0.25",0.7489236289321526,2.7195196459628503,694377,669707,,2,2,"Top",,,,,,,-2.267567382551735,-132.6275231481932,-3.144086744123943,-3.916965637697113,24.502710719023156,-28.778556594141737,3.311277887,1.671112205,,,,"91.6",2259,"6.2",823910,666163,518692,669242,571970,605141,606192,677950,663656,"54.26",,0,"0",1,0,0,,14,6,"Slider",0,3,3,0,3,0,3,0,"Standard","Standard",171,"0.037","-0.273","73.7","7.5",,,"0.273",,-3,3,0.216,0.784,29,22,30,22,2,1,6,3,6,1,"2.46","-0.36","0.36","45.3",11.735963212234228,23.420097013616697,32.60152690856921,45.228714367773364,20.43951188597063
"FF","2026-08-22","97.6","1.7","6.32","Skubal, Tarik",699013,669373,,"ball",,,,,12,,"R","R","L","LAD","PIT","B",,,2,2,2026,"0.13","1.35",0.8935569612516292,3.6631069558230815,694377,669707,,2,2,"Top",,,,,,,-2.4344614372253353,-142.12092035038913,-4.657794406704254,2.280682920216155,30.28008767912141,-12.956582652520309,3.311277887,1.671112205,,,,"98",2398,"6.3",823910,666163,518692,669242,571970,605141,606192,677950,663656,"54.19",,,,,,,,14,5,"4-Seam Fastball",0,3,3,0,3,0,3,0,"Standard","Standard",152,"-0.006","0.078",,,,,"-0.078",,-3,3,0.222,0.778,29,22,30,22,2,1,6,3,6,1,"1.02","0.13","-0.13","49.4",,,,,
"CH","2026-08-22","89","1.87","6.13","Skubal, Tarik",699013,669373,,"blocked_ball",,,,,13,,"R","R","L","LAD","PIT","B",,,1,2,2026,"0.85","0.15",-0.06189345698428261,0.7182136093649394,694377,669707,,2,2,"Top",,,,,,,-6.463851483754149,-129.34647044496026,-7.252243564787164,10.85821625475272,27.073743189067525,-29.15497946404739,3.311277887,1.671112205,,,,"88.8",1836,"6.2",823910,666163,518692,669242,571970,605141,606192,677950,663656,"54.29",,,,,,,,14,4,"Changeup",0,3,3,0,3,0,3,0,"Standard","Standard",134,"-0.006","0.016",,,,,"-0.016",,-3,3,0.228,0.772,29,22,30,22,2,1,6,3,6,1,"2.74","0.85","-0.85","41.8",,,,,
"FF","2026-08-22","97.5","1.91","6.26","Skubal, Tarik",699013,669373,,"ball",,,,,12,,"R","R","L","LAD","PIT","B",,,0,2,2026,"0.23","1.25",1.2689910126151434,4.320580164046461,694377,669707,,2,2,"Top",,,,,,,-2.2524364241271897,-142.10084455058652,-2.540268258074691,3.6312787238192983,29.19167305815566,-14.776292434361027,3.311277887,1.671112205,,,,"98",2329,"6.3",823910,666163,518692,669242,571970,605141,606192,677950,663656,"54.24",,,,,,,,14,3,"4-Seam Fastball",0,3,3,0,3,0,3,0,"Standard","Standard",156,"-0.003","0.021",,,,,"-0.021",,-3,3,0.231,0.769,29,22,30,22,2,1,6,3,6,1,"1.12","0.23","-0.23","46.0",,,,,
"FF","2026-08-22","96.5","1.5","6.35","Skubal, Tarik",699013,669373,,"swinging_strike",,,,,6,,"R","R","L","LAD","PIT","S",,,0,1,2026,"0.25","1.29",0.738554127194369,2.6641475600485407,694377,669707,,2,2,"Top",,,,,,,-2.589211517572712,-140.6017462766308,-7.102319778995514,3.859644438894132,27.941227149445346,-13.65374576378249,3.311277887,1.671112205,,,,"97.2",2268,"6.3",823910,666163,518692,669242,571970,605141,606192,677950,663656,"54.16",,,,,,,,14,2,"4-Seam Fastball",0,3,3,0,3,0,3,0,"Standard","Standard",157,"0.009","-0.076","76.9","7.3","1.268366016",,"0.076",,-3,3,0.222,0.778,29,22,30,22,2,1,6,3,6,1,"1.13","0.25","-0.25","51.4",0.2389134553929819,32.15671323392715,34.177061402154166,44.94578448463885,6.350836334665464
"CH","2026-08-22","87.9","1.84","6.13","Skubal, Tarik",699013,669373,,"swinging_strike",,,,,9,,"R","R","L","LAD","PIT","S",,,0,0,2026,"1.04","0.36",0.5170993717799885,1.7553548660229934,694377,669707,,2,2,"Top",,,,,,,-5.352649734145594,-127.90382155793542,-5.012840149545367,12.565450569123575,26.248684842368636,-27.380411613513665,3.311277887,1.671112205,,,,"87.8",1970,"6.2",823910,666163,518692,669242,571970,605141,606192,677950,663656,"54.26",,,,,,,,14,1,"Changeup",0,3,3,0,3,0,3,0,"Standard","Standard",128,"0.005","-0.027","79.3","9.1","3.397501416",,"0.027",,-3,3,0.217,0.783,29,22,30,22,2,1,6,3,6,1,"2.59","1.04","-1.04","45.1",29.833276562564958,-28.55059348622334,37.63517288197407,44.297276014290446,46.41554321776145
"SL","2026-08-22","91.4","1.73","6.29","Skubal, Tarik",693304,669373,"strikeout","swinging_strike",,,,,11,"Nick Gonzales strikes out swinging.","R","R","L","LAD","PIT","S",2,,1,2,2026,"-0.24","0.32",-1.4272449339112,2.5778835902741575,694377,669707,,1,2,"Top",,,,,,,-7.349123000175536,-133.0431610227435,-4.047609588609137,-1.512666027680613,24.019203508522942,-27.77051162161541,3.05062336,1.539566929,,,,"92.2",2251,"6.4",823910,666163,518692,669242,571970,605141,606192,677950,663656,"54.09",,0,"0",1,0,0,,13,4,"Slider",0,3,3,0,3,0,3,0,"Strategic","Standard",199,"0.034","-0.355","65.6","6.1","2.273817408",,"0.355",,-3,3,0.183,0.817,29,27,30,27,2,1,6,1,6,1,"2.37","-0.24","0.24","49.5",-5.700849733845126,4.451201413418872,45.2069694063432,18.988179278142596,16.671432274036043
"SL","2026-08-22","88.8","1.82","6.25","Skubal, Tarik",693304,669373,,"swinging_strike",,,,,4,,"R","R","L","LAD","PIT","S",,,1,1,2026,"-0.19","-0.01",-0.7231374995453551,2.3079018932825095,694377,669707,,1,2,"Top",,,,,,,-5.749734371365385,-129.3508927123964,-3.429703190031554,-1.0429895448692055,23.88955582159648,-31.808450747727527,3.05062336,1.539566929,,,,"89.3",2211,"6.3",823910,666163,518692,669242,571970,605141,606192,677950,663656,"54.19",,,,,,,,13,3,"Slider",0,3,3,0,3,0,3,0,"Strategic","Standard",198,"0.012","-0.085","69.9","7.1","0.374110092",,"0.085",,-3,3,0.171,0.829,29,27,30,27,2,1,6,1,6,1,"2.87","-0.19","0.19","48.9",8.924828631591174,-10.509870782497002,40.08757389875319,25.960405938094762,24.522818557135427
"FF","2026-08-22","96.4","1.58","6.38","Skubal, Tarik",693304,669373,,"ball",,,,,12,,"R","R","L","LAD","PIT","B",,,0,1,2026,"0.05","1.32",0.5865066972323228,3.797463762822739,694377,669707,,1,2,"Top",,,,,,,-2.732731657396546,-140.3651795135457,-4.212328887359014,1.2902824636944379,29.6623914572331,-13.91194293161489,3.05062336,1.539566929,,,,"96.7",2295,"6.3",823910,666163,518692,669242,571970,605141,606192,677950,663656,"54.24",,,,,,,,13,2,"4-Seam Fastball",0,3,3,0,3,0,3,0,"Strategic","Standard",159,"-0.005","0.025",,,,,"-0.025",,-3,3,0.176,0.824,29,27,30,27,2,1,6,1,6,1,"1.11","0.05","-0.05","51.8",,,,,
"FF","2026-08-22","96.3","1.65","6.3","Skubal, Tarik",693304,669373,,"foul",,,,,2,,"R","R","L","LAD","PIT","S",,,0,0,2026,"0.3","1.33",0.25302122157734835,2.9294923190560302,694377,669707,,1,2,"Top",,,,,,,-4.373999849406315,-140.16643040954523,-6.296374298700483,4.907789033597763,29.220114979868406,-13.342681822216834,3.05062336,1.539566929,217,"80.1",20,"97",2441,"6.5",823910,666163,518692,669242,571970,605141,606192,677950,663656,"54.01",,,,,,,,13,1,"4-Seam Fastball",0,3,3,0,3,0,3,0,"Strategic","Standard",154,"0.007","-0.061","67.1","6.1",,,"0.061","88.0",-3,3,0.169,0.831,29,27,30,27,2,1,6,1,6,1,"1.11","0.3","-0.3","48.3",-14.54817705259425,34.71240620465428,35.19428859862673,39.95708288962102,3.210221718775423
"SL","2026-08-22","90.4","1.94","6.22","Skubal, Tarik",680779,669373,"sac_bunt","hit_into_play",,,,,7,"Henry Davis out on a sacrifice bunt, third baseman Max Muncy to first baseman Freddie Freeman. Nick Yorke to 3rd. Jared Triolo to 2nd.","R","R","L","LAD","PIT","X",5,"ground_ball",0,0,2026,"-0.3","0.19",-0.28053226324802577,1.8029557444886675,,694377,669707,0,2,"Top",119.17,191.43,,,,,-4.800282145595554,-131.68482591754793,-5.303045470477447,-2.588479318138603,25.110260639137696,-29.109176936441052,3.187532808,1.608661417,5,"32.5",-17,"90.8",2217,"6.2",823910,666163,518692,669242,571970,605141,606192,677950,663656,"54.28",,,"0.2",0,0,0,1,12,1,"Slider",0,3,3,0,3,0,3,0,"Standard","Standard",174,"0","0.025","10.4","1.5",,,"-0.025","88.0",-3,3,0.169,0.831,29,26,30,27,1,0,6,1,6,3,"2.57","-0.3","0.3","47.7",-68.00650507566364,-68.0809770397124,64.14631050912794,28.75648792526743,29.199399581530148
"CH","2026-08-22","88.5","2.03","6.19","Skubal, Tarik",669707,669373,"single","hit_into_play",,,,,14,"Jared Triolo singles on a line drive to center fielder Alek Thomas. Nick Yorke to 2nd.","R","R","L","LAD","PIT","X",8,"line_drive",2,2,2026,"0.94","0.69",1.3539951626346778,2.115496769051412,,,694377,0,2,"Top",141.01,100.88,,,,,-3.600208858249782,-128.8575022449417,-5.148698216092601,11.19956356774695,24.353657540524573,-23.697155915394482,3.342872375,1.687057087,211,"72",21,"88.7",2081,"6.1",823910,666163,518692,669242,571970,605141,606192,677950,663656,"54.35",0.974,0.881,"0.9",1,1,0,4,11,5,"Changeup",0,3,3,0,3,0,3,0,"Standard","Standard",129,"-0.035","0.496","74.2","8.5",,1.03,"-0.496","88.0",-3,3,0.204,0.796,29,28,30,28,1,0,6,1,6,1,"2.2","0.94","-0.94","42.0",13.985563568284537,6.047030372712275,36.38219751621682,50.51177843202867,26.829610861962266
"FF","2026-08-22","95","1.52","6.36","Skubal, Tarik",669707,669373,,"ball",,,,,13,,"R","R","L","LAD","PIT","B",,,1,2,2026,"0.4","1.32",-0.2974547635627127,1.5650837011367313,,,694377,0,2,"Top",,,,,,,-5.601197082814856,-138.04563439849917,-9.639960221441921,6.297018796252749,29.985105491287314,-13.275420722945757,3.342872375,1.687057087,,,,"95",2340,"6.3",823910,666163,518692,669242,571970,605141,606192,677950,663656,"54.2",,,,,,,,11,4,"4-Seam Fastball",0,3,3,0,3,0,3,0,"Standard","Standard",155,"-0.003","0.043",,,,,"-0.043",,-3,3,0.207,0.793,29,28,30,28,1,0,6,1,6,1,"1.2","0.4","-0.4","52.4",,,,,
"CH","2026-08-22","87.5","1.79","6.14","Skubal, Tarik",669707,669373,,"ball",,,,,13,,"R","R","L","LAD","PIT","B",,,0,2,2026,"1.17","0.71",-0.004390817265765401,1.1470023316617777,,,694377,0,2,"Top",,,,,,,-6.706953777089494,-127.05736191993181,-7.062860536173602,14.075601593610896,27.4391329337127,-23.153681900234428,3.342872375,1.687057087,,,,"87",1969,"6.2",823910,666163,518692,669242,571970,605141,606192,677950,663656,"54.3",,,,,,,,11,3,"Changeup",0,3,3,0,3,0,3,0,"Standard","Standard",127,"-0.002","0.019",,,,,"-0.019",,-3,3,0.209,0.791,29,28,30,28,1,0,6,1,6,1,"2.29","1.17","-1.17","41.4",,,,,
"FF","2026-08-22","96.3","1.67","6.32","Skubal, Tarik",669707,669373,,"swinging_strike",,,,,12,,"R","R","L","LAD","PIT","S",,,0,1,2026,"0.18","1.32",0.5796324901994332,3.555611213429935,,,694377,0,2,"Top",,,,,,,-3.2821036787302624,-140.28118815567973,-4.6499834198965475,3.08852681601076,29.853391561148047,-13.910238603466913,3.342872375,1.687057087,,,,"96.7",2404,"6.3",823910,666163,518692,669242,571970,605141,606192,677950,663656,"54.18",,,,,,,,11,2,"4-Seam Fastball",0,3,3,0,3,0,3,0,"Standard","Standard",158,"0.005","-0.049","68.5","6.1","1.12307496",,"0.049",,-3,3,0.204,0.796,29,28,30,28,1,0,6,1,6,1,"1.12","0.18","-0.18","51.5",-16.798857095035213,38.851991880413635,34.5548904714056,41.72934369805394,0.2114042878450464
"SL","2026-08-22","88.7","1.99","6.21","Skubal, Tarik",669707,669373,,"called_strike",,,,,8,,"R","R","L","LAD","PIT","S",,,0,0,2026,"-0.32","0.4",-0.02824198554282681,1.870014568071789,,,694377,0,2,"Top",,,,,,,-4.178321017169551,-129.25009333911274,-5.243429252442248,-2.846295029621813,23.99050868004748,-26.81840637206768,3.342872375,1.687057087,,,,"89.1",2221,"6.2",823910,666163,518692,669242,571970,605141,606192,677950,663656,"54.31",,,,,,,,11,1,"Slider",0,3,3,0,3,0,3,0,"Standard","Standard",192,"0.003","-0.04",,,,,"0.04",,-3,3,0.201,0.799,29,28,30,28,1,0,6,1,6,1,"2.46","-0.32","0.32","46.6",,,,,
"CH","2026-08-22","87.1","2.1","6.13","Skubal, Tarik",694377,669373,"single","hit_into_play",,,,,9,"Nick Yorke singles on a fly ball to center fielder Alek Thomas.","R","R","L","LAD","PIT","X",8,"fly_ball",1,2,2026,"0.75","0.37",0.47047173289912525,1.7854072838011539,,,,0,2,"Top",124.4,101.22,,,,,-5.438110441416266,-126.73873885904071,-4.841009069343327,9.184445255848312,23.551734317708043,-27.472766323057037,3.185777559,1.607775591,213,"66.5",27,"87.4",1869,"6.3",823910,666163,518692,669242,571970,605141,606192,677950,663656,"54.23",0.943,0.861,"0.9",1,1,0,4,10,4,"Changeup",0,3,3,0,3,0,3,0,"Standard","Standard",135,"-0.025","0.519","65.9","8.0",,1.011,"-0.519","88.0",-3,3,0.226,0.774,29,24,30,24,1,0,6,3,6,1,"2.62","0.75","-0.75","43.7",19.126245712077587,-8.03016413884736,36.763383699725736,39.68580658956779,36.977062513586134
"SL","2026-08-22","89","1.82","6.28","Skubal, Tarik",694377,669373,,"called_strike",,,,,2,,"R","R","L","LAD","PIT","S",,,1,1,2026,"-0.42","0.31",0.05320458382011706,2.703926303060859,,,,0,2,"Top",,,,,,,-3.365670052947751,-129.78009068958167,-3.2849997867475977,-4.180669774167423,23.93139309391734,-28.16415576471692,3.185777559,1.607775591,,,,"89.4",2296,"6.1",823910,666163,518692,669242,571970,605141,606192,677950,663656,"54.37",,,,,,,,10,3,"Slider",0,3,3,0,3,0,3,0,"Standard","Standard",212,"0.003","-0.061",,,,,"0.061",,-3,3,0.223,0.777,29,24,30,24,1,0,6,3,6,1,"2.52","-0.42","0.42","48.5",,,,,
"CH","2026-08-22","88","2.02","6.22","Skubal, Tarik",694377,669373,,"ball",,,,,14,,"R","R","L","LAD","PIT","B",,,0,1,2026,"0.98","0.26",0.9848582402558548,2.391240984666453,,,,0,2,"Top",,,,,,,-4.5473472298769275,-128.23135051664406,-3.6275203263649463,11.776997779868195,21.90629969474962,-28.78370021909672,3.185777559,1.607775591,,,,"88.8",1948,"6.3",823910,666163,518692,669242,571970,605141,606192,677950,663656,"54.18",,,,,,,,10,2,"Changeup",0,3,3,0,3,0,3,0,"Standard","Standard",135,"-0.001","0.03",,,,,"-0.03",,-3,3,0.224,0.776,29,24,30,24,1,0,6,3,6,1,"2.63","0.98","-0.98","44.0",,,,,
"FF","2026-08-22","95.1","1.35","6.37","Skubal, Tarik",694377,669373,,"foul",,,,,13,,"R","R","L","LAD","PIT","S",,,0,0,2026,"0.02","1.38",-0.6060183023290879,1.252025622621461,,,,0,2,"Top",,,,,,,-5.106076008068291,-138.08305275812594,-10.634745172707529,1.3386504540671498,29.641712547673066,-12.414416179668637,3.185777559,1.607775591,3,"87.3",-26,"95.3",2315,"6.4",823910,666163,518692,669242,571970,605141,606192,677950,663656,"54.08",,,,,,,,10,1,"4-Seam Fastball",0,3,3,0,3,0,3,0,"Standard","Standard",161,"0.002","-0.042","76.6","8.5",,,"0.042","88.0",-3,3,0.222,0.778,29,24,30,24,1,0,6,3,6,1,"1.15","0.02","-0.02","54.7",20.64872791599124,-15.960755653900145,42.253440673419334,29.746319923955603,36.47500139591522
"FF","2026-08-22","98.2","1.53","6.31","Skubal, Tarik",663968,669373,"field_out","hit_into_play",,,,,11,"Jake Mangum grounds out, shortstop Mookie Betts to first baseman Freddie Freeman.","R","R","L","LAD","PIT","X",6,"ground_ball",0,1,2026,"0.02","1.01",-0.9985549293368798,2.5620917480337546,,,,2,1,"Top",109.42,152.03,,,,,-6.7944256397693605,-142.8589843659434,-6.887637400697618,1.623571070411297,28.584336336136253,-17.035851886583792,3.179634186,1.604675197,35,"74",-1,"98.7",2365,"6.3",823910,666163,518692,669242,571970,605141,606192,677950,663656,"54.19",0.122,0.117,"0",1,0,0,2,6,2,"4-Seam Fastball",0,3,3,0,3,0,3,0,"Standard","Standard",155,"0.006","-0.215","66.7","6.4",,0.157,"0.215","88.0",-3,3,0.261,0.739,29,30,30,30,1,0,6,1,6,2,"1.33","0.02","-0.02","51.3",-3.640892689435201,-0.7929298077864959,36.35669797345811,25.622351158129796,22.640043468104047
"FF","2026-08-22","96.3","1.38","6.33","Skubal, Tarik",663968,669373,,"called_strike",,,,,2,,"R","R","L","LAD","PIT","S",,,0,0,2026,"0.16","1.25",-0.0166362279611815,2.9048869952451426,,,,2,1,"Top",,,,,,,-4.046988049574984,-140.20607233466237,-6.204119397239811,3.037950846056799,30.496659665000642,-14.529595486462837,3.179634186,1.604675197,,,,"96.5",2298,"6.3",823910,666163,518692,669242,571970,605141,606192,677950,663656,"54.21",,,,,,,,6,1,"4-Seam Fastball",0,3,3,0,3,0,3,0,"Standard","Standard",161,"0.001","-0.044",,,,,"0.044",,-3,3,0.26,0.74,29,30,30,30,1,0,6,1,6,2,"1.2","0.16","-0.16","53.4",,,,,
"CH","2026-08-22","87.5","1.94","6.26","Skubal, Tarik",804668,669373,"field_out","hit_into_play",,,,,9,"Rafael Flores Jr. grounds out, pitcher Tarik Skubal to second baseman Tommy Edman to first baseman Freddie Freeman. Oneil Cruz scores.","R","R","L","LAD","PIT","X",1,"ground_ball",0,0,2026,"1.05","0.44",0.6874693342599021,1.68714524886142,665833,,,1,1,"Top",131.83,175.65,,,,,-5.1771064270919345,-127.1679112408838,-5.462744065279014,12.46296757698426,28.519829131311358,-26.45876763228242,3.349015748,1.69015748,15,"66.4",-6,"86.9",2068,"6.2",823910,666163,518692,669242,571970,605141,606192,677950,663656,"54.29",0.064,0.058,"0",1,0,0,2,5,1,"Changeup",0,2,2,0,3,0,3,0,"Strategic","Standard",138,"-0.016","-0.274","68.5","8.6",,0.069,"0.274","88.0",-2,2,0.276,0.724,29,25,30,26,1,0,6,1,6,1,"2.57","1.05","-1.05","44.0",25.92737683098336,-15.071452267942941,39.17606066244127,44.9705044033428,42.56999909443964
"SI","2026-08-22","97.7","1.43","6.42","Skubal, Tarik",665833,669373,"triple","hit_into_play",,,,,14,"Oneil Cruz triples (1) on a sharp line drive to right fielder Kyle Tucker. Esmerlyn Valdez scores. Bryan Reynolds scores.","R","L","L","LAD","PIT","X",9,"line_drive",0,0,2026,"0.84","1.05",0.6557879786566646,1.497828682116567,,699013,668804,1,1,"Top",214.71,99.47,,,,,-3.9923084721118958,-142.03547443713936,-9.934981573468962,12.283092364768457,28.81973266224083,-15.984427798816373,3.515764436,1.774311024,225,"114",11,"97.5",2302,"6",823910,666163,518692,669242,571970,605141,606192,677950,663656,"54.5",0.866,0.914,"1.6",1,1,2,6,4,1,"Sinker",0,0,0,0,2,0,2,0,"Standard","Standard",154,"-0.184","1.038","79.3","8.0",,1.268,"-1.038","114.0",0,0,0.46,0.54,29,27,30,28,1,0,6,1,6,1,"1.32","0.84","0.84","52.8",10.646603103179537,-8.933114082657815,42.198135875005185,28.14605508612928,39.43691982759124
"CU","2026-08-22","78.6","1.71","6.32","Skubal, Tarik",668804,669373,"single","hit_into_play",,,,,6,"Bryan Reynolds singles on a line drive to center fielder Alek Thomas. Esmerlyn Valdez to 2nd.","R","R","L","LAD","PIT","X",8,"line_drive",1,2,2026,"-0.71","-0.44",0.598219502975601,2.436540725105867,,,699013,1,1,"Top",120.71,74.99,,,,,-1.0506748847187861,-114.50930376913452,-0.5756265190126465,-6.087125027088643,19.901900489559186,-36.177143299052894,3.284071522,1.65738189,263,"93.6",15,"78.8",2604,"6.2",823910,666163,518692,669242,571970,605141,606192,677950,663656,"54.29",0.883,0.815,"0.9",1,1,0,4,3,4,"Curveball",0,0,0,0,0,0,0,0,"Standard","Standard",320,"-0.046","0.492","69.5","7.1",,1.024,"-0.492","93.6",0,0,0.506,0.494,29,31,30,31,1,0,6,1,6,1,"4.1","-0.71","0.71","53.3",1.8212452042484866,7.01143132067242,28.64039903671765,43.55014520104944,30.75075999609395
"FF","2026-08-22","97.6","1.7","6.35","Skubal, Tarik",668804,669373,,"ball",,,,,12,,"R","R","L","LAD","PIT","B",,,0,2,2026,"0.11","1.29",0.6853871366106188,4.555202363965978,,,699013,1,1,"Top",,,,,,,-2.9351241287461023,-142.27804830635,-2.2364135923822563,2.0996805709543125,30.81310409640682,-14.266209694141347,3.284071522,1.65738189,,,,"97.8",2377,"6.2",823910,666163,518692,669242,571970,605141,606192,677950,663656,"54.3",,,,,,,,3,3,"4-Seam Fastball",0,0,0,0,0,0,0,0,"Standard","Standard",152,"-0.003","0.019",,,,,"-0.019",,0,0,0.509,0.491,29,31,30,31,1,0,6,1,6,1,"1.08","0.11","-0.11","48.7",,,,,
"FF","2026-08-22","96.3","1.35","6.42","Skubal, Tarik",668804,669373,,"called_strike",,,,,12,,"R","R","L","LAD","PIT","S",,,0,1,2026,"0.08","1.5",1.0406157016520987,3.0591656126389237,,,699013,1,1,"Top",,,,,,,-1.00429405123638,-140.267933219555,-6.654474595856876,1.2619012440501893,28.90874980272286,-11.097364870370605,3.284071522,1.65738189,,,,"96.8",2267,"6.3",823910,666163,518692,669242,571970,605141,606192,677950,663656,"54.18",,,,,,,,3,2,"4-Seam Fastball",0,0,0,0,0,0,0,0,"Standard","Standard",154,"0.007","-0.059",,,,,"0.059",,0,0,0.502,0.498,29,31,30,31,1,0,6,1,6,1,"0.94","0.08","-0.08","58.2",,,,,
"CH","2026-08-22","86.8","2.04","6.12","Skubal, Tarik",668804,669373,,"swinging_strike",,,,,14,,"R","R","L","LAD","PIT","S",,,0,0,2026,"1.23","0.2",1.0581443641320818,1.8319338034311294,,,699013,1,1,"Top",,,,,,,-4.8689665450545645,-126.36518918384344,-4.25849838568262,14.18627373714377,25.40530929179218,-29.39725790380722,3.284071522,1.65738189,,,,"86.9",1971,"6.3",823910,666163,518692,669242,571970,605141,606192,677950,663656,"54.23",,,,,,,,3,1,"Changeup",0,0,0,0,0,0,0,0,"Standard","Standard",130,"0.004","-0.039","74.1","8.0","1.575514068",,"0.039",,0,0,0.498,0.502,29,31,30,31,1,0,6,1,6,1,"2.82","1.23","-1.23","42.7",15.961998213627787,-13.483648077119717,32.77086515141582,49.12620245055999,35.59329972868717
"FF","2026-08-22","96.6","1.56","6.42","Skubal, Tarik",699013,669373,"single","hit_into_play",,,,,12,"Esmerlyn Valdez singles on a ground ball to center fielder Alek Thomas.","R","R","L","LAD","PIT","X",8,"ground_ball",2,0,2026,"0.22","1.47",0.9838580550759253,2.6519139852738722,,,,1,1,"Top",114.07,88.42,,,,,-2.0115944003891113,-140.55427166234276,-7.610672647081122,3.351860082658283,31.140487025317984,-11.228384996185238,3.311277887,1.671112205,52,"98.5",1,"96.2",2391,"6",823910,666163,518692,669242,571970,605141,606192,677950,663656,"54.48",0.423,0.396,"0.9",1,1,0,4,2,3,"4-Seam Fastball",0,0,0,0,0,0,0,0,"Standard","Standard",158,"-0.017","0.301","67.0","8.0",,0.474,"-0.301","98.5",0,0,0.515,0.485,29,22,30,22,1,0,6,3,6,1,"0.97","0.22","-0.22","53.9",16.977078780800078,13.46476615084854,29.709104350836725,49.91673469010975,23.22392441162941
"CH","2026-08-22","87.3","1.89","6.24","Skubal, Tarik",699013,669373,,"ball",,,,,12,,"R","R","L","LAD","PIT","B",,,1,0,2026,"1.04","0.29",1.1206668668322681,3.8070880752318335,,,,1,1,"Top",,,,,,,-3.9979067811721234,-127.05088236973994,-0.12532062331560467,12.102869782522388,26.225707305812183,-29.184519318149757,3.311277887,1.671112205,,,,"87.1",1900,"6.2",823910,666163,518692,669242,571970,605141,606192,677950,663656,"54.31",,,,,,,,2,2,"Changeup",0,0,0,0,0,0,0,0,"Standard","Standard",132,"-0.005","0.077",,,,,"-0.077",,0,0,0.52,0.48,29,22,30,22,1,0,6,3,6,1,"2.7","1.04","-1.04","46.2",,,,,
"FF","2026-08-22","97.8","1.54","6.39","Skubal, Tarik",699013,669373,,"ball",,,,,12,,"R","R","L","LAD","PIT","B",,,0,0,2026,"0.02","1.52",0.9638504105413515,3.3232831252230306,,,,1,1,"Top",,,,,,,-1.5646822395963167,-142.40925415922487,-6.199143108240621,0.5642861226367213,30.80430407983284,-10.190069607833548,3.311277887,1.671112205,,,,"98.2",2410,"6.3",823910,666163,518692,669242,571970,605141,606192,677950,663656,"54.17",,,,,,,,2,1,"4-Seam Fastball",0,0,0,0,0,0,0,0,"Standard","Standard",160,"-0.002","0.041",,,,,"-0.041",,0,0,0.522,0.478,29,22,30,22,1,0,6,3,6,1,"0.84","0.02","-0.02","53.7",,,,,
"FF","2026-08-22","98","1.69","6.38","Skubal, Tarik",693304,669373,"field_out","hit_into_play",,,,,11,"Nick Gonzales grounds out, second baseman Tommy Edman to first baseman Freddie Freeman.","R","R","L","LAD","PIT","X",4,"ground_ball",2,2,2026,"0.21","1.5",-0.2517142068281744,3.564054261403857,,,,0,1,"Top",137.48,134.35,,,,,-5.619183418488003,-142.4990847225219,-5.381840936607219,4.254550893991981,35.453558118655785,-10.702876723749108,3.05062336,1.539566929,119,"79.1",9,"96.9",2514,"5.9",823910,666163,518692,669242,571970,605141,606192,677950,663656,"54.63",0.334,0.301,"0",1,0,0,4,1,5,"4-Seam Fastball",0,0,0,0,0,0,0,0,"Standard","Standard",154,"0.019","-0.233","60.3","5.8",,0.359,"0.233","88.0",0,0,0.503,0.497,29,27,30,27,1,0,6,1,6,1,"0.89","0.21","-0.21","50.8",10.46849167331393,23.172615839884788,25.491994117574574,31.872977234163727,17.81975342481826
"FF","2026-08-22","98.1","1.64","6.44","Skubal, Tarik",693304,669373,,"ball",,,,,12,,"R","R","L","LAD","PIT","B",,,1,2,2026,"0.06","1.35",0.9404101124434474,4.8056070019937644,,,,0,1,"Top",,,,,,,-2.005839476052713,-142.8699924351057,-1.9750974914667172,1.3479456447583844,32.68085694484593,-13.397268877529994,3.05062336,1.539566929,,,,"98.1",2442,"6.2",823910,666163,518692,669242,571970,605141,606192,677950,663656,"54.26",,,,,,,,1,4,"4-Seam Fastball",0,0,0,0,0,0,0,0,"Standard","Standard",156,"-0.004","0.046",,,,,"-0.046",,0,0,0.507,0.493,29,27,30,27,1,0,6,1,6,1,"1.01","0.06","-0.06","50.4",,,,,
"FF","2026-08-22","97.4","1.63","6.36","Skubal, Tarik",693304,669373,,"foul",,,,,6,,"R","R","L","LAD","PIT","S",,,1,1,2026,"0.16","1.29",0.4131455701340022,2.090554730846801,,,,0,1,"Top",,,,,,,-3.6016714878501386,-141.75786700637914,-8.810018688560655,2.8492590834071923,28.791864845732185,-12.953431915838884,3.05062336,1.539566929,229,"81.9",27,"98.1",2461,"6.4",823910,666163,518692,669242,571970,605141,606192,677950,663656,"54.09",,,,,,,,1,3,"4-Seam Fastball",0,0,0,0,0,0,0,0,"Standard","Standard",157,"0.006","-0.061","66.9","6.8",,,"0.061","88.0",0,0,0.501,0.499,29,27,30,27,1,0,6,1,6,1,"1.09","0.16","-0.16","52.0",-13.230531558532489,21.171367045621363,43.926268480353244,40.19957377818909,7.948391537546972
"CH","2026-08-22","89.2","1.84","6.16","Skubal, Tarik",693304,669373,,"ball",,,,,13,,"R","R","L","LAD","PIT","B",,,0,1,2026,"0.93","0.23",-0.8735125498700981,1.5054287606133867,,,,0,1,"Top",,,,,,,-8.576096384732248,-129.64371441685807,-5.694840358592656,12.207717855496107,24.909156619057516,-28.652586875048733,3.05062336,1.539566929,,,,"89.5",2014,"6.4",823910,666163,518692,669242,571970,605141,606192,677950,663656,"54.14",,,,,,,,1,2,"Changeup",0,0,0,0,0,0,0,0,"Standard","Standard",133,"-0.002","0.03",,,,,"-0.03",,0,0,0.503,0.497,29,27,30,27,1,0,6,1,6,1,"2.63","0.93","-0.93","45.2",,,,,
"FF","2026-08-22","96.5","1.31","6.42","Skubal, Tarik",693304,669373,,"called_strike",,,,,3,,"R","R","L","LAD","PIT","S",,,0,0,2026,"0.09","1.46",0.5246056140796539,2.787849089312971,,,,0,1,"Top",,,,,,,-2.272106332896802,-140.48299654292683,-7.272259385189794,1.6446197942046559,29.55681859643649,-11.448500598776967,3.05062336,1.539566929,,,,"96.8",2308,"6.3",823910,666163,518692,669242,571970,605141,606192,677950,663656,"54.25",,,,,,,,1,1,"4-Seam Fastball",0,0,0,0,0,0,0,0,"Standard","Standard",159,"0.003","-0.042",,,,,"0.042",,0,0,0.5,0.5,29,27,30,27,1,0,6,1,6,1,"0.98","0.09","-0.09","54.6",,,,,
"CU","2026-08-16","82.6","1.9","6.27","Skubal, Tarik",680716,669373,"strikeout","called_strike",,,,,6,"Jonathan Ornelas called out on strikes.","R","R","L","LAD","MIL","S",2,,2,2,2026,"-1.02","-0.33",0.6810722772035245,2.5001865136965966,,,,2,6,"Top",,,,,,,-0.7155440054208498,-120.34304065098905,-1.188416224019186,-9.699991891679105,24.356637449684865,-35.327036302825256,3.233169291,1.631692913,,,,"82.7",2535,"6.4",823912,666163,518692,669242,571970,605141,606192,681624,663656,"54.14",,0,"0",1,0,0,,44,7,"Curveball",1,2,2,1,2,1,2,1,"Standard","Standard",316,"0.01","-0.221",,,,,"0.221",,-1,1,0.386,0.614,29,26,30,26,3,2,6,1,6,2,"3.67","-1.02","1.02","51.3",,,,,
"SI","2026-08-16","99.3","1.62","6.2","Skubal, Tarik",680716,669373,,"foul",,,,,1,,"R","R","L","LAD","MIL","S",,,2,2,2026,"1.07","1.13",-0.32854466964243034,3.2153711696105414,,,,2,6,"Top",,,,,,,-7.807710227714346,-144.3585214208744,-5.2807042431605495,16.738792101648873,31.817678984810236,-15.30284292197921,3.233169291,1.631692913,218,"78.3",60,"99.7",2283,"6.4",823912,666163,518692,669242,571970,605141,606192,681624,663656,"54.08",,,,,,,,44,6,"Sinker",1,2,2,1,2,1,2,1,"Standard","Standard",153,"0","0","71.2","6.6",,,"0","88.0",-1,1,0.386,0.614,29,26,30,26,3,2,6,1,6,2,"1.18","1.07","-1.07","46.5",3.825942840953843,-5.0868573919342515,25.15606320297389,31.399489579420496,31.173625799823295
"CH","2026-08-16","88.7","2.18","6.02","Skubal, Tarik",680716,669373,,"foul",,,,,12,,"R","R","L","LAD","MIL","S",,,2,2,2026,"1.38","0.27",0.9292089956987812,2.4930987738745554,,,,2,6,"Top",,,,,,,-5.927121997818481,-128.93255414613168,-2.859095953283272,16.581007568613096,29.052512658276996,-28.723512683382623,3.233169291,1.631692913,2,"52.5",-51,"88",1868,"6.1",823912,666163,518692,669242,571970,605141,606192,681624,663656,"54.41",,,,,,,,44,5,"Changeup",1,2,2,1,2,1,2,1,"Standard","Standard",135,"0","0","74.1","7.4",,,"0","88.0",-1,1,0.386,0.614,29,26,30,26,3,2,6,1,6,2,"2.65","1.38","-1.38","38.6",14.907308021039013,-9.917103194067135,21.780293798618814,46.074485030065006,36.34980649846059
"FF","2026-08-16","98.6","1.45","6.31","Skubal, Tarik",680716,669373,,"ball",,,,,14,,"R","R","L","LAD","MIL","B",,,1,2,2026,"0.45","1.19",0.4049336933861401,1.2372089198133578,,,,2,6,"Top",,,,,,,-3.8610437454079607,-143.17869723478395,-10.87538350885066,7.0297042977698085,32.43898647444318,-13.497713294832232,3.233169291,1.631692913,,,,"98.8",2359,"6.5",823912,666163,518692,669242,571970,605141,606192,681624,663656,"54.04",,,,,,,,44,4,"4-Seam Fastball",1,2,2,1,2,1,2,1,"Standard","Standard",156,"-0.002","0.041",,,,,"-0.041",,-1,1,0.388,0.612,29,26,30,26,3,2,6,1,6,2,"1.16","0.45","-0.45","52.1",,,,,
"CH","2026-08-16","87.8","2.23","6.02","Skubal, Tarik",680716,669373,,"foul",,,,,14,,"R","R","L","LAD","MIL","S",,,1,1,2026,"1.26","-0.04",0.9721406924896299,2.1552198198168915,,,,2,6,"Top",,,,,,,-5.641235396811908,-127.68325110120244,-2.865321802070638,14.94832238295553,28.218663751233176,-32.148880794410594,3.233169291,1.631692913,,,,"87.3",1851,"6.2",823912,666163,518692,669242,571970,605141,606192,681624,663656,"54.32",,,,,,,,44,3,"Changeup",1,2,2,1,2,1,2,1,"Standard","Standard",132,"0.003","-0.065","72.9","7.7",,,"0.065",,-1,1,0.385,0.615,29,26,30,26,3,2,6,1,6,2,"3.01","1.26","-1.26","38.5",16.40104807862361,-18.94925244405157,23.08047487272173,46.18897776287749,41.35703415298144
"CH","2026-08-16","88.3","2.12","6.07","Skubal, Tarik",680716,669373,,"swinging_strike",,,,,14,,"R","R","L","LAD","MIL","S",,,1,0,2026,"1.29","0.28",0.8523725190317617,1.371211320489142,,,,2,6,"Top",,,,,,,-5.78471209952829,-128.35532861797225,-5.659242693158628,15.515230527749022,26.78626681584436,-28.10252194242384,3.233169291,1.631692913,,,,"88.1",1885,"6.3",823912,666163,518692,669242,571970,605141,606192,681624,663656,"54.24",,,,,,,,44,2,"Changeup",1,2,2,1,2,1,2,1,"Standard","Standard",130,"0.002","-0.056","73.8","8.1","4.1130306",,"0.056",,-1,1,0.383,0.617,29,26,30,26,3,2,6,1,6,2,"2.65","1.29","-1.29","40.8",14.546507608688534,-16.09798834429191,31.871412282526002,45.82691124187529,36.87924800092418
"FF","2026-08-16","97.2","1.63","6.3","Skubal, Tarik",680716,669373,,"ball",,,,,14,,"R","R","L","LAD","MIL","B",,,0,0,2026,"0.17","1.53",1.0158213792379724,2.3142990450393013,,,,2,6,"Top",,,,,,,-2.0393314508772535,-141.362724844555,-8.485059033788566,2.801376670341511,32.557539721609636,-9.907187853550672,3.233169291,1.631692913,,,,"97.3",2439,"6.4",823912,666163,518692,669242,571970,605141,606192,681624,663656,"54.1",,,,,,,,44,1,"4-Seam Fastball",1,2,2,1,2,1,2,1,"Standard","Standard",158,"-0.001","0.041",,,,,"-0.041",,-1,1,0.384,0.616,29,26,30,26,3,2,6,1,6,2,"0.89","0.17","-0.17","54.1",,,,,
"FF","2026-08-16","99.2","1.86","6.23","Skubal, Tarik",687401,669373,"strikeout","foul_tip",,,,,11,"Joey Ortiz strikes out on a foul tip.","R","R","L","LAD","MIL","S",2,,0,2,2026,"0.06","1.32",-0.08280991083147142,3.370547172345691,,,,1,6,"Top",,,,,,,-5.387668613356563,-144.48828874600355,-5.41809565055476,1.9357988469974543,30.74751479434507,-12.600628213775224,3.136630577,1.582972441,,,,"99.7",2420,"6.3",823912,666163,518692,669242,571970,605141,606192,681624,663656,"54.18",,0,"0",1,0,0,,43,4,"4-Seam Fastball",1,2,2,1,2,1,2,1,"Standard","Standard",155,"0.011","-0.163","65.6","5.7",,,"0.163",,-1,1,0.373,0.627,29,27,30,28,3,2,6,1,6,2,"0.98","0.06","-0.06","47.8",-10.601389487904596,40.38702769559588,26.367978520449242,34.75416453868558,7.68342599701584
"SL","2026-08-16","92.9","2.2","6.09","Skubal, Tarik",687401,669373,,"foul",,,,,7,,"R","R","L","LAD","MIL","S",,,0,2,2026,"-0.24","0.44",-0.4313337167835558,1.67387196761751,,,,1,6,"Top",,,,,,,-6.1267062602688895,-135.13756857873662,-6.303222534694119,-1.729876625497825,26.322753891972834,-25.730327226347526,3.136630577,1.582972441,,,,"93.3",2234,"6.3",823912,666163,518692,669242,571970,605141,606192,681624,663656,"54.17",,,,,,,,43,3,"Slider",1,2,2,1,2,1,2,1,"Standard","Standard",163,"0","0","75.6","7.2",,,"0",,-1,1,0.373,0.627,29,27,30,28,3,2,6,1,6,2,"2.18","-0.24","0.24","43.1",-1.369138779557603,0.36965692625220725,32.871995959562334,30.444633623331377,22.994054524035864
"CH","2026-08-16","87.3","2.17","6.12","Skubal, Tarik",687401,669373,,"foul",,,,,12,,"R","R","L","LAD","MIL","S",,,0,1,2026,"1.26","0.32",1.0583268092932243,2.4137544233729584,,,,1,6,"Top",,,,,,,-5.272573500407922,-127.14279468545986,-3.2277335885614575,14.79899230684787,25.170102920335758,-28.28012974687229,3.136630577,1.582972441,186,"67.1",53,"87.1",1859,"6",823912,666163,518692,669242,571970,605141,606192,681624,663656,"54.47",,,,,,,,43,2,"Changeup",1,2,2,1,2,1,2,1,"Standard","Standard",128,"0.005","-0.058","67.4","7.5",,,"0.058","88.0",-1,1,0.368,0.632,29,27,30,28,3,2,6,1,6,2,"2.66","1.26","-1.26","41.1",-2.337998592112176,7.135674506422843,25.04893983636723,48.42411159117946,21.7188925903653
"SL","2026-08-16","90.9","1.9","6.17","Skubal, Tarik",687401,669373,,"called_strike",,,,,8,,"R","R","L","LAD","MIL","S",,,0,0,2026,"-0.17","0.44",0.1628226041178055,1.9784380787003732,,,,1,6,"Top",,,,,,,-3.9309514453980547,-132.43820234700576,-5.413915387203306,-1.2383980198546498,24.760090849574947,-26.141176775557863,3.136630577,1.582972441,,,,"91.6",2014,"6.3",823912,666163,518692,669242,571970,605141,606192,681624,663656,"54.16",,,,,,,,43,1,"Slider",1,2,2,1,2,1,2,1,"Standard","Standard",160,"0.003","-0.041",,,,,"0.041",,-1,1,0.365,0.635,29,27,30,28,3,2,6,1,6,2,"2.29","-0.17","0.17","46.4",,,,,
"CH","2026-08-16","90.2","2.02","6.07","Skubal, Tarik",663604,669373,"strikeout","swinging_strike",,,,,14,"Brandon Lockridge strikes out swinging.","R","R","L","LAD","MIL","S",2,,0,2,2026,"1.2","0.63",0.2526849742753312,0.99763640067334,,,,0,6,"Top",,,,,,,-6.925273247016162,-131.0670252489936,-7.725710048238578,15.34072413336819,27.451215334722693,-23.460321460283833,3.226148294,1.628149606,,,,"90",1921,"6.2",823912,666163,518692,669242,571970,605141,606192,681624,663656,"54.26",,0,"0",1,0,0,,42,3,"Changeup",1,2,2,1,2,1,2,1,"Standard","Standard",135,"0.015","-0.165","75.7","8.1","2.915558928",,"0.165",,-1,1,0.35,0.65,29,29,30,29,3,2,6,4,6,2,"2.18","1.2","-1.2","41.7",20.69187094464039,-10.531206493661085,39.157258111094606,41.98005044293252,40.39959148583793
"SL","2026-08-16","90","2.03","6.22","Skubal, Tarik",663604,669373,,"foul",,,,,9,,"R","R","L","LAD","MIL","S",,,0,1,2026,"-0.27","0.52",0.6078582577461878,1.5839440018461008,,,,0,6,"Top",,,,,,,-2.9059405969036516,-131.09302199912548,-6.477988489127284,-2.5799159709705513,24.39116313489974,-25.078794079264878,3.226148294,1.628149606,196,"75.3",53,"90.4",2102,"6.2",823912,666163,518692,669242,571970,605141,606192,681624,663656,"54.26",,,,,,,,42,2,"Slider",1,2,2,1,2,1,2,1,"Standard","Standard",153,"0.006","-0.053","74.3","7.8",,,"0.053","88.0",-1,1,0.344,0.656,29,29,30,29,3,2,6,4,6,2,"2.26","-0.27","0.27","47.5",10.174769908866455,11.837910196009025,33.243714141451804,45.7441298068258,25.753794857561005
"FF","2026-08-16","95","1.59","6.33","Skubal, Tarik",663604,669373,,"foul",,,,,5,,"R","R","L","LAD","MIL","S",,,0,0,2026,"0.1","1.45",0.24446926462080612,2.6163947222105217,,,,0,6,"Top",,,,,,,-3.700311150013166,-138.13273507081223,-7.151563453736523,2.0578884829318165,30.935911758543323,-12.171660053669788,3.226148294,1.628149606,195,"69.2",26,"95",2299,"6.3",823912,666163,518692,669242,571970,605141,606192,681624,663656,"54.18",,,,,,,,42,1,"4-Seam Fastball",1,2,2,1,2,1,2,1,"Standard","Standard",155,"0.004","-0.042","6.5","1.5",,,"0.042","88.0",-1,1,0.34,0.66,29,29,30,29,3,2,6,4,6,2,"1.08","0.1","-0.1","53.5",-70.0525946962987,-174.95423101742463,42.46785783623835,40.72850999930836,23.91304870088366
"CH","2026-08-16","89.4","2.12","6.1","Skubal, Tarik",596142,669373,"field_out","hit_into_play",,,,,14,"Gary Sánchez grounds out, shortstop Mookie Betts to first baseman Freddie Freeman.","R","R","L","LAD","MIL","X",6,"ground_ball",1,2,2026,"1.3","0.54",0.9272587861746191,2.0339454117774824,,641343,683734,2,5,"Top",107.79,156.27,,,,,-5.695627693691348,-130.05157577374666,-4.8977485961825655,15.979353069570521,28.983417648472102,-25.174209124803998,3.311277887,1.671112205,6,"74.7",-20,"89",1996,"6.2",823912,666163,518692,669242,571970,605141,606192,681624,663656,"54.28",0.053,0.05,"0",1,0,0,2,38,4,"Changeup",1,2,2,1,2,1,2,1,"Standard","Standard",136,"0.033","-0.209","67.1","7.8",,0.053,"0.209","88.0",-1,1,0.382,0.618,29,33,30,34,3,2,6,1,6,4,"2.33","1.3","-1.3","42.7",15.19268724874942,-7.053800199515435,27.862140260851778,46.834864980838375,38.11042759996037
"CH","2026-08-16","90","2.08","6.01","Skubal, Tarik",596142,669373,,"ball",,,,,14,,"R","R","L","LAD","MIL","B",,,0,2,2026,"1.33","0.42",0.9640610199644841,0.9338704501090742,,641343,683734,2,5,"Top",,,,,,,-5.60216540954154,-130.80362777376655,-7.187838040696447,16.427321724640535,29.922027912315674,-25.970799743966374,3.311277887,1.671112205,,,,"89.6",2011,"6.3",823912,666163,518692,669242,571970,605141,606192,681624,663656,"54.21",,,,,,,,38,3,"Changeup",1,2,2,1,2,1,2,1,"Standard","Standard",132,"-0.005","0.013",,,,,"-0.013",,-1,1,0.387,0.613,29,33,30,34,3,2,6,1,6,4,"2.42","1.33","-1.33","41.8",,,,,
"FF","2026-08-16","97.1","1.81","6.39","Skubal, Tarik",596142,669373,,"foul",,,,,2,,"R","R","L","LAD","MIL","S",,,0,1,2026,"0.1","1.46",0.03008325478018478,3.315291546952834,,641343,683734,2,5,"Top",,,,,,,-4.951745448477139,-141.33668530494145,-5.919231717480586,2.5083594466610006,32.39046896448932,-11.418806641110852,3.311277887,1.671112205,195,"70.1",27,"97.4",2370,"6.5",823912,666163,518692,669242,571970,605141,606192,681624,663656,"54.03",,,,,,,,38,2,"4-Seam Fastball",1,2,2,1,2,1,2,1,"Standard","Standard",153,"0.012","-0.055","66.9","6.4",,,"0.055","88.0",-1,1,0.375,0.625,29,33,30,34,3,2,6,1,6,4,"0.95","0.1","-0.1","52.0",3.7995606793783123,21.07686419459068,24.517143684955098,36.51088059123721,22.636590392544967
"CH","2026-08-16","86.5","2.09","6.08","Skubal, Tarik",596142,669373,,"swinging_strike",,,,,8,,"R","R","L","LAD","MIL","S",,,0,0,2026,"1.1","0.52",-0.23672201852736685,1.8680917663305312,,641343,683734,2,5,"Top",,,,,,,-7.734642766853702,-125.72428635781523,-4.676631428210991,13.215283946150622,24.65050011538877,-25.910092913673,3.311277887,1.671112205,,,,"86.5",1858,"6.3",823912,666163,518692,669242,571970,605141,606192,681624,663656,"54.21",,,,,,,,38,1,"Changeup",1,2,2,1,2,1,2,1,"Standard","Standard",129,"0.007","-0.034","74.3","8.5","6.015022632",,"0.034",,-1,1,0.368,0.632,29,33,30,34,3,2,6,1,6,4,"2.53","1.1","-1.1","42.5",25.288202122090446,-44.04786245386022,35.51959401692978,35.08733371879947,57.45128755660134
"FF","2026-08-16","96.5","1.65","6.3","Skubal, Tarik",683734,669373,"single","hit_into_play",,,,,4,"Andrew Vaughn singles on a sharp line drive to left fielder Teoscar Hernández. Jake Bauers to 2nd.","R","R","L","LAD","MIL","X",7,"line_drive",2,1,2026,"0.16","1.31",-0.5758812744041766,2.0705928329096235,,,641343,2,5,"Top",58.88,86.7,,,,,-6.2261705415749065,-140.37287467065107,-8.532185080498412,3.44151863106072,28.253978126385114,-13.191207302905557,3.127854331,1.578543307,264,"111.6",14,"97.2",2360,"6.4",823912,666163,518692,669242,571970,605141,606192,681624,663656,"54.07",0.749,0.863,"0.9",1,1,0,6,37,4,"4-Seam Fastball",1,2,2,1,2,1,2,1,"Standard","Standard",156,"-0.021","0.304","76.3","7.1",,1.274,"-0.304","111.6",-1,1,0.389,0.611,29,28,30,28,3,2,6,1,6,2,"1.12","0.16","-0.16","52.0",6.902554049607572,-4.709451236038308,36.15292269835827,30.487943220656362,32.07220844611961
"SL","2026-08-16","90.8","2.13","6.1","Skubal, Tarik",683734,669373,,"called_strike",,,,,9,,"R","R","L","LAD","MIL","S",,,2,0,2026,"-0.28","0.59",0.5537784784531159,1.7562691071552006,,,641343,2,5,"Top",,,,,,,-3.2902425224841454,-132.30970372669216,-6.074102785471656,-2.632558438783782,25.136502704955856,-24.17133826111534,3.127854331,1.578543307,,,,"91.2",2090,"6.2",823912,666163,518692,669242,571970,605141,606192,681624,663656,"54.27",,,,,,,,37,3,"Slider",1,2,2,1,2,1,2,1,"Standard","Standard",159,"0.005","-0.048",,,,,"0.048",,-1,1,0.384,0.616,29,28,30,28,3,2,6,1,6,2,"2.14","-0.28","0.28","45.4",,,,,
"CH","2026-08-16","86.9","2.11","6.04","Skubal, Tarik",683734,669373,,"ball",,,,,14,,"R","R","L","LAD","MIL","B",,,1,0,2026,"1.16","0.42",1.071828081727418,1.646691427946665,,,641343,2,5,"Top",,,,,,,-4.873694011670505,-126.4273458468326,-4.929150186910617,13.43838007372021,27.47060748971428,-26.831907276960212,3.127854331,1.578543307,,,,"86.5",1784,"6.2",823912,666163,518692,669242,571970,605141,606192,681624,663656,"54.29",,,,,,,,37,2,"Changeup",1,2,2,1,2,1,2,1,"Standard","Standard",126,"-0.005","0.055",,,,,"-0.055",,-1,1,0.389,0.611,29,28,30,28,3,2,6,1,6,2,"2.62","1.16","-1.16","42.1",,,,,
"FF","2026-08-16","96.5","1.57","6.27","Skubal, Tarik",683734,669373,,"ball",,,,,11,,"R","R","L","LAD","MIL","B",,,0,0,2026,"0.18","1.41",-0.6125797365010686,3.5019767187736077,,,641343,2,5,"Top",,,,,,,-6.138908123085527,-140.45551225588235,-4.8751933100531195,3.7405542043704534,31.67114930185082,-12.5764717418825,3.127854331,1.578543307,,,,"96.6",2301,"6.3",823912,666163,518692,669242,571970,605141,606192,681624,663656,"54.17",,,,,,,,37,1,"4-Seam Fastball",1,2,2,1,2,1,2,1,"Standard","Standard",151,"-0.002","0.035",,,,,"-0.035",,-1,1,0.391,0.609,29,28,30,28,3,2,6,1,6,2,"1.03","0.18","-0.18","50.5",,,,,
"CH","2026-08-16","89.1","2.07","6.1","Skubal, Tarik",641343,669373,"single","hit_into_play",,,,,14,"Jake Bauers singles on a line drive to right fielder Kyle Tucker. Jackson Chourio scores.","R","L","L","LAD","MIL","X",9,"line_drive",2,2,2026,"1.12","0.41",0.847343764269936,2.099454932195725,,694192,,2,5,"Top",173.03,131.82,,,,,-5.3260543605878095,-129.62697546510492,-4.444508565509894,13.697058025239805,26.46190549710836,-26.81479026111717,3.217372047,1.623720472,177,"64.1",23,"89",1917,"6.2",823912,666163,518692,669242,571970,605141,606192,681624,663656,"54.28",0.629,0.566,"0.9",1,1,0,4,36,6,"Changeup",1,1,1,1,2,1,2,1,"Standard","Standard",133,"-0.137","0.742","69.9","7.7",,0.655,"-0.742","88.0",0,0,0.528,0.472,29,30,30,31,3,2,6,1,6,2,"2.46","1.12","1.12","41.9",8.837685643165303,-8.777021108790787,36.434384214287356,26.940764129463005,32.66930177210686
"FF","2026-08-16","98.2","1.84","6.31","Skubal, Tarik",641343,669373,,"foul",,,,,8,,"R","L","L","LAD","MIL","S",,,2,2,2026,"0.36","1.32",-0.12571374303140853,1.8200259534972765,,694192,,2,5,"Top",,,,,,,-6.098999906282664,-142.75582788103378,-9.59379448129882,6.229528734255809,29.61298038951379,-12.184596258054418,3.217372047,1.623720472,77,"79.6",27,"98.8",2359,"6.4",823912,666163,518692,669242,571970,605141,606192,681624,663656,"54.07",,,,,,,,36,5,"4-Seam Fastball",1,1,1,1,1,1,1,1,"Standard","Standard",156,"0","0","72.2","7.0",,,"0","88.0",0,0,0.528,0.472,29,30,30,31,3,2,6,1,6,2,"1.03","0.36","0.36","49.3",-13.68677567507183,15.749712202482456,42.57270880659583,38.411854802513915,11.909138073232928
"CH","2026-08-16","86.8","1.98","6.15","Skubal, Tarik",641343,669373,,"swinging_strike",,,,,9,,"R","L","L","LAD","MIL","S",,,2,1,2026,"1.01","0.45",0.5797655143279792,1.884455178436518,,694192,,2,5,"Top",,,,,,,-5.393436557806291,-126.27101000896914,-4.690313330183735,11.869985908197092,26.20617819204126,-26.568289469287304,3.217372047,1.623720472,,,,"86.5",1904,"6.1",823912,666163,518692,669242,571970,605141,606192,681624,663656,"54.35",,,,,,,,36,4,"Changeup",1,1,1,1,1,1,1,1,"Standard","Standard",134,"0.008","-0.077","76.3","9.2","3.503753052",,"0.077",,0,0,0.52,0.48,29,30,30,31,3,2,6,1,6,2,"2.58","1.01","1.01","42.9",31.421320520167086,-44.246849679774435,33.54937337424673,29.365321187352226,51.65408632762335
"SI","2026-08-16","97.4","1.74","6.24","Skubal, Tarik",641343,669373,,"ball",,,,,13,,"R","L","L","LAD","MIL","B",,,1,1,2026,"0.88","1.18",-0.8774261234398778,1.8749904757404798,,694192,,2,5,"Top",,,,,,,-8.95217133433962,-141.4695657781714,-8.699735790312186,13.839509939952023,29.776238752667737,-14.520502648660484,3.217372047,1.623720472,,,,"97.2",2335,"6.1",823912,666163,518692,669242,571970,605141,606192,681624,663656,"54.39",,,,,,,,36,3,"Sinker",1,1,1,1,1,1,1,1,"Standard","Standard",148,"-0.003","0.038",,,,,"-0.038",,0,0,0.523,0.477,29,30,30,31,3,2,6,1,6,2,"1.22","0.88","0.88","49.9",,,,,
"FF","2026-08-16","97.5","1.66","6.32","Skubal, Tarik",641343,669373,,"ball",,,,,12,,"R","L","L","LAD","MIL","B",,,0,1,2026,"0.42","1.39",1.3353766385540964,4.2586428588867875,,694192,,2,5,"Top",,,,,,,-1.8388001213741862,-142.10115210029906,-3.1489630434269373,6.102227779122083,31.825790357783056,-12.833043148151551,3.217372047,1.623720472,,,,"97.7",2378,"6.3",823912,666163,518692,669242,571970,605141,606192,681624,663656,"54.23",,,,,,,,36,2,"4-Seam Fastball",1,1,1,1,1,1,1,1,"Standard","Standard",154,"-0.005","0.018",,,,,"-0.018",,0,0,0.528,0.472,29,30,30,31,3,2,6,1,6,2,"1","0.42","0.42","50.7",,,,,
"CH","2026-08-16","87.5","2.06","6.05","Skubal, Tarik",641343,669373,,"called_strike",,,,,1,,"R","L","L","LAD","MIL","S",,,0,0,2026,"1.11","0.72",-0.3552565731619044,3.1382968816137216,,694192,,2,5,"Top",,,,,,,-8.082394222099722,-127.3380902720787,-2.232865460346794,13.64686960885325,23.824183373508028,-24.101799025444247,3.217372047,1.623720472,,,,"87.9",1904,"6.4",823912,666163,518692,669242,571970,605141,606192,681624,663656,"54.15",,,,,,,,36,1,"Changeup",1,1,1,1,1,1,1,1,"Standard","Standard",136,"0.007","-0.038",,,,,"0.038",,0,0,0.521,0.479,29,30,30,31,3,2,6,1,6,2,"2.24","1.11","1.11","42.9",,,,,
"FF","2026-08-16","98.4","1.56","6.44","Skubal, Tarik",694192,669373,"double","hit_into_play",,,,,6,"Jackson Chourio doubles (21) on a sharp line drive to right fielder Kyle Tucker.","R","R","L","LAD","MIL","X",9,"line_drive",3,2,2026,"0.27","1.43",0.32416412115155757,2.3930434130081157,,,,2,5,"Top",169.57,56.94,,,,,-3.9277789541443817,-142.97079075377042,-8.588355933372272,4.603978031921306,34.817588898428404,-10.745790577097408,3.237557415,1.63390748,225,"104.5",10,"97.9",2432,"6.2",823912,666163,518692,669242,571970,605141,606192,681624,663656,"54.26",0.874,0.869,"1.25",1,1,1,4,35,6,"4-Seam Fastball",1,1,1,1,1,1,1,1,"Standard","Standard",151,"-0.029","0.514","72.2","6.9",,1.124,"-0.514","104.5",0,0,0.55,0.45,29,22,30,22,3,2,6,1,6,2,"0.94","0.27","-0.27","52.6",2.6453715809802434,20.652964628373063,25.746930405028333,42.086537588626804,21.172506087144967
"FF","2026-08-16","97.3","1.38","6.38","Skubal, Tarik",694192,669373,,"swinging_strike",,,,,6,,"R","R","L","LAD","MIL","S",,,3,1,2026,"0.33","1.44",0.5667213460279037,2.6350150633103366,,,,2,5,"Top",,,,,,,-2.9300571797532124,-141.47878555923694,-7.6634314679276185,5.114295559844542,32.926433814243445,-11.24314986976042,3.237557415,1.63390748,,,,"97.4",2375,"6.4",823912,666163,518692,669242,571970,605141,606192,681624,663656,"54.09",,,,,,,,35,5,"4-Seam Fastball",1,1,1,1,1,1,1,1,"Standard","Standard",152,"0.004","-0.097","73.8","7.0","0.321651672",,"0.097",,0,0,0.546,0.454,29,22,30,22,3,2,6,1,6,2,"0.97","0.33","-0.33","53.9",1.5518162216102056,28.89598312130667,25.441030314670808,47.82669410494046,10.10828089823599
"CH","2026-08-16","87.7","1.97","6.11","Skubal, Tarik",694192,669373,,"ball",,,,,14,,"R","R","L","LAD","MIL","B",,,2,1,2026,"1.2","0.45",0.5723306404254889,1.1643812778011817,,,,2,5,"Top",,,,,,,-5.838399486104041,-127.49421143042812,-6.422535854317246,14.360692156409842,28.504454400180286,-26.039195452983275,3.237557415,1.63390748,,,,"87",1850,"6.1",823912,666163,518692,669242,571970,605141,606192,681624,663656,"54.39",,,,,,,,35,4,"Changeup",1,1,1,1,1,1,1,1,"Standard","Standard",132,"-0.004","0.1",,,,,"-0.1",,0,0,0.55,0.45,29,22,30,22,3,2,6,1,6,2,"2.54","1.2","-1.2","41.0",,,,,
"FF","2026-08-16","97.3","1.8","6.31","Skubal, Tarik",694192,669373,,"ball",,,,,12,,"R","R","L","LAD","MIL","B",,,1,1,2026,"0.42","1.41",1.0268912362935596,2.840690724139816,,,,2,5,"Top",,,,,,,-3.0143686273160095,-141.5150481090247,-6.841748139561667,6.316634331436197,33.26562871188002,-11.885743505892638,3.237557415,1.63390748,,,,"97.2",2437,"6.3",823912,666163,518692,669242,571970,605141,606192,681624,663656,"54.17",,,,,,,,35,3,"4-Seam Fastball",1,1,1,1,1,1,1,1,"Standard","Standard",151,"-0.003","0.055",,,,,"-0.055",,0,0,0.553,0.447,29,22,30,22,3,2,6,1,6,2,"1.01","0.42","-0.42","49.8",,,,,
"CH","2026-08-16","88.8","2.07","6.02","Skubal, Tarik",694192,669373,,"ball",,,,,14,,"R","R","L","LAD","MIL","B",,,0,1,2026,"1.17","0.46",0.9952823409772342,1.9630328331612636,,,,2,5,"Top",,,,,,,-5.0675559410048825,-129.0964087590936,-4.548027594811851,14.124826875246137,29.11494262405461,-26.28333943582728,3.237557415,1.63390748,,,,"88.3",1898,"6.2",823912,666163,518692,669242,571970,605141,606192,681624,663656,"54.28",,,,,,,,35,2,"Changeup",1,1,1,1,1,1,1,1,"Standard","Standard",131,"-0.001","0.03",,,,,"-0.03",,0,0,0.554,0.446,29,22,30,22,3,2,6,1,6,2,"2.46","1.17","-1.17","40.6",,,,,
"SL","2026-08-16","91.2","2.06","6.12","Skubal, Tarik",694192,669373,,"called_strike",,,,,9,,"R","R","L","LAD","MIL","S",,,0,0,2026,"-0.16","0.42",0.438157498003017,1.9857891696736836,,,,2,5,"Top",,,,,,,-3.681288716083853,-132.79930784770528,-5.251764450741691,-1.180082129864464,25.935662593850616,-26.327201757897896,3.237557415,1.63390748,,,,"91.6",2099,"6.3",823912,666163,518692,669242,571970,605141,606192,681624,663656,"54.21",,,,,,,,35,1,"Slider",1,1,1,1,1,1,1,1,"Standard","Standard",168,"0.002","-0.044",,,,,"0.044",,0,0,0.552,0.448,29,22,30,22,3,2,6,1,6,2,"2.3","-0.16","0.16","48.8",,,,,
"SL","2026-08-16","90.2","2.1","6.13","Skubal, Tarik",800325,669373,"field_out","hit_into_play",,,,,5,"Luis Lara grounds out sharply, second baseman Tommy Edman to first baseman Freddie Freeman.","R","R","L","LAD","MIL","X",4,"ground_ball",3,1,2026,"-0.27","0.42",-0.05819533430191828,2.2865598652257533,,,,1,5,"Top",129.34,142.16,,,,,-4.717370033160066,-131.35568474642758,-4.337981356485476,-2.28377758729369,24.581324542025985,-26.692077709653194,3.004986877,1.516535433,26,"101.5",-4,"90.7",2274,"6.3",823912,666163,518692,669242,571970,605141,606192,681624,663656,"54.2",0.41,0.369,"0",1,0,0,2,34,5,"Slider",1,1,1,1,1,1,1,1,"Standard","Standard",173,"0.035","-0.44","73.3","6.5",,0.443,"0.44","101.5",0,0,0.517,0.483,29,21,30,22,3,2,6,1,6,2,"2.36","-0.27","0.27","45.4",-6.008559622427433,10.061802593579296,25.96389667681925,33.84793104921511,27.329318061585322
"CH","2026-08-16","88.5","2.14","6.03","Skubal, Tarik",800325,669373,,"ball",,,,,13,,"R","R","L","LAD","MIL","B",,,2,1,2026,"1.35","0.46",-0.24583803723313036,0.4640327845413883,,,,1,5,"Top",,,,,,,-8.582251365991985,-128.42912014995292,-8.14516481362574,16.673784951258348,26.779422358357056,-25.568205476064275,3.004986877,1.516535433,,,,"88.2",1929,"6.3",823912,666163,518692,669242,571970,605141,606192,681624,663656,"54.23",,,,,,,,34,4,"Changeup",1,1,1,1,1,1,1,1,"Standard","Standard",130,"-0.01","0.13",,,,,"-0.13",,0,0,0.527,0.473,29,21,30,22,3,2,6,1,6,2,"2.47","1.35","-1.35","44.6",,,,,
"SI","2026-08-16","96.7","1.55","6.32","Skubal, Tarik",800325,669373,,"ball",,,,,11,,"R","R","L","LAD","MIL","B",,,1,1,2026,"0.73","1.06",-1.0618228363264066,2.9166937595369617,,,,1,5,"Top",,,,,,,-8.553598249685535,-140.67154338661402,-5.824538420286974,11.479464527799992,26.862177316367955,-17.011876674858232,3.004986877,1.516535433,,,,"97.3",2245,"6.3",823912,666163,518692,669242,571970,605141,606192,681624,663656,"54.18",,,,,,,,34,3,"Sinker",1,1,1,1,1,1,1,1,"Standard","Standard",155,"-0.004","0.057",,,,,"-0.057",,0,0,0.531,0.469,29,21,30,22,3,2,6,1,6,2,"1.35","0.73","-0.73","49.0",,,,,
"CH","2026-08-16","89.1","2","6.06","Skubal, Tarik",800325,669373,,"ball",,,,,14,,"R","R","L","LAD","MIL","B",,,0,1,2026,"1.02","0.68",0.3289437190428025,0.9779756816097589,,,,1,5,"Top",,,,,,,-6.2060959911451485,-129.5188517181595,-7.644003571744908,12.73993838646218,25.217609559339838,-23.126812285059717,3.004986877,1.516535433,,,,"89",2036,"6.1",823912,666163,518692,669242,571970,605141,606192,681624,663656,"54.36",,,,,,,,34,2,"Changeup",1,1,1,1,1,1,1,1,"Standard","Standard",133,"-0.002","0.032",,,,,"-0.032",,0,0,0.533,0.467,29,21,30,22,3,2,6,1,6,2,"2.18","1.02","-1.02","41.3",,,,,
"FF","2026-08-16","97","1.52","6.28","Skubal, Tarik",800325,669373,,"foul",,,,,1,,"R","R","L","LAD","MIL","S",,,0,0,2026,"0.12","1.23",-0.5551874767410827,2.8051006391215543,,,,1,5,"Top",,,,,,,-5.777124103511372,-141.25818372345842,-6.469203672682478,2.7840248328849726,28.34275569784069,-14.482468687902353,3.004986877,1.516535433,245,"82.6",24,"97.7",2260,"6.4",823912,666163,518692,669242,571970,605141,606192,681624,663656,"54.12",,,,,,,,34,1,"4-Seam Fastball",1,1,1,1,1,1,1,1,"Standard","Standard",159,"0.003","-0.041","65.1","5.7",,,"0.041","88.0",0,0,0.53,0.47,29,21,30,22,3,2,6,1,6,2,"1.17","0.12","-0.12","52.1",-10.374596886549657,24.087007962137914,30.492010129854982,29.886404446377902,17.72573598049714
"CH","2026-08-16","88","2.01","6.22","Skubal, Tarik",661388,669373,"field_out","hit_into_play",,,,,6,"William Contreras flies out to right fielder Kyle Tucker.","R","R","L","LAD","MIL","X",9,"fly_ball",1,1,2026,"1.02","0.59",0.3842381554160914,2.499898835738367,,,,0,5,"Top",195.74,128.99,,,,,-6.0381150177463665,-128.0531299023155,-3.945650272153867,12.455656701315641,26.001233802335197,-25.089145935643426,3.133120079,1.581200787,244,"95.7",58,"87.9",1969,"6.2",823912,666163,518692,669242,571970,605141,606192,681624,663656,"54.32",0.014,0.014,"0",1,0,0,3,33,3,"Changeup",1,1,1,1,1,1,1,1,"Standard","Standard",133,"0.029","-0.248","77.2","7.5",,0.02,"0.248","95.7",0,0,0.501,0.499,29,28,30,29,3,2,6,1,6,2,"2.35","1.02","-1.02","44.0",13.047161276870336,0.7622308313720424,29.221584572187403,40.874885265453486,34.96756439758076
"SL","2026-08-16","93.4","1.86","6.22","Skubal, Tarik",661388,669373,,"ball",,,,,13,,"R","R","L","LAD","MIL","B",,,0,1,2026,"-0.26","0.55",-1.0756633554443744,0.8604094220490344,,,,0,5,"Top",,,,,,,-6.8921112020845285,-135.90855213621663,-9.139001633237438,-2.0393555361751465,23.57257832580223,-23.806316989925886,3.133120079,1.581200787,,,,"94.4",2319,"6.4",823912,666163,518692,669242,571970,605141,606192,681624,663656,"54.09",,,,,,,,33,2,"Slider",1,1,1,1,1,1,1,1,"Standard","Standard",162,"-0.003","0.03",,,,,"-0.03",,0,0,0.504,0.496,29,28,30,29,3,2,6,1,6,2,"2.02","-0.26","0.26","47.8",,,,,
"FF","2026-08-16","96.8","1.5","6.31","Skubal, Tarik",661388,669373,,"called_strike",,,,,8,,"R","R","L","LAD","MIL","S",,,0,0,2026,"0.36","1.51",0.02353266041600388,1.8151232063141471,,,,0,5,"Top",,,,,,,-4.75699368621907,-140.70545954032994,-9.779852565159036,5.823646320173591,28.762213945094253,-10.10747260859417,3.133120079,1.581200787,,,,"97.5",2390,"6.6",823912,666163,518692,669242,571970,605141,606192,681624,663656,"53.95",,,,,,,,33,1,"4-Seam Fastball",1,1,1,1,1,1,1,1,"Standard","Standard",155,"0.004","-0.042",,,,,"0.042",,0,0,0.5,0.5,29,28,30,29,3,2,6,1,6,2,"0.91","0.36","-0.36","51.9",,,,,
"CU","2026-08-16","83","1.84","6.29","Skubal, Tarik",680716,669373,"field_out","hit_into_play",,,,,7,"Jonathan Ornelas grounds out, third baseman Max Muncy to first baseman Freddie Freeman.","R","R","L","LAD","MIL","X",5,"ground_ball",1,2,2026,"-0.76","-0.3",-0.5075179771707434,1.978320460525571,,,,2,4,"Top",99.91,162.93,,,,,-3.7825080810773786,-120.87059154686223,-2.5901596498772097,-6.784470104545998,22.513731212490395,-34.86793836626947,3.233169291,1.631692913,5,"87.4",-26,"83.3",2641,"6.3",823912,666163,518692,669242,571970,605141,606192,681624,663656,"54.18",0.082,0.078,"0",1,0,0,2,28,5,"Curveball",0,1,1,0,1,0,1,0,"Standard","Standard",317,"0.008","-0.18","72.2","6.6",,0.095,"0.18","88.0",-1,1,0.42,0.58,29,26,30,26,2,1,6,1,6,2,"3.59","-0.76","0.76","52.7",7.771739882001288,2.347271715663948,30.07686638293743,30.42019628295322,35.48672476818586
"CH","2026-08-16","89.7","2.09","6.09","Skubal, Tarik",680716,669373,,"foul",,,,,6,,"R","R","L","LAD","MIL","S",,,1,2,2026,"1.34","0.37",0.7235390139412392,2.271570502722255,,,,2,4,"Top",,,,,,,-6.212940421748635,-130.470079595296,-3.990605243013376,16.670440213197484,28.52989866542612,-27.326570835338075,3.233169291,1.631692913,2,"65.5",-49,"89.3",1884,"6.2",823912,666163,518692,669242,571970,605141,606192,681624,663656,"54.32",,,,,,,,28,4,"Changeup",0,1,1,0,1,0,1,0,"Standard","Standard",131,"0","0","74.4","7.4",,,"0","88.0",-1,1,0.42,0.58,29,26,30,26,2,1,6,1,6,2,"2.48","1.34","-1.34","40.8",9.663292420121298,-5.688715214603962,25.683897372005266,43.42249922458981,36.540835412248896
"CH","2026-08-16","88.5","2.06","6.06","Skubal, Tarik",680716,669373,,"swinging_strike",,,,,14,,"R","R","L","LAD","MIL","S",,,1,1,2026,"1.41","0.53",0.587239379556846,1.0971697612682658,,,,2,4,"Top",,,,,,,-6.524319643107722,-128.60841867578245,-6.8436210221929015,16.996861839593418,28.065207444361448,-25.038924234208977,3.233169291,1.631692913,,,,"88.1",1924,"6.2",823912,666163,518692,669242,571970,605141,606192,681624,663656,"54.26",,,,,,,,28,3,"Changeup",0,1,1,0,1,0,1,0,"Standard","Standard",134,"0.002","-0.065","34.3","6.2","5.742377724",,"0.065",,-1,1,0.418,0.582,29,26,30,26,2,1,6,1,6,2,"2.4","1.41","-1.41","42.7",1.87038381001799,29.861908200899187,34.46578270437385,41.69079154470512,10.165084237705129
"SI","2026-08-16","98.1","1.75","6.18","Skubal, Tarik",680716,669373,,"ball",,,,,11,,"R","R","L","LAD","MIL","B",,,0,1,2026,"1.17","1",-0.9243964487666301,2.8072668987433653,,,,2,4,"Top",,,,,,,-9.86974844190409,-142.42561420757937,-5.688609185440459,18.370475935749848,36.557607365523964,-17.389018007648126,3.233169291,1.631692913,,,,"97.3",2311,"6.2",823912,666163,518692,669242,571970,605141,606192,681624,663656,"54.28",,,,,,,,28,2,"Sinker",0,1,1,0,1,0,1,0,"Standard","Standard",145,"-0.001","0.03",,,,,"-0.03",,-1,1,0.419,0.581,29,26,30,26,2,1,6,1,6,2,"1.4","1.17","-1.17","47.0",,,,,
"FF","2026-08-16","97.7","1.49","6.34","Skubal, Tarik",680716,669373,,"called_strike",,,,,4,,"R","R","L","LAD","MIL","S",,,0,0,2026,"0.25","1.52",-0.7049800190984743,2.3194528866967223,,,,2,4,"Top",,,,,,,-6.414116973806205,-142.01537453613574,-8.632980283792055,4.8112419975296055,32.74147428525961,-9.825661114886644,3.233169291,1.631692913,,,,"97.7",2471,"6.4",823912,666163,518692,669242,571970,605141,606192,681624,663656,"54.11",,,,,,,,28,1,"4-Seam Fastball",0,1,1,0,1,0,1,0,"Standard","Standard",154,"0.002","-0.044",,,,,"0.044",,-1,1,0.417,0.583,29,26,30,26,2,1,6,1,6,2,"0.88","0.25","-0.25","52.4",,,,,
"CH","2026-08-16","87.9","2.1","6.1","Skubal, Tarik",687401,669373,"strikeout","swinging_strike",,,,,14,"Joey Ortiz strikes out swinging.","R","R","L","LAD","MIL","S",2,,0,2,2026,"1.29","0.38",1.516935004787752,1.8005752373762238,,,,1,4,"Top",,,,,,,-4.098429225983687,-127.89544619015528,-4.7776595638567825,14.931060769784523,29.06422910083655,-27.209366007082803,3.136630577,1.582972441,,,,"87.4",1806,"6.2",823912,666163,518692,669242,571970,605141,606192,681624,663656,"54.32",,0,"0",1,0,0,,27,3,"Changeup",0,1,1,0,1,0,1,0,"Standard","Standard",133,"0.01","-0.163","66.5","8.8","2.132951268",,"0.163",,-1,1,0.407,0.593,29,27,30,28,2,1,6,1,6,2,"2.6","1.29","-1.29","41.2",11.238635879251097,-18.677884732071064,22.36654974409987,52.547227189747446,35.631679581263725
"CH","2026-08-16","86.5","1.85","6.11","Skubal, Tarik",687401,669373,,"swinging_strike",,,,,9,,"R","R","L","LAD","MIL","S",,,0,1,2026,"1.23","0.2",0.7036692747727322,2.0164975339816205,,,,1,4,"Top",,,,,,,-5.256679957397588,-125.75512161852205,-3.6206555520239236,14.172719691213228,29.105314868559923,-29.473615329574,3.136630577,1.582972441,,,,"86",1791,"6.4",823912,666163,518692,669242,571970,605141,606192,681624,663656,"54.14",,,,,,,,27,2,"Changeup",0,1,1,0,1,0,1,0,"Standard","Standard",132,"0.004","-0.058","74.2","9.1","2.796990636",,"0.058",,-1,1,0.403,0.597,29,27,30,28,2,1,6,1,6,2,"2.89","1.23","-1.23","43.2",15.94763400266372,-32.745592500298464,25.831954763038016,42.36607445775147,43.42711221964681
"FF","2026-08-16","97.4","1.51","6.4","Skubal, Tarik",687401,669373,,"foul",,,,,1,,"R","R","L","LAD","MIL","S",,,0,0,2026,"0.43","1.41",-0.32830315358388873,2.7941849492546567,,,,1,4,"Top",,,,,,,-5.8626551768352675,-141.75157521496644,-7.296853028730506,6.97299670829165,28.721808479637165,-11.619005291942155,3.136630577,1.582972441,152,"79.2",76,"97.8",2444,"6.2",823912,666163,518692,669242,571970,605141,606192,681624,663656,"54.26",,,,,,,,27,1,"4-Seam Fastball",0,1,1,0,1,0,1,0,"Standard","Standard",160,"0.003","-0.041","73.3","7.9",,,"0.041","88.0",-1,1,0.4,0.6,29,27,30,28,2,1,6,1,6,2,"0.97","0.43","-0.43","53.1",5.5226135734319,-9.271367581232369,27.97839643308036,31.57357264645913,29.425950282820303
"CH","2026-08-16","88.4","2.13","6.05","Skubal, Tarik",663604,669373,"field_out","hit_into_play",,,,,8,"Brandon Lockridge flies out to right fielder Kyle Tucker.","R","R","L","LAD","MIL","X",9,"fly_ball",0,2,2026,"0.87","0.78",-0.27136062587660315,1.896443503463198,,,,0,4,"Top",183.26,134.65,,,,,-7.627557416943358,-128.63822433508133,-5.557121779783867,11.139958984089173,22.85118619343086,-22.611693124617016,3.226148294,1.628149606,215,"77.3",55,"89",1977,"6.4",823912,666163,518692,669242,571970,605141,606192,681624,663656,"54.13",0.077,0.093,"0",1,0,0,3,26,3,"Changeup",0,1,1,0,1,0,1,0,"Standard","Standard",137,"0.014","-0.165","74.4","7.2",,0.128,"0.165","88.0",-1,1,0.386,0.614,29,29,30,29,2,1,6,4,6,2,"2.11","0.87","-0.87","41.3",5.1155949417058775,5.527115406714067,35.82089555592529,37.072526385873566,32.751151937497596
"CH","2026-08-16","89","2.03","6.23","Skubal, Tarik",663604,669373,,"called_strike",,,,,5,,"R","R","L","LAD","MIL","S",,,0,1,2026,"1.1","0.66",0.2201043248025385,2.5249957341251448,,,,0,4,"Top",,,,,,,-6.6944481882614095,-129.52871172762082,-4.337274188728325,13.722230443101095,22.22244214415439,-24.018494840222527,3.226148294,1.628149606,,,,"89.1",2053,"6",823912,666163,518692,669242,571970,605141,606192,681624,663656,"54.54",,,,,,,,26,2,"Changeup",0,1,1,0,1,0,1,0,"Standard","Standard",132,"0.006","-0.053",,,,,"0.053",,-1,1,0.38,0.62,29,29,30,29,2,1,6,4,6,2,"2.17","1.1","-1.1","43.1",,,,,
"FF","2026-08-16","97.3","1.36","6.36","Skubal, Tarik",663604,669373,,"foul",,,,,13,,"R","R","L","LAD","MIL","S",,,0,0,2026,"0.15","1.4",-1.150049711716139,2.251376624034932,,,,0,4,"Top",,,,,,,-6.985160744309134,-141.44619693179828,-8.558347369869091,3.518035225902033,30.29210986422306,-11.593282184103051,3.226148294,1.628149606,40,"93",-1,"97.5",2340,"6.3",823912,666163,518692,669242,571970,605141,606192,681624,663656,"54.17",,,,,,,,26,1,"4-Seam Fastball",0,1,1,0,1,0,1,0,"Standard","Standard",157,"0.003","-0.042","76.3","7.3",,,"0.042","93.0",-1,1,0.377,0.623,29,29,30,29,2,1,6,4,6,2,"1","0.15","-0.15","53.3",13.509754165440514,-15.324422663548921,34.49870262173086,26.546124618022503,34.58958974716258
"SI","2026-08-16","98.9","1.54","6.36","Skubal, Tarik",596142,669373,"field_out","hit_into_play",,,,,4,"Gary Sánchez pops out to first baseman Freddie Freeman.","R","R","L","LAD","MIL","X",3,"popup",0,1,2026,"0.98","1.18",-0.4823856510947955,2.747925090246146,,,,2,3,"Top",178.89,150.21,,,,,-7.785681333681074,-143.7539853416019,-7.028856794530746,15.349594621005043,31.34506962772501,-14.283287728670262,3.311277887,1.671112205,181,"77",59,"99.3",2319,"6.4",823912,666163,518692,669242,571970,605141,606192,681624,663656,"54.05",0.023,0.021,"0",1,0,0,3,22,2,"Sinker",0,1,1,0,1,0,1,0,"Standard","Standard",156,"0.009","-0.215","73.7","6.5",,0.026,"0.215","88.0",-1,1,0.428,0.572,29,33,30,34,2,1,6,1,6,4,"1.14","0.98","-0.98","53.2",2.4875006980806775,7.920516172487443,29.142940352000004,28.797707572367482,31.06379695875421
"SL","2026-08-16","92.4","1.9","6.21","Skubal, Tarik",596142,669373,,"foul",,,,,5,,"R","R","L","LAD","MIL","S",,,0,0,2026,"-0.14","0.38",-0.10061982483603021,2.7498021483244814,,,,2,3,"Top",,,,,,,-4.694209871433631,-134.6343149106854,-3.702917416220859,-0.8280219401989285,25.26751646089136,-27.00524809363269,3.311277887,1.671112205,228,"75",29,"92.4",1989,"5.9",823912,666163,518692,669242,571970,605141,606192,681624,663656,"54.59",,,,,,,,22,1,"Slider",0,1,1,0,1,0,1,0,"Standard","Standard",167,"0.002","-0.044","72.9","7.5",,,"0.044","88.0",-1,1,0.426,0.574,29,33,30,34,2,1,6,1,6,4,"2.26","-0.14","0.14","50.3",13.468129210005594,-6.130433643834382,29.050443858565295,35.35573926274303,34.33733108064729
"SL","2026-08-16","90.9","2.14","6.14","Skubal, Tarik",683734,669373,"grounded_into_double_play","hit_into_play",,,,,9,"Andrew Vaughn grounds into a double play, shortstop Mookie Betts to second baseman Tommy Edman to first baseman Freddie Freeman. Jake Bauers out at 2nd. Andrew Vaughn out at 1st.","R","R","L","LAD","MIL","X",6,"ground_ball",2,1,2026,"-0.18","0.46",0.3657594385042033,1.5202265387079523,,,641343,0,3,"Top",111.42,155.06,,,,,-4.020465171940718,-132.38759436362912,-6.533979691235662,-1.378992894234519,23.60660028666132,-25.72287074242454,3.127854331,1.578543307,11,"99.4",-7,"91.7",2146,"6.4",823912,666163,518692,669242,571970,605141,606192,681624,663656,"54.12",0.224,0.202,"0",1,0,0,2,21,4,"Slider",0,1,1,0,1,0,1,0,"Standard","Standard",159,"0.078","-0.388","75.4","7.5",,0.233,"0.388","99.4",-1,1,0.348,0.652,29,28,30,28,2,1,6,1,6,2,"2.26","-0.18","0.18","46.3",4.592617621840924,-1.6082569387196837,34.19789187655243,40.59247842775706,27.145052768213453
"CH","2026-08-16","87.9","2.17","6.08","Skubal, Tarik",683734,669373,,"ball",,,,,14,,"R","R","L","LAD","MIL","B",,,1,1,2026,"1.21","0.27",1.1872360833312676,0.9579663126855138,,,641343,0,3,"Top",,,,,,,-4.893806479380363,-127.83790149288275,-6.57379763740117,14.2385856765707,27.03587182397871,-28.010265026098498,3.127854331,1.578543307,,,,"87.6",1969,"6.2",823912,666163,518692,669242,571970,605141,606192,681624,663656,"54.29",,,,,,,,21,3,"Changeup",0,1,1,0,1,0,1,0,"Standard","Standard",129,"-0.007","0.057",,,,,"-0.057",,-1,1,0.355,0.645,29,28,30,28,2,1,6,1,6,2,"2.69","1.21","-1.21","42.1",,,,,
"SI","2026-08-16","96.3","1.8","6.23","Skubal, Tarik",683734,669373,,"ball",,,,,14,,"R","R","L","LAD","MIL","B",,,0,1,2026,"1.02","1.07",0.4309703255646705,1.2932859181177396,,,641343,0,3,"Top",,,,,,,-5.962832007566438,-139.84980872574843,-9.751949082321975,14.755395799817409,30.448065852697948,-16.078573331639088,3.127854331,1.578543307,,,,"96.6",2263,"6.5",823912,666163,518692,669242,571970,605141,606192,681624,663656,"53.99",,,,,,,,21,2,"Sinker",0,1,1,0,1,0,1,0,"Standard","Standard",158,"-0.003","0.025",,,,,"-0.025",,-1,1,0.358,0.642,29,28,30,28,2,1,6,1,6,2,"1.39","1.02","-1.02","52.0",,,,,
"SL","2026-08-16","89.7","2.11","6.15","Skubal, Tarik",683734,669373,,"called_strike",,,,,9,,"R","R","L","LAD","MIL","S",,,0,0,2026,"-0.42","0.6",0.7177667952563203,1.7454298893422238,,,641343,0,3,"Top",,,,,,,-2.503925274339372,-130.676023107291,-6.030167454566651,-4.332624493128983,24.867421616365213,-24.258041079594953,3.127854331,1.578543307,,,,"90.2",2064,"6.3",823912,666163,518692,669242,571970,605141,606192,681624,663656,"54.21",,,,,,,,21,1,"Slider",0,1,1,0,1,0,1,0,"Standard","Standard",162,"0.005","-0.04",,,,,"0.04",,-1,1,0.353,0.647,29,28,30,28,2,1,6,1,6,2,"2.2","-0.42","0.42","46.9",,,,,
"SL","2026-08-16","91.1","1.88","6.25","Skubal, Tarik",641343,669373,"single","hit_into_play",,,,,4,"Jake Bauers singles on a line drive to center fielder Andy Pages.","R","L","L","LAD","MIL","X",8,"line_drive",0,1,2026,"-0.32","0.4",-0.7465414702277964,2.3391673529572197,,,,0,3,"Top",106.62,88.11,,,,,-5.810687612420361,-132.66304531735005,-4.659007963859703,-2.765809075876926,25.003341612402828,-26.706713741315003,3.217372047,1.623720472,213,"78.5",19,"91.8",2234,"6.4",823912,666163,518692,669242,571970,605141,606192,681624,663656,"54.11",0.989,0.901,"0.9",1,1,0,4,20,2,"Slider",0,1,1,0,1,0,1,0,"Infield shade","Standard",173,"-0.038","0.488","72.9","7.5",,1.068,"-0.488","88.0",-1,1,0.391,0.609,29,30,30,31,2,1,6,1,6,2,"2.32","-0.32","-0.32","51.1",13.386242644867338,6.906512603772455,31.27893865869073,45.66417474626964,29.829561136634062
"SI","2026-08-16","96.4","1.53","6.4","Skubal, Tarik",641343,669373,,"called_strike",,,,,5,,"R","L","L","LAD","MIL","S",,,0,0,2026,"0.77","1.36",0.018357144074553355,2.4899968008604967,,,,0,3,"Top",,,,,,,-5.7072132680751775,-140.1696067175894,-7.687396633241964,11.483463107683777,31.046786066011652,-12.729179056219968,3.217372047,1.623720472,,,,"96",2260,"6",823912,666163,518692,669242,571970,605141,606192,681624,663656,"54.46",,,,,,,,20,1,"Sinker",0,1,1,0,1,0,1,0,"Infield shade","Standard",152,"0.003","-0.042",,,,,"0.042",,-1,1,0.388,0.612,29,30,30,31,2,1,6,1,6,2,"1.1","0.77","0.77","51.6",,,,,
"FF","2026-08-16","96.7","1.61","6.33","Skubal, Tarik",694192,669373,"field_out","hit_into_play",,,,,11,"Jackson Chourio flies out sharply to center fielder Andy Pages.","R","R","L","LAD","MIL","X",8,"fly_ball",1,0,2026,"0.17","1.53",-1.0169808951245167,3.135255406443194,680716,661388,800325,2,2,"Top",104.95,54.51,,,,,-7.319877177814882,-140.5543320031494,-6.308093822604504,3.9119330953155655,32.05979079831616,-10.610661052086014,3.237557415,1.63390748,361,"100.3",40,"96.9",2435,"6.5",823912,666163,518692,669242,571970,605141,606192,681624,663656,"54.03",0.154,0.303,"0",1,0,0,3,16,2,"4-Seam Fastball",0,1,1,0,1,0,1,0,"Standard","Standard",162,"0.078","-0.277","74.9","6.8",,0.572,"0.277","100.3",-1,1,0.365,0.635,29,22,30,22,2,1,6,1,6,2,"0.91","0.17","-0.17","54.0",11.716578841806815,-2.8100441828136047,25.074104853117795,29.386292666768433,33.213560096219624
"CH","2026-08-16","88.4","2.07","6.07","Skubal, Tarik",694192,669373,,"ball",,,,,14,,"R","R","L","LAD","MIL","B",,,0,0,2026,"1.22","0.48",1.0287729142845596,1.0372683551242545,680716,661388,800325,2,2,"Top",,,,,,,-5.091724810010437,-128.62359032935427,-6.965387895165464,14.648676613824657,25.676243339962742,-25.60574455347169,3.237557415,1.63390748,,,,"88.5",1912,"6.3",823912,666163,518692,669242,571970,605141,606192,681624,663656,"54.21",,,,,,,,16,1,"Changeup",0,1,1,0,1,0,1,0,"Standard","Standard",136,"-0.009","0.026",,,,,"-0.026",,-1,1,0.374,0.626,29,22,30,22,2,1,6,1,6,2,"2.43","1.22","-1.22","42.7",,,,,
"SL","2026-08-16","92","2.01","6.22","Skubal, Tarik",800325,669373,"fielders_choice","hit_into_play",,,,,7,"Luis Lara reaches on a fielder's choice. Brandon Lockridge scores. Jonathan Ornelas to 3rd. William Contreras to 2nd. Missed catch error by second baseman Tommy Edman, assist to shortstop Mookie Betts.","R","R","L","LAD","MIL","X",6,"ground_ball",0,2,2026,"-0.47","0.12",-0.6201122830552084,1.9625569749349436,663604,680716,661388,2,2,"Top",113.84,155.06,,,,,-5.571115424915601,-133.88133895975972,-5.026487774876415,-4.482544874347178,27.43206121173856,-29.912469835331205,3.004986877,1.516535433,3,"75.8",-35,"92.4",2300,"6.4",823912,666163,518692,669242,571970,605141,606192,681624,663656,"54.07",0.055,0.05,"0.9",1,0,0,2,15,3,"Slider",0,0,0,0,1,0,1,0,"Standard","Standard",181,"-0.131","0.498","70.7","5.8",,0.056,"-0.498","88.0",0,0,0.505,0.495,29,21,30,22,2,1,6,1,6,2,"2.56","-0.47","0.47","49.2",-12.086211289542497,22.95539561183462,31.590910724951815,26.23033331774908,22.55670079101554
"FF","2026-08-16","95.8","1.67","6.38","Skubal, Tarik",800325,669373,,"foul",,,,,5,,"R","R","L","LAD","MIL","S",,,0,1,2026,"0.08","1.3",-0.23474984624299208,2.1648660077878508,663604,680716,661388,2,2,"Top",,,,,,,-5.141657992459942,-139.34909173389082,-8.301902708909992,2.1027958765094463,28.09543887333821,-13.538287937264084,3.004986877,1.516535433,1,"80.3",-68,"95.9",2278,"6.1",823912,666163,518692,669242,571970,605141,606192,681624,663656,"54.38",,,,,,,,15,2,"4-Seam Fastball",0,0,0,0,0,0,0,0,"Standard","Standard",157,"0.019","-0.051","69.0","6.1",,,"0.051","88.0",0,0,0.486,0.514,29,21,30,22,2,1,6,1,6,2,"1.16","0.08","-0.08","54.7",-4.717772824386169,20.46366888438366,29.106677828566323,31.397865809030936,17.126206501600457
"CH","2026-08-16","87","2.08","6.12","Skubal, Tarik",800325,669373,,"swinging_strike_blocked",,,,,14,,"R","R","L","LAD","MIL","S",,,0,0,2026,"1.41","0.43",0.18294808476643842,0.6333797165628079,663604,680716,661388,2,2,"Top",,,,,,,-7.4175853252661295,-126.23910473152817,-7.53237010625893,16.565360198905,27.02706790594654,-26.15277186692976,3.004986877,1.516535433,,,,"86.7",1864,"6.4",823912,666163,518692,669242,571970,605141,606192,681624,663656,"54.13",,,,,,,,15,1,"Changeup",0,0,0,0,0,0,0,0,"Standard","Standard",132,"0.012","-0.038","72.3","8.3","7.41505746",,"0.038",,0,0,0.474,0.526,29,21,30,22,2,1,6,1,6,2,"2.61","1.41","-1.41","42.5",17.811514458175143,-35.07062715249425,30.866448219172057,36.45842131883046,57.89190432985687
"CH","2026-08-16","87.8","1.88","6.1","Skubal, Tarik",661388,669373,"walk","ball",,,,,14,"William Contreras walks. Jonathan Ornelas to 2nd.","R","R","L","LAD","MIL","B",,,3,2,2026,"1","0.37",0.27043512986654117,1.2333686622356157,663604,,680716,2,2,"Top",,,,,,,-5.94531665230608,-127.72179388967382,-6.1630610680128655,12.223345141234223,26.626945319297082,-27.016455236674062,3.133120079,1.581200787,,,,"87.7",1933,"6.3",823912,666163,518692,669242,571970,605141,606192,681624,663656,"54.23",,0.698334,"0.7",1,0,0,,14,8,"Changeup",0,0,0,0,0,0,0,0,"Standard","Standard",137,"-0.022","0.175",,,,,"-0.175",,0,0,0.496,0.504,29,28,30,29,2,1,6,1,6,2,"2.59","1","-1","44.2",,,,,
"SI","2026-08-16","97.8","1.67","6.32","Skubal, Tarik",661388,669373,,"foul",,,,,1,,"R","R","L","LAD","MIL","S",,,3,2,2026,"0.88","1.26",-0.5374611256327015,2.822206171459467,663604,,680716,2,2,"Top",,,,,,,-7.93427845483066,-142.16525729702846,-6.711971035322332,13.657748220167027,30.794998294788865,-13.659435568416043,3.133120079,1.581200787,230,"76.7",27,"98.1",2297,"6.4",823912,666163,518692,669242,571970,605141,606192,681624,663656,"54.13",,,,,,,,14,7,"Sinker",0,0,0,0,0,0,0,0,"Standard","Standard",154,"0","0","73.8","6.9",,,"0","88.0",0,0,0.496,0.504,29,28,30,29,2,1,6,1,6,2,"1.11","0.88","-0.88","53.7",4.8661925987569585,2.742944456089656,28.909593832191632,30.515707136844973,29.646997489921503
"FF","2026-08-16","97.8","1.45","6.34","Skubal, Tarik",661388,669373,,"foul",,,,,11,,"R","R","L","LAD","MIL","S",,,3,2,2026,"0.12","1.48",-1.252363530548303,2.7507167139193904,663604,,680716,2,2,"Top",,,,,,,-7.499141953405225,-142.12258264354554,-7.471935672235757,3.2643732209746172,31.323375890316022,-10.55792817639935,3.133120079,1.581200787,223,"77.1",51,"98.2",2447,"6.5",823912,666163,518692,669242,571970,605141,606192,681624,663656,"54",,,,,,,,14,6,"4-Seam Fastball",0,0,0,0,0,0,0,0,"Strategic","Standard",154,"0","0","73.1","7.1",,,"0","88.0",0,0,0.496,0.504,29,28,30,29,2,1,6,1,6,2,"0.9","0.12","-0.12","51.3",11.724011970690183,-5.841027884945159,30.34826881027193,22.597243815155238,34.364907777836756
"CH","2026-08-16","87.3","2.21","6.08","Skubal, Tarik",661388,669373,,"foul",,,,,5,,"R","R","L","LAD","MIL","S",,,3,1,2026,"1.03","0.34",0.21475204682463422,2.3413380498741057,663604,,680716,2,2,"Top",,,,,,,-6.867913855844087,-126.913491057093,-3.266619373587779,12.55364463019358,27.994864967540344,-28.043555901924186,3.133120079,1.581200787,,,,"86.7",1837,"6.2",823912,666163,518692,669242,571970,605141,606192,681624,663656,"54.35",,,,,,,,14,5,"Changeup",0,0,0,0,0,0,0,0,"Standard","Standard",134,"0.006","-0.092","79.2","8.2",,,"0.092",,0,0,0.49,0.51,29,28,30,29,2,1,6,1,6,2,"2.68","1.03","-1.03","42.6",21.515846988066468,-22.202268338170487,25.805832008837235,39.36311523258167,48.84106576537427
"SI","2026-08-16","96.5","1.55","6.19","Skubal, Tarik",661388,669373,,"ball",,,,,13,,"R","R","L","LAD","MIL","B",,,2,1,2026,"1.09","0.95",-0.992739028091417,1.7092558439614223,663604,,680716,2,2,"Top",,,,,,,-9.156791408322285,-140.01978935690553,-8.236807595243038,16.384515246076358,31.59084293610846,-17.933556172536395,3.133120079,1.581200787,,,,"96.1",2337,"6.2",823912,666163,518692,669242,571970,605141,606192,681624,663656,"54.29",,,,,,,,14,4,"Sinker",0,0,0,0,0,0,0,0,"Standard","Standard",153,"-0.007","0.076",,,,,"-0.076",,0,0,0.497,0.503,29,28,30,29,2,1,6,1,6,2,"1.51","1.09","-1.09","52.6",,,,,
"FF","2026-08-16","96.9","1.58","6.29","Skubal, Tarik",661388,669373,,"ball",,,,,13,,"R","R","L","LAD","MIL","B",,,1,1,2026,"0.42","1.45",-1.1971601370064953,2.0211588672160627,663604,,680716,2,2,"Top",,,,,,,-8.277235946455267,-140.73048126220147,-8.942240514460178,7.457157588129186,31.041941094218206,-11.047433518210205,3.133120079,1.581200787,,,,"96.7",2400,"6.2",823912,666163,518692,669242,571970,605141,606192,681624,663656,"54.29",,,,,,,,14,3,"4-Seam Fastball",0,0,0,0,0,0,0,0,"Standard","Standard",156,"-0.006","0.018",,,,,"-0.018",,0,0,0.503,0.497,29,28,30,29,2,1,6,1,6,2,"0.98","0.42","-0.42","51.7",,,,,
"FF","2026-08-16","97.2","1.65","6.35","Skubal, Tarik",661388,669373,,"ball",,,,,12,,"R","R","L","LAD","MIL","B",,,0,1,2026,"0.14","1.34",0.12360204161595514,3.987919507025339,663604,,680716,2,2,"Top",,,,,,,-4.370771451712303,-141.51788180799034,-3.7491733376975813,2.8978610427584335,32.20876096810646,-13.575184432496558,3.133120079,1.581200787,,,,"97.4",2440,"6.4",823912,666163,518692,669242,571970,605141,606192,681624,663656,"54.13",,,,,,,,14,2,"4-Seam Fastball",0,0,0,0,0,0,0,0,"Standard","Standard",155,"-0.005","0.014",,,,,"-0.014",,0,0,0.508,0.492,29,28,30,29,2,1,6,1,6,2,"1.07","0.14","-0.14","53.6",,,,,
"SL","2026-08-16","90.7","1.92","6.29","Skubal, Tarik",661388,669373,,"called_strike",,,,,2,,"R","R","L","LAD","MIL","S",,,0,0,2026,"-0.26","0.3",-0.022805196350297874,3.15230290794954,663604,,680716,2,2,"Top",,,,,,,-4.189351876287165,-132.14407159039527,-2.464032583044762,-2.3383742897104054,24.965658715972147,-28.294698585632975,3.133120079,1.581200787,,,,"90.8",2172,"6",823912,666163,518692,669242,571970,605141,606192,681624,663656,"54.49",,,,,,,,14,1,"Slider",0,0,0,0,0,0,0,0,"Standard","Standard",190,"0.008","-0.027",,,,,"0.027",,0,0,0.5,0.5,29,28,30,29,2,1,6,1,6,2,"2.43","-0.26","0.26","50.5",,,,,
"FF","2026-08-16","98.1","1.56","6.42","Skubal, Tarik",680716,669373,"single","hit_into_play",,,,,2,"Jonathan Ornelas singles on a sharp line drive to left fielder Teoscar Hernández. Brandon Lockridge to 3rd.","R","R","L","LAD","MIL","X",7,"line_drive",0,2,2026,"0.39","1.44",0.2212400187779509,3.2270416526511765,,,663604,2,2,"Top",80.9,83.16,,,,,-4.454776138926832,-142.76474246472742,-6.287068300621946,6.342163245105543,32.86679482494333,-11.273941228709957,3.233169291,1.631692913,205,"103.3",12,"97.5",2493,"6",823912,666163,518692,669242,571970,605141,606192,681624,663656,"54.54",0.96,0.947,"0.9",1,1,0,4,13,3,"4-Seam Fastball",0,0,0,0,0,0,0,0,"Standard","Standard",156,"-0.037","0.445","71.5","7.1",,1.231,"-0.445","103.3",0,0,0.537,0.463,29,26,30,26,1,0,6,1,6,2,"0.93","0.39","-0.39","49.0",11.931793582162355,-3.3355991343517797,22.441153385934413,38.451167792165045,32.51777289128228
"FF","2026-08-16","96.8","1.45","6.39","Skubal, Tarik",680716,669373,,"foul",,,,,3,,"R","R","L","LAD","MIL","S",,,0,1,2026,"0.29","1.54",0.5705716048144349,3.134736870611393,,,663604,2,2,"Top",,,,,,,-2.992719780456963,-141.01740221500373,-6.567077303687003,4.459100466363874,29.02695897456694,-10.367835079893744,3.233169291,1.631692913,219,"73.9",49,"97.4",2429,"6.4",823912,666163,518692,669242,571970,605141,606192,681624,663656,"54.12",,,,,,,,13,2,"4-Seam Fastball",0,0,0,0,0,0,0,0,"Standard","Standard",158,"0.006","-0.061","63.4","7.0",,,"0.061","88.0",0,0,0.531,0.469,29,26,30,26,1,0,6,1,6,2,"0.87","0.29","-0.29","51.7",-1.7313895273997553,15.021567311337495,20.255859739976035,43.044262823204456,15.411519644632872
"FF","2026-08-16","96.7","1.51","6.34","Skubal, Tarik",680716,669373,,"swinging_strike",,,,,12,,"R","R","L","LAD","MIL","S",,,0,0,2026,"0.33","1.51",0.31089494841046333,3.5667515763528974,,,663604,2,2,"Top",,,,,,,-3.914211523991642,-140.85907697747615,-5.186918624775867,5.22552827968087,30.294189848688216,-11.09573400511608,3.233169291,1.631692913,,,,"97",2472,"6.3",823912,666163,518692,669242,571970,605141,606192,681624,663656,"54.22",,,,,,,,13,1,"4-Seam Fastball",0,0,0,0,0,0,0,0,"Standard","Standard",158,"0.003","-0.04","65.7","5.9","1.588991964",,"0.04",,0,0,0.528,0.472,29,26,30,26,1,0,6,1,6,2,"0.91","0.33","-0.33","52.8",-9.38666856926837,37.50445394427979,25.45349246945248,39.63384068447963,7.983557808491526
"SI","2026-08-16","96.5","1.51","6.32","Skubal, Tarik",687401,669373,"strikeout","swinging_strike",,,,,12,"Joey Ortiz strikes out swinging.","R","R","L","LAD","MIL","S",2,,1,2,2026,"1.02","1.3",0.29867682655249883,3.3864308122150346,,,663604,1,2,"Top",,,,,,,-5.537506960819166,-140.46918885018812,-5.07923281441402,14.795004192864853,30.534557053273673,-13.92902877419837,3.136630577,1.582972441,,,,"96.7",2223,"6.3",823912,666163,518692,669242,571970,605141,606192,681624,663656,"54.19",,0,"0",1,0,0,,12,5,"Sinker",0,0,0,0,0,0,0,0,"Standard","Standard",153,"0.022","-0.178","69.7","5.9","0.153849504",,"0.178",,0,0,0.506,0.494,29,27,30,28,1,0,6,1,6,2,"1.13","1.02","-1.02","50.4",-10.273262439421497,34.15538020868608,27.91734749944482,37.20855982813865,7.511386502458931
"FF","2026-08-16","97.2","1.33","6.46","Skubal, Tarik",687401,669373,,"foul",,,,,11,,"R","R","L","LAD","MIL","S",,,1,2,2026,"0.23","1.3",-0.9879758384177441,3.0651675878350897,,,663604,1,2,"Top",,,,,,,-6.65855114923991,-141.40957673949913,-6.441228583685492,4.382873706517053,28.179235476447367,-13.425372655283168,3.136630577,1.582972441,156,"56.6",30,"97.6",2416,"6.3",823912,666163,518692,669242,571970,605141,606192,681624,663656,"54.22",,,,,,,,12,4,"4-Seam Fastball",0,0,0,0,0,0,0,0,"Standard","Standard",160,"0","0","64.2","6.0",,,"0","88.0",0,0,0.506,0.494,29,27,30,28,1,0,6,1,6,2,"1.09","0.23","-0.23","54.0",-13.098625688108973,13.668868328325543,35.55434147577917,21.6197345504601,18.44318148395244
"FF","2026-08-16","96.7","1.47","6.36","Skubal, Tarik",687401,669373,,"foul",,,,,2,,"R","R","L","LAD","MIL","S",,,1,1,2026,"0.22","1.3",0.24559537624873246,3.001199272676553,,,663604,1,2,"Top",,,,,,,-3.7368900782433294,-140.78636907895893,-6.20891725355035,3.78541868856047,29.913880593048706,-13.64391710840047,3.136630577,1.582972441,233,"79.5",46,"96.6",2342,"6.1",823912,666163,518692,669242,571970,605141,606192,681624,663656,"54.44",,,,,,,,12,3,"4-Seam Fastball",0,0,0,0,0,0,0,0,"Standard","Standard",154,"0.007","-0.069","71.1","6.5",,,"0.069","88.0",0,0,0.499,0.501,29,27,30,28,1,0,6,1,6,2,"1.12","0.22","-0.22","52.1",-10.446911696385335,24.58706793391769,26.498089576189745,36.8408239955101,11.54245541077637
"CH","2026-08-16","87.4","2.12","6.03","Skubal, Tarik",687401,669373,,"blocked_ball",,,,,14,,"R","R","L","LAD","MIL","B",,,0,1,2026,"1.24","0.37",0.3735053543458642,0.24309251597349446,,,663604,1,2,"Top",,,,,,,-6.708370676736939,-126.92044852863344,-8.280546637244534,14.777102665534267,24.255895997071505,-26.669297519907232,3.136630577,1.582972441,,,,"87.2",1854,"6.1",823912,666163,518692,669242,571970,605141,606192,681624,663656,"54.4",,,,,,,,12,2,"Changeup",0,0,0,0,0,0,0,0,"Standard","Standard",133,"-0.003","0.028",,,,,"-0.028",,0,0,0.502,0.498,29,27,30,28,1,0,6,1,6,2,"2.61","1.24","-1.24","39.3",,,,,
"CH","2026-08-16","87.3","2.02","6.09","Skubal, Tarik",687401,669373,,"swinging_strike",,,,,14,,"R","R","L","LAD","MIL","S",,,0,0,2026,"1.19","0.49",0.719886435770529,1.35111249083911,,,663604,1,2,"Top",,,,,,,-5.592741776049017,-126.98792109489077,-6.008574411226706,14.07166344278945,26.3499911151057,-25.782311303424727,3.136630577,1.582972441,,,,"87.3",1922,"6.3",823912,666163,518692,669242,571970,605141,606192,681624,663656,"54.18",,,,,,,,12,1,"Changeup",0,0,0,0,0,0,0,0,"Standard","Standard",130,"0.005","-0.039","73.9","8.7","5.944972524",,"0.039",,0,0,0.497,0.503,29,27,30,28,1,0,6,1,6,2,"2.5","1.19","-1.19","43.1",16.56386120153783,-25.531566180996798,32.979893359313046,43.54340852774199,43.32736236721897
"CH","2026-08-16","87.7","2.08","6.07","Skubal, Tarik",663604,669373,"walk","ball",,,,,13,"Brandon Lockridge walks.","R","R","L","LAD","MIL","B",,,3,2,2026,"0.91","0.27",-0.9063649823674133,1.9383343375932425,,,,1,2,"Top",,,,,,,-8.993315634014252,-127.46979727165947,-4.242324517898177,11.588788841172049,22.94463676887163,-28.576513555182245,3.226148294,1.628149606,,,,"87.8",1901,"6.1",823912,666163,518692,669242,571970,605141,606192,681624,663656,"54.39",,0.698334,"0.7",1,0,0,,11,6,"Changeup",0,0,0,0,0,0,0,0,"Standard","Standard",128,"-0.022","0.338",,,,,"-0.338",,0,0,0.519,0.481,29,29,30,29,1,0,6,4,6,2,"2.67","0.91","-0.91","42.8",,,,,
"SI","2026-08-16","96.5","1.7","6.28","Skubal, Tarik",663604,669373,,"foul",,,,,14,,"R","R","L","LAD","MIL","S",,,3,1,2026,"1.09","1.14",0.13777473534232465,1.4961915598686848,,,,1,2,"Top",,,,,,,-6.620071892058543,-140.14783492030307,-9.52512838597913,15.852344067945626,31.931939859352738,-15.12007147058692,3.226148294,1.628149606,120,"77",10,"96.5",2266,"6.4",823912,666163,518692,669242,571970,605141,606192,681624,663656,"54.1",,,,,,,,11,5,"Sinker",0,0,0,0,0,0,0,0,"Standard","Standard",152,"0.006","-0.095","77.9","7.3",,,"0.095","88.0",0,0,0.513,0.487,29,29,30,29,1,0,6,4,6,2,"1.32","1.09","-1.09","50.3",3.2926565673670054,0.06460086665636243,37.28534260628302,40.10371737894795,29.27059898651698
"FF","2026-08-16","95.7","1.6","6.35","Skubal, Tarik",663604,669373,,"called_strike",,,,,3,,"R","R","L","LAD","MIL","S",,,3,0,2026,"0.47","1.5",0.3405355813528828,2.787807610068536,,,,1,2,"Top",,,,,,,-4.347968035685479,-139.23230036908305,-6.96739938144499,7.0969780137679646,31.79175468695143,-11.352907357185709,3.226148294,1.628149606,,,,"95.3",2411,"6.1",823912,666163,518692,669242,571970,605141,606192,681624,663656,"54.37",,,,,,,,11,4,"4-Seam Fastball",0,0,0,0,0,0,0,0,"Standard","Standard",153,"0.006","-0.078",,,,,"0.078",,0,0,0.507,0.493,29,29,30,29,1,0,6,4,6,2,"1","0.47","-0.47","51.5",,,,,
"SI","2026-08-16","95.9","1.63","6.31","Skubal, Tarik",663604,669373,,"ball",,,,,12,,"R","R","L","LAD","MIL","B",,,2,0,2026,"1.1","1.12",0.2329248965363675,3.574700265698306,,,,1,2,"Top",,,,,,,-6.168060208145269,-139.5203853058974,-4.0175748199591155,15.703027771989328,31.1186403272861,-16.82005146072145,3.226148294,1.628149606,,,,"95.8",2252,"6.2",823912,666163,518692,669242,571970,605141,606192,681624,663656,"54.26",,,,,,,,11,3,"Sinker",0,0,0,0,0,0,0,0,"Standard","Standard",156,"-0.008","0.139",,,,,"-0.139",,0,0,0.515,0.485,29,29,30,29,1,0,6,4,6,2,"1.36","1.1","-1.1","50.2",,,,,
"FF","2026-08-16","96.4","1.39","6.45","Skubal, Tarik",663604,669373,,"ball",,,,,12,,"R","R","L","LAD","MIL","B",,,1,0,2026,"0.2","1.62",0.011662661307462602,3.8861885890288947,,,,1,2,"Top",,,,,,,-4.06646836509707,-140.2656253571059,-4.771352982711809,3.5969075841616,32.48159084382726,-9.89993153698909,3.226148294,1.628149606,,,,"95.9",2438,"6.1",823912,666163,518692,669242,571970,605141,606192,681624,663656,"54.44",,,,,,,,11,2,"4-Seam Fastball",0,0,0,0,0,0,0,0,"Standard","Standard",157,"-0.005","0.077",,,,,"-0.077",,0,0,0.52,0.48,29,29,30,29,1,0,6,4,6,2,"0.84","0.2","-0.2","56.6",,,,,
"CH","2026-08-16","87.8","1.97","6.16","Skubal, Tarik",663604,669373,,"ball",,,,,12,,"R","R","L","LAD","MIL","B",,,0,0,2026,"0.93","0.7",0.3564886888777037,3.4604322486278187,,,,1,2,"Top",,,,,,,-5.804329056178904,-127.75943076901504,-1.6797228558625938,11.449747906314242,27.164358774513502,-24.384906995868764,3.226148294,1.628149606,,,,"87.5",1936,"6.2",823912,666163,518692,669242,571970,605141,606192,681624,663656,"54.33",,,,,,,,11,1,"Changeup",0,0,0,0,0,0,0,0,"Standard","Standard",138,"-0.003","0.041",,,,,"-0.041",,0,0,0.523,0.477,29,29,30,29,1,0,6,4,6,2,"2.26","0.93","-0.93","43.1",,,,,
"CH","2026-08-16","89","2.08","6.03","Skubal, Tarik",596142,669373,"strikeout","swinging_strike",,,,,14,"Gary Sánchez strikes out swinging.","R","R","L","LAD","MIL","S",2,,2,2,2026,"1.09","0.36",0.266874628333035,1.1781034142248736,,,,0,2,"Top",,,,,,,-6.701052899186341,-129.28271816998037,-6.342313652653111,13.587435596562578,27.25801957509816,-26.927189750170804,3.311277887,1.671112205,,,,"88.7",1981,"6.3",823912,666163,518692,669242,571970,605141,606192,681624,663656,"54.25",,0,"0",1,0,0,,10,6,"Changeup",0,0,0,0,0,0,0,0,"Standard","Standard",134,"0.02","-0.233","67.6","8.4","7.227236784",,"0.233",,0,0,0.503,0.497,29,33,30,34,1,0,6,1,6,4,"2.53","1.09","-1.09","41.3",21.734253370929636,-37.347729504521766,34.78807123568018,38.071276861009395,54.858100355399664
"FF","2026-08-16","97.6","1.65","6.4","Skubal, Tarik",596142,669373,,"ball",,,,,11,,"R","R","L","LAD","MIL","B",,,1,2,2026,"-0.03","1.53",-0.20492772951057914,4.513534950250898,,,,0,2,"Top",,,,,,,-4.873799835240886,-142.08633069875393,-2.981600207919846,0.7342347878717078,32.157229319042585,-11.009672771445215,3.311277887,1.671112205,,,,"97.7",2428,"6.3",823912,666163,518692,669242,571970,605141,606192,681624,663656,"54.21",,,,,,,,10,5,"4-Seam Fastball",0,0,0,0,0,0,0,0,"Standard","Standard",156,"-0.004","0.046",,,,,"-0.046",,0,0,0.507,0.493,29,33,30,34,1,0,6,1,6,4,"0.86","-0.03","0.03","51.0",,,,,
"SL","2026-08-16","92.7","2.09","6.17","Skubal, Tarik",596142,669373,,"foul",,,,,5,,"R","R","L","LAD","MIL","S",,,1,2,2026,"-0.22","0.54",0.24158490879208308,2.4379171045160026,,,,0,2,"Top",,,,,,,-4.188492339015766,-134.95275555348243,-4.7733974948773845,-1.8816803739235481,26.851639232172786,-24.830027747149863,3.311277887,1.671112205,178,"68.7",35,"93.3",2391,"6.4",823912,666163,518692,669242,571970,605141,606192,681624,663656,"54.09",,,,,,,,10,4,"Slider",0,0,0,0,0,0,0,0,"Standard","Standard",169,"0","0","64.3","6.4",,,"0","88.0",0,0,0.507,0.493,29,33,30,34,1,0,6,1,6,4,"2.1","-0.22","0.22","45.7",-13.471352166459061,20.860420752835832,30.258397009930153,36.658692426411534,18.39988161278328
"CH","2026-08-16","88.5","1.87","6.22","Skubal, Tarik",596142,669373,,"ball",,,,,14,,"R","R","L","LAD","MIL","B",,,0,2,2026,"1.06","0.35",1.2242838462250445,2.265433303194105,,,,0,2,"Top",,,,,,,-3.7798989479487464,-128.80378648790338,-4.074918680919403,12.63706268974185,26.19484813549881,-27.647939344203472,3.311277887,1.671112205,,,,"87.7",2027,"5.7",823912,666163,518692,669242,571970,605141,606192,681624,663656,"54.76",,,,,,,,10,3,"Changeup",0,0,0,0,0,0,0,0,"Standard","Standard",137,"-0.002","0.022",,,,,"-0.022",,0,0,0.509,0.491,29,33,30,34,1,0,6,1,6,4,"2.55","1.06","-1.06","43.8",,,,,
"FF","2026-08-16","97","1.6","6.26","Skubal, Tarik",596142,669373,,"swinging_strike",,,,,11,,"R","R","L","LAD","MIL","S",,,0,1,2026,"0.4","1.57",-0.7291640740512086,3.430565372174059,,,,0,2,"Top",,,,,,,-7.067126755997304,-141.1223283059545,-5.50116233735358,6.943605669948358,30.67716703807525,-10.071330062515951,3.311277887,1.671112205,,,,"96.9",2481,"6.1",823912,666163,518692,669242,571970,605141,606192,681624,663656,"54.38",,,,,,,,10,2,"4-Seam Fastball",0,0,0,0,0,0,0,0,"Standard","Standard",152,"0.006","-0.053","62.8","5.8","1.05072204",,"0.053",,0,0,0.503,0.497,29,33,30,34,1,0,6,1,6,4,"0.84","0.4","-0.4","50.4",3.433904968844364,22.146208567727793,28.466984646399048,26.653155001529267,25.504759866893487
"CH","2026-08-16","86.3","1.89","6.15","Skubal, Tarik",596142,669373,,"called_strike",,,,,6,,"R","R","L","LAD","MIL","S",,,0,0,2026,"1.02","0.47",0.4853681612306898,2.299664770460493,,,,0,2,"Top",,,,,,,-5.360326595309374,-125.69471357602103,-3.736302978166592,11.876697570708702,22.660679055194432,-26.65532677939912,3.311277887,1.671112205,,,,"86.1",2018,"5.9",823912,666163,518692,669242,571970,605141,606192,681624,663656,"54.63",,,,,,,,10,1,"Changeup",0,0,0,0,0,0,0,0,"Standard","Standard",139,"0.003","-0.042",,,,,"0.042",,0,0,0.5,0.5,29,33,30,34,1,0,6,1,6,4,"2.56","1.02","-1.02","43.9",,,,,
"FF","2026-08-16","96.5","1.55","6.32","Skubal, Tarik",683734,669373,"field_out","hit_into_play",,,,,1,"Andrew Vaughn flies out to right fielder Kyle Tucker.","R","R","L","LAD","MIL","X",9,"fly_ball",1,1,2026,"0.52","1.45",-0.4489635574152889,2.81676056698617,,661388,641343,2,1,"Top",164.57,130.16,,,,,-6.483573890942546,-140.34796854535833,-6.982658931151637,8.282701988153857,28.26639056323988,-11.616169383867138,3.127854331,1.578543307,199,"86.4",59,"97.4",2417,"6.6",823912,666163,518692,669242,571970,605141,606192,681624,663656,"53.92",0.026,0.023,"0",1,0,0,3,5,3,"4-Seam Fastball",0,0,0,0,0,0,0,0,"Standard","Standard",153,"0.041","-0.269","76.3","6.9",,0.033,"0.269","88.0",0,0,0.507,0.493,29,28,30,28,1,0,6,1,6,2,"0.98","0.52","-0.52","51.6",9.093888114183196,-6.931821654979727,27.217604095864775,32.600372229666476,32.382310696209736
"CH","2026-08-16","89.8","2.04","6.09","Skubal, Tarik",683734,669373,,"ball",,,,,14,,"R","R","L","LAD","MIL","B",,,0,1,2026,"1.35","0.26",0.2149462808734528,1.238615083283619,,661388,641343,2,1,"Top",,,,,,,-7.353132398424304,-130.48278779477386,-6.356537669056808,16.903836063685038,25.794096545708427,-28.078418419912108,3.127854331,1.578543307,,,,"89.9",1856,"6.3",823912,666163,518692,669242,571970,605141,606192,681624,663656,"54.18",,,,,,,,5,2,"Changeup",0,0,0,0,0,0,0,0,"Standard","Standard",136,"-0.004","0.019",,,,,"-0.019",,0,0,0.511,0.489,29,28,30,28,1,0,6,1,6,2,"2.56","1.35","-1.35","43.5",,,,,
"CH","2026-08-16","87.6","2.03","6.09","Skubal, Tarik",683734,669373,,"swinging_strike",,,,,14,,"R","R","L","LAD","MIL","S",,,0,0,2026,"1.17","0.53",0.9086876878461319,2.2165525633330323,,661388,641343,2,1,"Top",,,,,,,-5.1343307858760205,-127.5462158742142,-4.148031093360899,13.866497362875794,24.761835961307323,-25.762304310054436,3.127854331,1.578543307,,,,"87.8",1845,"6.2",823912,666163,518692,669242,571970,605141,606192,681624,663656,"54.26",,,,,,,,5,1,"Changeup",0,0,0,0,0,0,0,0,"Standard","Standard",125,"0.006","-0.034","71.8","8.1","3.732229512",,"0.034",,0,0,0.505,0.495,29,28,30,28,1,0,6,1,6,2,"2.42","1.17","-1.17","44.3",22.46736056050286,-25.366688031827945,27.15615958442272,46.89461979903453,41.63354884592027
"SI","2026-08-16","96.5","1.68","6.19","Skubal, Tarik",641343,669373,"single","hit_into_play",,,,,2,"Jake Bauers singles on a sharp ground ball to left fielder Teoscar Hernández. William Contreras to 2nd.","R","L","L","LAD","MIL","X",7,"ground_ball",0,0,2026,"1.1","0.75",-0.010837495518825069,2.905446929804952,,,661388,2,1,"Top",104.76,94.49,,,,,-7.0153696420000085,-140.4172393158259,-4.740749165118655,16.118907220502308,28.965252885755653,-21.436849367410947,3.217372047,1.623720472,55,"103.7",0,"97.3",2215,"6.5",823912,666163,518692,669242,571970,605141,606192,681624,663656,"53.95",0.466,0.429,"0.9",1,1,0,4,4,1,"Sinker",0,0,0,0,0,0,0,0,"Standard","Standard",151,"-0.021","0.345","71.7","6.4",,0.52,"-0.345","103.7",0,0,0.526,0.474,29,30,30,31,1,0,6,1,6,2,"1.69","1.1","1.1","50.3",-1.680134812719114,22.560604509723024,28.86851725397503,37.32411684666984,18.53726625972181
"CH","2026-08-16","87.6","1.99","6.14","Skubal, Tarik",694192,669373,"strikeout","swinging_strike",,,,,14,"Jackson Chourio strikes out swinging.","R","R","L","LAD","MIL","S",2,,2,2,2026,"1.13","0.22",1.2162029103452412,1.234263654106555,,,661388,1,1,"Top",,,,,,,-4.210868945927331,-127.50062647558558,-5.945692444636134,13.17228397218784,24.653368916427006,-28.773510696157217,3.237557415,1.63390748,,,,"87.7",1863,"6.2",823912,666163,518692,669242,571970,605141,606192,681624,663656,"54.29",,0,"0",1,0,0,,3,6,"Changeup",0,0,0,0,0,0,0,0,"Standard","Standard",142,"0.024","-0.231","69.3","8.5","7.571976948",,"0.231",,0,0,0.502,0.498,29,22,30,22,1,0,6,1,6,2,"2.73","1.13","-1.13","44.7",19.053413207964176,-22.56189296765856,30.704228665645832,52.73528935678568,46.73622149785801
"FF","2026-08-16","96.1","1.52","6.32","Skubal, Tarik",694192,669373,,"foul",,,,,1,,"R","R","L","LAD","MIL","S",,,2,2,2026,"0.17","1.46",-0.45617897424496734,2.822850459426465,,,661388,1,1,"Top",,,,,,,-5.5702836361491705,-139.7362793192509,-6.8325545518500626,3.475955723710267,30.83440299454159,-11.62683941225404,3.237557415,1.63390748,328,"94.1",26,"96.2",2365,"6.3",823912,666163,518692,669242,571970,605141,606192,681624,663656,"54.16",,,,,,,,3,5,"4-Seam Fastball",0,0,0,0,0,0,0,0,"Standard","Standard",154,"0","0","75.5","7.4",,,"0","94.1",0,0,0.502,0.498,29,22,30,22,1,0,6,1,6,2,"1","0.17","-0.17","51.2",16.895843941027877,-17.15768896993003,29.42651079292978,31.617728153764922,40.26406824637672
"CH","2026-08-16","88","2.11","6.05","Skubal, Tarik",694192,669373,,"blocked_ball",,,,,14,,"R","R","L","LAD","MIL","B",,,1,2,2026,"0.75","0.53",0.13186376727189908,0.5244821743633445,,,661388,1,1,"Top",,,,,,,-6.2868730837126074,-127.89267471103334,-8.114244293569515,9.513397986246943,26.30127444190285,-24.85796154641953,3.237557415,1.63390748,,,,"87.7",1838,"6.2",823912,666163,518692,669242,571970,605141,606192,681624,663656,"54.32",,,,,,,,3,4,"Changeup",0,0,0,0,0,0,0,0,"Standard","Standard",129,"-0.004","0.054",,,,,"-0.054",,0,0,0.506,0.494,29,22,30,22,1,0,6,1,6,2,"2.42","0.75","-0.75","41.6",,,,,
"SL","2026-08-16","91.7","1.83","6.24","Skubal, Tarik",694192,669373,,"swinging_strike",,,,,13,,"R","R","L","LAD","MIL","S",,,1,1,2026,"-0.24","0.35",-1.0473341014230018,1.3371511834473062,,,661388,1,1,"Top",,,,,,,-6.645322953285002,-133.3700055973371,-7.113479322909589,-1.7034413055035258,24.48216807545137,-26.825189149649407,3.237557415,1.63390748,,,,"92.2",2217,"6.3",823912,666163,518692,669242,571970,605141,606192,681624,663656,"54.23",,,,,,,,3,3,"Slider",0,0,0,0,0,0,0,0,"Standard","Standard",167,"0.007","-0.069","75.4","7.8","2.025183492",,"0.069",,0,0,0.499,0.501,29,22,30,22,1,0,6,1,6,2,"2.33","-0.24","0.24","49.4",12.907901296522097,-18.094353086006233,38.21066629355024,25.674480446215668,35.45080331611071
"FF","2026-08-16","96.4","1.65","6.37","Skubal, Tarik",694192,669373,,"ball",,,,,12,,"R","R","L","LAD","MIL","B",,,0,1,2026,"0.42","1.36",0.9841877904130448,3.3494102838165056,,,661388,1,1,"Top",,,,,,,-2.709191860510673,-140.31223424916064,-5.420322827614815,6.115109787419587,30.764528708608598,-13.170666787142574,3.237557415,1.63390748,,,,"96.6",2393,"6.3",823912,666163,518692,669242,571970,605141,606192,681624,663656,"54.21",,,,,,,,3,2,"4-Seam Fastball",0,0,0,0,0,0,0,0,"Standard","Standard",155,"-0.003","0.028",,,,,"-0.028",,0,0,0.502,0.498,29,22,30,22,1,0,6,1,6,2,"1.08","0.42","-0.42","51.4",,,,,
"FF","2026-08-16","95.5","1.8","6.33","Skubal, Tarik",694192,669373,,"foul",,,,,6,,"R","R","L","LAD","MIL","S",,,0,0,2026,"0.43","1.32",0.4043023721911511,2.6903633634266217,,,661388,1,1,"Top",,,,,,,-4.606170657575835,-138.9131307091777,-6.792387854495498,6.544982093242475,29.259247792572264,-13.744068816556764,3.237557415,1.63390748,,,,"95.7",2314,"6.3",823912,666163,518692,669242,571970,605141,606192,681624,663656,"54.19",,,,,,,,3,1,"4-Seam Fastball",0,0,0,0,0,0,0,0,"Standard","Standard",154,"0.004","-0.039","74.9","6.9",,,"0.039",,0,0,0.498,0.502,29,22,30,22,1,0,6,1,6,2,"1.17","0.43","-0.43","51.2",1.705967504246625,23.331750364706668,23.690878137995245,44.19682736065899,19.406052679363455
"CH","2026-08-16","88.7","1.82","6.09","Skubal, Tarik",800325,669373,"field_out","hit_into_play",,,,,9,"Luis Lara flies out to center fielder Andy Pages.","R","R","L","LAD","MIL","X",8,"fly_ball",0,2,2026,"0.53","0.75",0.5260400474306788,1.7254774920450244,,,661388,0,1,"Top",128.42,82.16,,,,,-4.240402054535616,-129.06173003866778,-5.982636985524489,6.820760893889112,25.94928616838826,-22.719435301545243,3.004986877,1.516535433,291,"82.6",30,"88.7",1842,"6.2",823912,666163,518692,669242,571970,605141,606192,681624,663656,"54.3",0.063,0.066,"0",1,0,0,3,2,3,"Changeup",0,0,0,0,0,0,0,0,"Standard","Standard",132,"0.02","-0.158","69.9","7.3",,0.105,"0.158","88.0",0,0,0.478,0.522,29,21,30,22,1,0,6,1,6,2,"2.14","0.53","-0.53","42.6",5.519482267394532,-3.6319745798654743,25.424327948818455,40.89637871753878,36.47623976423779
"SI","2026-08-16","95.6","1.67","6.18","Skubal, Tarik",800325,669373,,"foul",,,,,11,,"R","R","L","LAD","MIL","S",,,0,1,2026,"0.83","1.16",-0.19799125764250647,3.2444883576867807,,,661388,0,1,"Top",,,,,,,-6.754646520970168,-138.97175956383316,-4.558304555484265,12.319204461671623,31.76825946805093,-16.3230405621989,3.004986877,1.516535433,152,"79.3",73,"95.5",2218,"6.3",823912,666163,518692,669242,571970,605141,606192,681624,663656,"54.18",,,,,,,,2,2,"Sinker",0,0,0,0,0,0,0,0,"Standard","Standard",149,"0.009","-0.049","65.6","6.5",,,"0.049","88.0",0,0,0.469,0.531,29,21,30,22,1,0,6,1,6,2,"1.34","0.83","-0.83","46.8",-1.8903955974769255,0.09747324354747575,21.217614390311407,31.06063297997615,30.002855387168246
"CH","2026-08-16","86.1","2.07","6.09","Skubal, Tarik",800325,669373,,"foul",,,,,12,,"R","R","L","LAD","MIL","S",,,0,0,2026,"1.2","0.38",1.0795624061969513,2.7941505786529106,,,661388,0,1,"Top",,,,,,,-4.777458174309845,-125.34389560809201,-2.213273637380088,13.60357826363926,23.04805973844244,-27.94015943192815,3.004986877,1.516535433,161,"62.4",34,"86.2",1912,"6.1",823912,666163,518692,669242,571970,605141,606192,681624,663656,"54.36",,,,,,,,2,1,"Changeup",0,0,0,0,0,0,0,0,"Standard","Standard",125,"0.005","-0.04","67.0","7.2",,,"0.04","88.0",0,0,0.464,0.536,29,21,30,22,1,0,6,1,6,2,"2.67","1.2","-1.2","41.1",6.202300055348671,0.023476102919065323,17.288612552402384,48.9508779615788,33.93126334357641
"CH","2026-08-16","89.3","1.94","6.11","Skubal, Tarik",661388,669373,"single","hit_into_play",,,,,8,"William Contreras singles on a sharp ground ball to center fielder Andy Pages.","R","R","L","LAD","MIL","X",8,"ground_ball",0,1,2026,"1.21","0.42",-0.043153352317578664,1.7065889169728488,,,,0,1,"Top",115.53,126.98,,,,,-7.3567866662379595,-129.800358031432,-5.453348575364832,15.210586246764128,27.38761686720391,-26.419795931137994,3.133120079,1.581200787,31,"103.8",-2,"88.8",1907,"6.1",823912,666163,518692,669242,571970,605141,606192,681624,663656,"54.42",0.406,0.372,"0.9",1,1,0,4,1,2,"Changeup",0,0,0,0,0,0,0,0,"Standard","Standard",132,"-0.039","0.488","74.6","7.5",,0.449,"-0.488","103.8",0,0,0.503,0.497,29,28,30,29,1,0,6,1,6,2,"2.44","1.21","-1.21","43.1",4.825084440465287,5.732606512192417,36.93707889373841,33.81774831091867,29.21831909991699
"FF","2026-08-16","96.3","1.47","6.31","Skubal, Tarik",661388,669373,,"foul",,,,,2,,"R","R","L","LAD","MIL","S",,,0,0,2026,"0.1","1.45",-0.212328053400934,2.804725901695727,,,,0,1,"Top",,,,,,,-4.632597953985798,-140.15047011409652,-6.883494664726548,2.3582283448855343,29.879152744029806,-11.640920814316678,3.133120079,1.581200787,,,,"96.2",2396,"6.1",823912,666163,518692,669242,571970,605141,606192,681624,663656,"54.42",,,,,,,,1,1,"4-Seam Fastball",0,0,0,0,0,0,0,0,"Standard","Standard",161,"0.003","-0.042","78.5","7.6",,,"0.042",,0,0,0.5,0.5,29,28,30,29,1,0,6,1,6,2,"0.99","0.1","-0.1","53.6",11.662653906118706,0.8780084383728803,26.050792000812155,33.75900417433296,30.584107304026418
"CH","2026-08-10","88.6","2.13","6.07","Skubal, Tarik",695506,669373,"strikeout","swinging_strike",,,,,9,"Jac Caglianone strikes out swinging.","R","L","L","LAD","KC","S",2,,2,2,2026,"1.32","0.26",0.34004148524940736,1.7448240388869136,,679845,677951,2,5,"Top",,,,,,,-7.1017240023715384,-128.7504234646869,-4.779892484366735,16.117067862656544,27.414895254695242,-28.48840377815295,3.401673228,1.716732283,,,,"88.5",1977,"6.3",823918,676439,518692,500743,571970,605141,669242,681624,606192,"54.16",,0,"0",1,0,0,,38,6,"Changeup",2,3,3,2,3,2,3,2,"Standard","Standard",131,"0.04","-0.228","78.3","8.7","2.147715948",,"0.228",,-1,1,0.375,0.625,29,23,30,23,3,2,6,1,6,1,"2.66","1.32","1.32","42.2",21.073965782365743,-29.19528457944313,27.712123320199865,35.41991296635341,49.16640544341813
"FF","2026-08-10","97.9","2.13","6.19","Skubal, Tarik",695506,669373,,"ball",,,,,12,,"R","L","L","LAD","KC","B",,,1,2,2026,"0.41","1.41",1.3216601491327777,4.3374504934139555,,679845,677951,2,5,"Top",,,,,,,-3.116760688852771,-142.642794934898,-2.706925840767962,6.279451506707852,30.71506603772438,-12.47196824377133,3.401673228,1.716732283,,,,"98.4",2425,"6.3",823918,676439,518692,500743,571970,605141,669242,681624,606192,"54.17",,,,,,,,38,5,"4-Seam Fastball",2,3,3,2,3,2,3,2,"Standard","Standard",145,"-0.007","0.021",,,,,"-0.021",,-1,1,0.382,0.618,29,23,30,23,3,2,6,1,6,1,"0.95","0.41","0.41","43.5",,,,,
"FF","2026-08-10","98.2","1.69","6.39","Skubal, Tarik",695506,669373,,"foul",,,,,8,,"R","L","L","LAD","KC","S",,,1,2,2026,"0.24","1.35",-0.23664394378976084,2.0644381770806333,,679845,677951,2,5,"Top",,,,,,,-5.71530389280645,-142.75740466080717,-9.23805846323613,4.48666757998073,29.49532511261628,-11.755594438197527,3.401673228,1.716732283,260,"83.2",33,"98.7",2370,"6.4",823918,676439,518692,500743,571970,605141,669242,681624,606192,"54.13",,,,,,,,38,4,"4-Seam Fastball",2,3,3,2,3,2,3,2,"Standard","Standard",154,"0","0","75.7","7.1",,,"0","88.0",-1,1,0.382,0.618,29,23,30,23,3,2,6,1,6,1,"0.99","0.24","0.24","50.0",-10.059658815444356,17.117100831258607,37.95390129405016,43.153680969840664,15.242303689577062
"FF","2026-08-10","96.2","1.57","6.46","Skubal, Tarik",695506,669373,,"foul",,,,,3,,"R","L","L","LAD","KC","S",,,1,1,2026,"0.1","1.57",0.4973810668814561,3.2223712677123535,,679845,677951,2,5,"Top",,,,,,,-3.020354835234134,-139.98663255896184,-6.417755444729106,1.9290922347554917,30.834674141427524,-10.327580915866026,3.401673228,1.716732283,194,"78.4",63,"96.3",2360,"6.3",823918,676439,518692,500743,571970,605141,669242,681624,606192,"54.2",,,,,,,,38,3,"4-Seam Fastball",2,3,3,2,3,2,3,2,"Standard","Standard",155,"0.012","-0.061","76.7","7.2",,,"0.061","88.0",-1,1,0.37,0.63,29,23,30,23,3,2,6,1,6,1,"0.89","0.1","0.1","54.3",6.73649019894118,-3.7442725171598163,27.493076204033112,33.706653329134376,30.54976436926982
"FF","2026-08-10","97.2","1.52","6.44","Skubal, Tarik",695506,669373,,"ball",,,,,12,,"R","L","L","LAD","KC","B",,,0,1,2026,"0.24","1.6",1.568656180034309,3.990023723209646,,679845,677951,2,5,"Top",,,,,,,-0.4380827016570393,-141.48131582501418,-4.570887914391482,3.350562234444263,32.4168241991509,-9.919607339695181,3.401673228,1.716732283,,,,"97.2",2384,"6.3",823918,676439,518692,500743,571970,605141,669242,681624,606192,"54.19",,,,,,,,38,2,"4-Seam Fastball",2,3,3,2,3,2,3,2,"Standard","Standard",157,"-0.005","0.019",,,,,"-0.019",,-1,1,0.375,0.625,29,23,30,23,3,2,6,1,6,1,"0.82","0.24","0.24","51.5",,,,,
"SI","2026-08-10","95.9","1.74","6.3","Skubal, Tarik",695506,669373,,"called_strike",,,,,7,,"R","L","L","LAD","KC","S",,,0,0,2026,"1.24","0.98",-0.6000765299473159,1.7676082117924898,,679845,677951,2,5,"Top",,,,,,,-8.956241760234075,-139.16354497239416,-8.357811857740922,18.1354812879851,31.292311493719534,-17.706349106442353,3.401673228,1.716732283,,,,"96",2266,"6.5",823918,676439,518692,500743,571970,605141,669242,681624,606192,"54.01",,,,,,,,38,1,"Sinker",2,3,3,2,3,2,3,2,"Standard","Standard",152,"0.007","-0.034",,,,,"0.034",,-1,1,0.368,0.632,29,23,30,23,3,2,6,1,6,1,"1.51","1.24","1.24","49.3",,,,,
"SI","2026-08-10","97.4","1.85","6.21","Skubal, Tarik",677951,669373,"walk","ball",,,,,11,"Bobby Witt Jr. challenged (pitch result), call on the field was overturned: Bobby Witt Jr. walks. Nick Loftin to 2nd.","R","R","L","LAD","KC","B",,,3,2,2026,"1.21","0.75",-1.0067370572772731,2.8878311148138307,,,679845,2,5,"Top",,,,,,,-10.438253653807452,-141.55239394085015,-5.017988131531342,18.50553367071111,29.401447299363994,-21.103748519643634,3.238435039,1.634350394,,,,"98.3",2280,"6.6",823918,676439,518692,500743,571970,605141,669242,681624,606192,"53.86",,0.698334,"0.7",1,0,0,,37,6,"Sinker",2,3,3,2,3,2,3,2,"Standard","Standard",151,"-0.02","0.216",,,,,"-0.216",,-1,1,0.388,0.612,29,26,30,26,3,2,6,1,6,1,"1.64","1.21","-1.21","45.2",,,,,
"FF","2026-08-10","97.1","1.89","6.34","Skubal, Tarik",677951,669373,,"ball",,,,,12,,"R","R","L","LAD","KC","B",,,2,2,2026,"0.35","1.34",1.4158805011312154,4.211258996246987,,,679845,2,5,"Top",,,,,,,-2.0794987739174373,-141.53921080071768,-3.1787878030421974,5.160002387243154,30.198010463101465,-13.62541566012849,3.238435039,1.634350394,,,,"97.6",2307,"6.3",823918,676439,518692,500743,571970,605141,669242,681624,606192,"54.19",,,,,,,,37,5,"4-Seam Fastball",2,3,3,2,3,2,3,2,"Standard","Standard",150,"-0.007","0.08",,,,,"-0.08",,-1,1,0.395,0.605,29,26,30,26,3,2,6,1,6,1,"1.06","0.35","-0.35","48.5",,,,,
"FF","2026-08-10","96.8","1.67","6.34","Skubal, Tarik",677951,669373,,"foul",,,,,4,,"R","R","L","LAD","KC","S",,,2,1,2026,"0.14","1.4",-0.8040185276444554,2.44888268026796,,,679845,2,5,"Top",,,,,,,-6.842194449091799,-140.6857196154669,-7.883866740924582,3.275317806240553,30.11545457457138,-11.928364612667766,3.238435039,1.634350394,134,"58.4",60,"97.2",2222,"6.5",823918,676439,518692,500743,571970,605141,669242,681624,606192,"54.04",,,,,,,,37,4,"4-Seam Fastball",2,3,3,2,3,2,3,2,"Standard","Standard",149,"0.006","-0.07","76.4","6.4",,,"0.07","88.0",-1,1,0.389,0.611,29,26,30,26,3,2,6,1,6,1,"1.02","0.14","-0.14","53.3",-5.392227078303955,9.569451486511154,38.35370139062113,25.19545437378636,21.73404988597756
"CH","2026-08-10","87.4","2.17","6.08","Skubal, Tarik",677951,669373,,"ball",,,,,14,,"R","R","L","LAD","KC","B",,,1,1,2026,"1.27","0.3",1.4437663375391814,1.4978948242797823,,,679845,2,5,"Top",,,,,,,-4.380731428293627,-127.28132468189338,-5.315853970760719,14.759756089570372,24.192875351196612,-28.085333653086543,3.238435039,1.634350394,,,,"87.5",1823,"6.1",823918,676439,518692,500743,571970,605141,669242,681624,606192,"54.35",,,,,,,,37,3,"Changeup",2,3,3,2,3,2,3,2,"Standard","Standard",120,"-0.003","0.054",,,,,"-0.054",,-1,1,0.392,0.608,29,26,30,26,3,2,6,1,6,1,"2.66","1.27","-1.27","41.5",,,,,
"FF","2026-08-10","96.6","1.87","6.25","Skubal, Tarik",677951,669373,,"foul",,,,,6,,"R","R","L","LAD","KC","S",,,1,0,2026,"0.34","1.41",0.7017562037790199,2.3907367143379243,,,679845,2,5,"Top",,,,,,,-3.853515034017105,-140.5770802133109,-7.8061232995615155,5.376183167007477,29.305126107130448,-11.873258015771846,3.238435039,1.634350394,,,,"96.9",2253,"6.3",823918,676439,518692,500743,571970,605141,669242,681624,606192,"54.2",,,,,,,,37,2,"4-Seam Fastball",2,3,3,2,3,2,3,2,"Standard","Standard",150,"0.003","-0.047","74.6","6.1",,,"0.047",,-1,1,0.389,0.611,29,26,30,26,3,2,6,1,6,1,"1.01","0.34","-0.34","48.4",-16.847878794383586,30.850988233421624,31.534433128514305,42.741594234646406,5.994389168609949
"CH","2026-08-10","86.7","1.93","6.07","Skubal, Tarik",677951,669373,,"blocked_ball",,,,,13,,"R","R","L","LAD","KC","B",,,0,0,2026,"1.22","0.44",-0.33153039302672815,0.6559197097993796,,,679845,2,5,"Top",,,,,,,-7.855286712138136,-125.93281050129065,-7.375200213056038,14.511138314861682,24.485377476905395,-26.220048491865686,3.238435039,1.634350394,,,,"86.8",1928,"6.4",823918,676439,518692,500743,571970,605141,669242,681624,606192,"54.12",,,,,,,,37,1,"Changeup",2,3,3,2,3,2,3,2,"Standard","Standard",126,"-0.002","0.035",,,,,"-0.035",,-1,1,0.391,0.609,29,26,30,26,3,2,6,1,6,1,"2.6","1.22","-1.22","41.4",,,,,
"CU","2026-08-10","83.5","1.71","6.1","Skubal, Tarik",679845,669373,"hit_by_pitch","hit_by_pitch",,,,,13,"Nick Loftin hit by pitch.","R","R","L","LAD","KC","B",,,0,2,2026,"-0.97","-0.3",-2.461720479527109,0.6915119906760818,,,,2,5,"Top",,,,,,,-7.567953309495715,-121.49433405506021,-5.212375638566163,-8.367142355269122,21.56739504894267,-34.4430591133142,3.18226706,1.606003937,,,,"84.2",2582,"6.6",823918,676439,518692,500743,571970,605141,669242,681624,606192,"53.93",,0.729295,"0.7",1,0,0,,36,4,"Curveball",2,3,3,2,3,2,3,2,"Standard","Standard",317,"-0.017","0.442",,,,,"-0.442",,-1,1,0.408,0.592,29,27,30,28,3,2,6,1,6,1,"3.55","-0.97","0.97","50.3",,,,,
"FF","2026-08-10","99.4","1.77","6.28","Skubal, Tarik",679845,669373,,"foul",,,,,2,,"R","R","L","LAD","KC","S",,,0,2,2026,"0.24","1.44",0.003758199059024636,3.22800859637582,,,,2,5,"Top",,,,,,,-5.345215250204021,-144.59104269816106,-6.160508348720251,4.593445260357696,35.23860337420385,-10.79061481943173,3.18226706,1.606003937,239,"81.5",50,"99.2",2391,"6.3",823918,676439,518692,500743,571970,605141,669242,681624,606192,"54.18",,,,,,,,36,3,"4-Seam Fastball",2,3,3,2,3,2,3,2,"Standard","Standard",154,"0","0","65.5","5.9",,,"0","88.0",-1,1,0.408,0.592,29,27,30,28,3,2,6,1,6,1,"0.88","0.24","-0.24","47.8",-1.0846590373979237,15.509035353516184,30.364260285776943,38.17299127013667,18.172715672781024
"CH","2026-08-10","86.6","2.06","6.07","Skubal, Tarik",679845,669373,,"foul",,,,,5,,"R","R","L","LAD","KC","S",,,0,1,2026,"1.22","0.21",0.06396393756482399,2.176037852863099,,,,2,5,"Top",,,,,,,-7.2260568997639725,-125.89378959944672,-3.294197190895901,14.435006435762832,24.36182973853473,-29.523893428361713,3.18226706,1.606003937,3,"74.8",-38,"86.7",1812,"6.3",823918,676439,518692,500743,571970,605141,669242,681624,606192,"54.21",,,,,,,,36,2,"Changeup",2,3,3,2,3,2,3,2,"Standard","Standard",124,"0.002","-0.062","72.9","7.1",,,"0.062","88.0",-1,1,0.406,0.594,29,27,30,28,3,2,6,1,6,1,"2.83","1.22","-1.22","41.0",8.263534730724968,-9.737345302916031,27.954637301421307,38.83135075846315,36.53882116314479
"SL","2026-08-10","90.8","1.97","6.04","Skubal, Tarik",679845,669373,,"called_strike",,,,,8,,"R","R","L","LAD","KC","S",,,0,0,2026,"-0.43","0.56",0.0698973113400072,1.7155115089871626,,,,2,5,"Top",,,,,,,-3.785597348850328,-132.11344656292522,-5.916694753661337,-4.211787202857101,27.71625146230661,-24.54790160585732,3.18226706,1.606003937,,,,"91.1",2021,"6.4",823918,676439,518692,500743,571970,605141,669242,681624,606192,"54.06",,,,,,,,36,1,"Slider",2,3,3,2,3,2,3,2,"Standard","Standard",152,"0.002","-0.044",,,,,"0.044",,-1,1,0.404,0.596,29,27,30,28,3,2,6,1,6,1,"2.2","-0.43","0.43","43.9",,,,,
"CH","2026-08-10","89.8","2.08","5.98","Skubal, Tarik",664728,669373,"field_out","hit_into_play",,,,,7,"Kyle Isbel grounds out sharply, second baseman Miguel Rojas to first baseman Freddie Freeman.","R","L","L","LAD","KC","X",4,"ground_ball",1,2,2026,"1.11","0.35",-0.2926555982231791,1.7878290039452356,,,,1,5,"Top",149,142.27,,,,,-8.234850269656793,-130.60736350636046,-5.005265299295284,14.35443827926867,24.69673667481559,-27.288686852013466,3.113812336,1.571456693,11,"104.5",-9,"90.9",1963,"6.7",823918,676439,518692,500743,571970,605141,669242,681624,606192,"53.77",0.299,0.27,"0",1,0,0,2,35,7,"Changeup",2,3,3,2,3,2,3,2,"Strategic","Standard",129,"0.013","-0.182","78.4","7.8",,0.32,"0.182","104.5",-1,1,0.391,0.609,29,29,30,29,2,1,6,1,6,1,"2.45","1.11","1.11","40.2",-0.08672560393728587,-4.159439677291689,24.270954395926196,38.98864791992221,31.872260972145995
"CH","2026-08-10","89.6","2.41","6.03","Skubal, Tarik",664728,669373,,"foul",,,,,8,,"R","L","L","LAD","KC","S",,,1,2,2026,"0.94","0.83",0.20429744162338892,1.585645555502476,,,,1,5,"Top",,,,,,,-7.38840812150625,-130.33666140370335,-6.587151345557127,12.15563408166386,24.75800654378154,-21.485923253091574,3.113812336,1.571456693,41,"90.6",0,"90.1",1836,"6.4",823918,676439,518692,500743,571970,605141,669242,681624,606192,"54.08",,,,,,,,35,6,"Changeup",2,3,3,2,3,2,3,2,"Strategic","Standard",133,"0","0","79.1","8.1",,,"0","90.6",-1,1,0.391,0.609,29,29,30,29,2,1,6,1,6,1,"1.98","0.94","0.94","40.5",10.291559937288582,-21.61976963558307,30.7652330883454,32.281596769114074,40.78100803664262
"SI","2026-08-10","98.6","1.85","6.2","Skubal, Tarik",664728,669373,,"foul",,,,,5,,"R","L","L","LAD","KC","S",,,1,2,2026,"1.06","0.91",-0.21500418984617564,2.6228639145485975,,,,1,5,"Top",,,,,,,-8.039948775330283,-143.39408694809083,-6.266847204003453,16.301575597816665,28.179516073142928,-18.41661849631277,3.113812336,1.571456693,302,"88.1",30,"99.3",2078,"6.4",823918,676439,518692,500743,571970,605141,669242,681624,606192,"54.12",,,,,,,,35,5,"Sinker",2,3,3,2,3,2,3,2,"Strategic","Standard",146,"0","0","73.9","6.1",,,"0","88.1",-1,1,0.391,0.609,29,29,30,29,2,1,6,1,6,1,"1.41","1.06","1.06","45.7",-9.35296947736253,36.59783083376613,21.472415517656216,38.23704464970957,11.465633365505166
"FF","2026-08-10","98.1","1.65","6.48","Skubal, Tarik",664728,669373,,"foul",,,,,12,,"R","L","L","LAD","KC","S",,,1,2,2026,"0.45","1.28",0.46807741556919497,3.2612296679294484,,,,1,5,"Top",,,,,,,-4.20570424882138,-142.80786772114143,-6.0897210072749255,7.055282999053664,29.44871260602393,-13.450366426111994,3.113812336,1.571456693,221,"78.9",22,"98.6",2399,"6.3",823918,676439,518692,500743,571970,605141,669242,681624,606192,"54.19",,,,,,,,35,4,"4-Seam Fastball",2,3,3,2,3,2,3,2,"Standard","Standard",149,"0","0","60.2","5.5",,,"0","88.0",-1,1,0.391,0.609,29,29,30,29,2,1,6,1,6,1,"1.07","0.45","0.45","51.0",-9.962117527430845,34.64509576549874,22.30622800689841,30.424570273449127,14.8133945261233
"CH","2026-08-10","90.2","2.04","6.07","Skubal, Tarik",664728,669373,,"ball",,,,,13,,"R","L","L","LAD","KC","B",,,0,2,2026,"1.25","0.12",-0.17020318887185004,1.2357872075888539,,,,1,5,"Top",,,,,,,-8.104760675936461,-131.00364035225076,-6.03988756372493,16.13786054006555,26.891294980552242,-29.70835293680208,3.113812336,1.571456693,,,,"90",1861,"6.2",823918,676439,518692,500743,571970,605141,669242,681624,606192,"54.26",,,,,,,,35,3,"Changeup",2,3,3,2,3,2,3,2,"Standard","Standard",133,"-0.002","0.019",,,,,"-0.019",,-1,1,0.393,0.607,29,29,30,29,2,1,6,1,6,1,"2.69","1.25","1.25","41.3",,,,,
"FF","2026-08-10","97.3","1.56","6.43","Skubal, Tarik",664728,669373,,"foul",,,,,12,,"R","L","L","LAD","KC","S",,,0,1,2026,"0.1","1.2",0.4691575765064666,3.4757950089953975,,,,1,5,"Top",,,,,,,-3.133120806691144,-141.69348707580738,-5.05623101188265,1.9882531653420716,28.845866414857735,-15.081281194174144,3.113812336,1.571456693,,,,"97.9",2136,"6.3",823918,676439,518692,500743,571970,605141,669242,681624,606192,"54.19",,,,,,,,35,2,"4-Seam Fastball",2,3,3,2,3,2,3,2,"Standard","Standard",158,"0.004","-0.058",,,,,"0.058",,-1,1,0.389,0.611,29,29,30,29,2,1,6,1,6,1,"1.19","0.1","0.1","54.1",,,,,
"CU","2026-08-10","80.1","1.84","6.28","Skubal, Tarik",664728,669373,,"called_strike",,,,,5,,"R","L","L","LAD","KC","S",,,0,0,2026,"-0.87","-0.56",-0.19177588717282867,2.34270686320145,,,,1,5,"Top",,,,,,,-2.7578650039181594,-116.79042663151711,-0.762739828881706,-7.5600267919052,20.412402963611243,-37.35370906772425,3.113812336,1.571456693,,,,"80.6",2428,"6.3",823918,676439,518692,500743,571970,605141,669242,681624,606192,"54.17",,,,,,,,35,1,"Curveball",2,3,3,2,3,2,3,2,"Standard","Standard",323,"0.003","-0.041",,,,,"0.041",,-1,1,0.386,0.614,29,29,30,29,2,1,6,1,6,1,"4.07","-0.87","-0.87","50.8",,,,,
"CH","2026-08-10","86.8","2.27","6.05","Skubal, Tarik",686555,669373,"field_out","hit_into_play",,,,,3,"Isaac Collins flies out to center fielder Andy Pages.","R","R","L","LAD","KC","X",8,"fly_ball",1,2,2026,"1.16","0.58",0.6728466799220241,2.6236925340046136,,,,0,5,"Top",136.41,75.71,,,,,-6.193497808740097,-126.36133708439102,-3.074604866436121,13.672465684180278,23.219039801792995,-25.476882657752576,3.012885499,1.520521654,307,"90.8",43,"87.2",1903,"6.3",823918,676439,518692,500743,571970,605141,669242,681624,606192,"54.19",0.011,0.015,"0",1,0,0,3,34,4,"Changeup",2,3,3,2,3,2,3,2,"Standard","Standard",127,"0.017","-0.187","71.6","7.0",,0.021,"0.187","90.8",-1,1,0.369,0.631,29,28,30,29,2,1,6,2,6,1,"2.41","1.16","-1.16","41.6",7.203039353825985,-0.32578736027262495,23.094218782577748,43.90720330266042,38.566020639944085
"SI","2026-08-10","95.6","1.84","6.26","Skubal, Tarik",686555,669373,,"swinging_strike",,,,,11,,"R","R","L","LAD","KC","S",,,1,1,2026,"1.04","1.08",-0.04978434848317015,3.2847324767011035,,,,0,5,"Top",,,,,,,-7.2971418812292335,-139.12479351072514,-4.533128319705941,15.065704343230697,28.501892698885403,-17.31979298169775,3.012885499,1.520521654,,,,"96",2126,"6.3",823918,676439,518692,500743,571970,605141,669242,681624,606192,"54.16",,,,,,,,34,3,"Sinker",2,3,3,2,3,2,3,2,"Standard","Standard",150,"0.006","-0.061","73.7","6.0","0.1",,"0.061",,-1,1,0.363,0.637,29,28,30,29,2,1,6,2,6,1,"1.4","1.04","-1.04","45.8",-1.2585258574504918,5.122879701379588,19.39971585249056,36.07146731100086,30.447346502846365
"CH","2026-08-10","88.3","2.23","6.04","Skubal, Tarik",686555,669373,,"ball",,,,,14,,"R","R","L","LAD","KC","B",,,0,1,2026,"1.25","0.67",0.2223561996645398,1.1956317808566377,,,,0,5,"Top",,,,,,,-7.456133838585681,-128.27222534059317,-6.882221614771912,15.348788632702668,24.889865472066965,-23.526715521768047,3.012885499,1.520521654,,,,"88.4",1970,"6.3",823918,676439,518692,500743,571970,605141,669242,681624,606192,"54.22",,,,,,,,34,2,"Changeup",2,3,3,2,3,2,3,2,"Standard","Standard",128,"-0.003","0.03",,,,,"-0.03",,-1,1,0.366,0.634,29,28,30,29,2,1,6,2,6,1,"2.25","1.25","-1.25","39.5",,,,,
"CH","2026-08-10","86.3","2.22","6.05","Skubal, Tarik",686555,669373,,"swinging_strike",,,,,14,,"R","R","L","LAD","KC","S",,,0,0,2026,"1.11","0.68",0.19621487245483005,1.336154964025103,,,,0,5,"Top",,,,,,,-7.034251440159229,-125.4193900991772,-6.164558006518095,13.141185900018945,23.3118416527181,-23.9925769670003,3.012885499,1.520521654,,,,"86.4",1830,"6.3",823918,676439,518692,500743,571970,605141,669242,681624,606192,"54.24",,,,,,,,34,1,"Changeup",2,3,3,2,3,2,3,2,"Standard","Standard",132,"0.004","-0.042","71.8","8.4","5.612212764",,"0.042",,-1,1,0.362,0.638,29,28,30,29,2,1,6,2,6,1,"2.37","1.11","-1.11","42.6",28.019326448750476,-40.642743780839076,29.456036435259374,40.041303639396844,55.25160657831326
"FF","2026-08-10","98.6","1.77","6.35","Skubal, Tarik",686681,669373,"strikeout","swinging_strike",,,,,5,"Michael Massey strikes out swinging.","R","L","L","LAD","KC","S",2,,0,2,2026,"0.25","1.38",-0.16643163531079747,2.203005601996707,,,,2,4,"Top",,,,,,,-5.775783395236825,-143.4408369143454,-8.866767128302255,4.733195555420153,30.10477765841809,-11.302749192550808,3.199819554,1.614862205,,,,"98.8",2425,"6.2",823918,676439,518692,500743,571970,605141,669242,681624,606192,"54.27",,0,"0",1,0,0,,30,3,"4-Seam Fastball",2,3,3,2,3,2,3,2,"Standard","Standard",158,"0.007","-0.154","70.8","6.1","0.1",,"0.154",,-1,1,0.421,0.579,29,28,30,28,2,1,6,1,6,1,"0.95","0.25","0.25","48.1",-6.3139669626995545,27.67792571600112,39.330349608129836,38.53316298257057,11.821228093983917
"CH","2026-08-10","88.7","2.03","6.15","Skubal, Tarik",686681,669373,,"swinging_strike",,,,,7,,"R","L","L","LAD","KC","S",,,0,1,2026,"1","0.42",-0.36354939789622076,1.845864869455374,,,,2,4,"Top",,,,,,,-7.912433024794479,-129.00624846541356,-5.194055467028418,12.758821607444354,23.81365489426577,-26.620903907529332,3.199819554,1.614862205,,,,"89.2",1779,"6.4",823918,676439,518692,500743,571970,605141,669242,681624,606192,"54.13",,,,,,,,30,2,"Changeup",2,3,3,2,3,2,3,2,"Standard","Standard",131,"0.002","-0.062","74.1","7.6","1.674190356",,"0.062",,-1,1,0.419,0.581,29,28,30,28,2,1,6,1,6,1,"2.45","1","1","42.8",21.761234216075096,-8.075993996185305,35.0615276265714,40.57856577344349,36.958058665716386
"FF","2026-08-10","96.2","1.48","6.39","Skubal, Tarik",686681,669373,,"called_strike",,,,,1,,"R","L","L","LAD","KC","S",,,0,0,2026,"0.2","1.42",-0.3441681506884985,2.796193124173093,,,,2,4,"Top",,,,,,,-5.271419478659742,-140.0127884740373,-7.0934721376557865,3.7605678724899505,29.215386051501067,-12.047395755708758,3.199819554,1.614862205,,,,"97",2327,"6.6",823918,676439,518692,500743,571970,605141,669242,681624,606192,"53.91",,,,,,,,30,1,"4-Seam Fastball",2,3,3,2,3,2,3,2,"Standard","Standard",158,"0.002","-0.044",,,,,"0.044",,-1,1,0.417,0.583,29,28,30,28,2,1,6,1,6,1,"1.02","0.2","0.2","57.2",,,,,
"CH","2026-08-10","85","2.35","6.09","Skubal, Tarik",516782,669373,"field_out","hit_into_play",,,,,6,"Starling Marte grounds out softly, pitcher Tarik Skubal to first baseman Freddie Freeman.","R","R","L","LAD","KC","X",1,"ground_ball",0,0,2026,"1.28","0.6",0.3042226152506706,2.355361729040389,,,,1,4,"Top",128.29,174.96,,,,,-7.2850938119722,-123.64108440257733,-3.425101152466337,14.558339387144445,24.353215013814108,-25.51354733245921,3.21035105,1.620177165,2,"59.8",-48,"84.6",1800,"6",823918,676439,518692,500743,571970,605141,669242,681624,606192,"54.48",0.237,0.213,"0",1,0,0,2,29,1,"Changeup",2,3,3,2,3,2,3,2,"Standard","Standard",132,"0.017","-0.262","79.8","7.9",,0.241,"0.262","88.0",-1,1,0.4,0.6,29,37,30,38,2,1,6,1,6,2,"2.55","1.28","-1.28","42.2",21.298039871372914,-21.08974587004819,31.56052055942508,42.04894703594883,38.65030697678695
"CU","2026-08-10","78.2","1.8","6.32","Skubal, Tarik",695600,669373,"field_out","hit_into_play",,,,,2,"Carter Jensen flies out to left fielder Tommy Edman in foul territory.","R","L","L","LAD","KC","X",7,"fly_ball",1,1,2026,"-0.77","-0.56",0.1682611055490646,2.76824060212448,,,,0,4,"Top",44,125.23,,,,,-2.0354005420524373,-113.81405262801043,0.5183169387898643,-6.227232317677069,22.25420350804503,-37.30624535540493,3.191043307,1.610433071,272,"85.3",43,"77.9",2531,"6.2",823918,676439,518692,500743,571970,605141,669242,681624,606192,"54.32",0.009,0.01,"0",1,0,0,3,28,3,"Curveball",2,3,3,2,3,2,3,2,"Standard","Standard",314,"0.022","-0.248","64.6","5.7",,0.016,"0.248","88.0",-1,1,0.378,0.622,29,22,30,23,2,1,6,2,6,1,"4.3","-0.77","-0.77","52.3",-1.5534740779048068,15.142695782756103,26.56241578912918,33.26245779666882,28.51053140933853
"SI","2026-08-10","95.6","1.9","6.29","Skubal, Tarik",695600,669373,,"called_strike",,,,,5,,"R","L","L","LAD","KC","S",,,1,0,2026,"1","1.16",0.11742317042374972,2.12428266033839,,,,0,4,"Top",,,,,,,-6.948628759397536,-138.9106690202173,-7.790598722904033,14.443160564706155,29.624912687646162,-15.637975534244712,3.191043307,1.610433071,,,,"96",2240,"6.5",823918,676439,518692,500743,571970,605141,669242,681624,606192,"54.02",,,,,,,,28,2,"Sinker",2,3,3,2,3,2,3,2,"Standard","Standard",152,"0.005","-0.055",,,,,"0.055",,-1,1,0.373,0.627,29,22,30,23,2,1,6,2,6,1,"1.33","1","1","49.3",,,,,
"SI","2026-08-10","96.7","1.67","6.23","Skubal, Tarik",695600,669373,,"ball",,,,,11,,"R","L","L","LAD","KC","B",,,0,0,2026,"0.86","1.05",-1.5980075024746787,2.574683019057057,,,,0,4,"Top",,,,,,,-10.570405290771506,-140.3662294052004,-6.416846499166726,13.66378656350585,29.946424234419116,-16.97762660862816,3.191043307,1.610433071,,,,"96.8",2266,"6.4",823918,676439,518692,500743,571970,605141,669242,681624,606192,"54.13",,,,,,,,28,1,"Sinker",2,3,3,2,3,2,3,2,"Standard","Standard",151,"-0.004","0.043",,,,,"-0.043",,-1,1,0.377,0.623,29,22,30,23,2,1,6,2,6,1,"1.39","0.86","0.86","48.8",,,,,
"FF","2026-08-10","97.6","1.69","6.33","Skubal, Tarik",521692,669373,"strikeout","swinging_strike",,,,,12,"Salvador Perez strikes out swinging.","R","R","L","LAD","KC","S",2,,1,2,2026,"0.52","1.49",0.48405793933880237,3.975772036480861,,,,2,3,"Top",,,,,,,-4.4376340266201435,-142.1455694049711,-4.197959706525585,8.00874424736747,30.632372745036044,-11.181813479315457,3.312155512,1.671555118,,,,"98.2",2423,"6.5",823918,676439,518692,500743,571970,605141,669242,681624,606192,"54.05",,0,"0",1,0,0,,21,4,"4-Seam Fastball",0,3,3,0,3,0,3,0,"Standard","Standard",153,"0.005","-0.18","62.4","5.7","1.522447104",,"0.18",,-3,3,0.231,0.769,29,36,30,36,2,1,6,1,6,1,"0.89","0.52","-0.52","50.5",3.961694876333484,41.57447507384397,23.522494754566793,41.95773261148021,2.44561201437421
"SL","2026-08-10","93.3","2.19","6.07","Skubal, Tarik",521692,669373,,"foul_tip",,,,,6,,"R","R","L","LAD","KC","S",,,1,1,2026,"-0.21","0.59",0.44157161249535726,2.291998059725721,,,,2,3,"Top",,,,,,,-3.9776124564159407,-136.01484569864868,-5.213496180935223,-1.907538791527603,23.38192095117798,-23.95358134905723,3.312155512,1.671555118,,,,"94.3",2150,"6.3",823918,676439,518692,500743,571970,605141,669242,681624,606192,"54.19",,,,,,,,21,3,"Slider",0,3,3,0,3,0,3,0,"Standard","Standard",160,"0.002","-0.065","71.7","7.5",,,"0.065",,-3,3,0.229,0.771,29,36,30,36,2,1,6,1,6,1,"1.97","-0.21","0.21","44.2",1.7819002690300716,13.914491954956189,35.01230409835464,41.08443823199913,16.4223467494215
"CH","2026-08-10","88.2","2.11","6.1","Skubal, Tarik",521692,669373,,"ball",,,,,14,,"R","R","L","LAD","KC","B",,,0,1,2026,"1.05","0.19",1.8207654442909693,2.29330793509107,,,,2,3,"Top",,,,,,,-2.9277375713218237,-128.47757326707043,-3.399717082391045,12.257291344552947,25.01502012233079,-29.610369713024244,3.312155512,1.671555118,,,,"88.6",1864,"6.3",823918,676439,518692,500743,571970,605141,669242,681624,606192,"54.17",,,,,,,,21,2,"Changeup",0,3,3,0,3,0,3,0,"Standard","Standard",135,"-0.001","0.03",,,,,"-0.03",,-3,3,0.23,0.77,29,36,30,36,2,1,6,1,6,1,"2.72","1.05","-1.05","43.8",,,,,
"SI","2026-08-10","98.1","1.6","6.18","Skubal, Tarik",521692,669373,,"foul",,,,,2,,"R","R","L","LAD","KC","S",,,0,0,2026,"1.18","0.93",0.06763251984563312,2.919375685870129,,,,2,3,"Top",,,,,,,-6.878131559844398,-142.71645304014368,-5.335614568367266,17.65531136626493,32.55620095115561,-18.474529367002845,3.312155512,1.671555118,224,"76.1",25,"98.4",2220,"6.5",823918,676439,518692,500743,571970,605141,669242,681624,606192,"54.03",,,,,,,,21,1,"Sinker",0,3,3,0,3,0,3,0,"Standard","Standard",153,"0.001","-0.044","70.8","6.9",,,"0.044","88.0",-3,3,0.229,0.771,29,36,30,36,2,1,6,1,6,1,"1.44","1.18","-1.18","48.7",3.56099705825037,13.207889900610244,33.89992667494661,36.444027177996475,19.985222576060167
"SL","2026-08-10","91.5","2.15","6.09","Skubal, Tarik",695506,669373,"home_run","hit_into_play",,,,,5,"Jac Caglianone homers (21) on a line drive to right center field. Nick Loftin scores.","R","L","L","LAD","KC","X",,"line_drive",0,2,2026,"-0.22","0.39",-0.08346276549367093,2.658611687964605,,679845,,2,3,"Top",195.52,47.77,,,,,-5.09398325074858,-133.37616269131018,-3.5768048070869236,-1.7701529403907725,22.53562031084975,-27.02123585864167,3.401673228,1.716732283,410,"110.8",17,"92.6",2285,"6.4",823918,676439,518692,500743,571970,605141,669242,681624,606192,"54.14",0.7,0.864,"2",1,0,3,6,20,5,"Slider",0,1,1,0,3,0,3,0,"Standard","Standard",166,"-0.188","1.708","79.5","7.5",,1.393,"-1.708","110.8",-1,1,0.417,0.583,29,23,30,23,2,1,6,1,6,1,"2.28","-0.22","-0.22","44.6",7.599147904943921,-6.5107472978003536,26.15431875415467,39.56957273210766,39.911685706283
"FF","2026-08-10","97.9","1.66","6.29","Skubal, Tarik",695506,669373,,"foul",,,,,1,,"R","L","L","LAD","KC","S",,,0,2,2026,"0.24","1.33",-0.3457535662386236,2.886147021594319,,679845,,2,3,"Top",,,,,,,-5.941387821627273,-142.49060864086815,-6.673515374278471,4.567121158774877,29.34810700677493,-12.739025173707,3.401673228,1.716732283,,,,"98.6",2398,"6.4",823918,676439,518692,500743,571970,605141,669242,681624,606192,"54.05",,,,,,,,20,4,"4-Seam Fastball",0,1,1,0,1,0,1,0,"Standard","Standard",153,"0","0","78.1","7.0",,,"0",,-1,1,0.417,0.583,29,23,30,23,2,1,6,1,6,1,"1.03","0.24","0.24","49.5",-1.33790986473723,10.874605093678486,31.46736952258575,43.52080916678224,23.701107523037585
"CH","2026-08-10","87.6","2.27","6.08","Skubal, Tarik",695506,669373,,"foul",,,,,9,,"R","L","L","LAD","KC","S",,,0,2,2026,"1.1","0.35",0.29865781770790933,1.6558510246952802,,679845,,2,3,"Top",,,,,,,-6.989488731710388,-127.41900698487537,-5.054743296765183,13.367076219159017,25.046970456124654,-27.47397024427779,3.401673228,1.716732283,7,"93.7",-17,"87.5",1804,"6.2",823918,676439,518692,500743,571970,605141,669242,681624,606192,"54.33",,,,,,,,20,3,"Changeup",0,1,1,0,1,0,1,0,"Standard","Standard",126,"0","0","70.6","8.8",,,"0","93.7",-1,1,0.417,0.583,29,23,30,23,2,1,6,1,6,1,"2.61","1.1","1.1","40.7",22.817512961481736,-22.757482245943688,32.79492135773917,35.0941775487611,45.28004891090693
"SI","2026-08-10","97.7","1.63","6.29","Skubal, Tarik",695506,669373,,"swinging_strike",,,,,14,,"R","L","L","LAD","KC","S",,,0,1,2026,"1.03","1",0.8863074197838773,1.753780092776976,,679845,,2,3,"Top",,,,,,,-4.4274482616844475,-142.03335119724713,-8.86040191150653,15.0158195462792,30.760817870195694,-16.8208530180672,3.401673228,1.716732283,,,,"98.4",2178,"6.6",823918,676439,518692,500743,571970,605141,669242,681624,606192,"53.88",,,,,,,,20,2,"Sinker",0,1,1,0,1,0,1,0,"Standard","Standard",160,"0.009","-0.059","79.7","8.0","0.510597084",,"0.059",,-1,1,0.408,0.592,29,23,30,23,2,1,6,1,6,1,"1.38","1.03","1.03","51.9",4.243794815807837,-4.058667728752426,39.63910214967574,30.22134431170003,26.483602786339944
"CU","2026-08-10","80.4","1.99","6.28","Skubal, Tarik",695506,669373,,"called_strike",,,,,6,,"R","L","L","LAD","KC","S",,,0,0,2026,"-0.68","-0.27",0.47255317990023915,2.724708963220958,,679845,,2,3,"Top",,,,,,,-2.0329942818988287,-117.22225081185114,-0.5215746913752036,-5.899341108217083,20.716491873389067,-34.76843537246996,3.401673228,1.716732283,,,,"80.9",2509,"6.4",823918,676439,518692,500743,571970,605141,669242,681624,606192,"54.12",,,,,,,,20,1,"Curveball",0,1,1,0,1,0,1,0,"Standard","Standard",313,"0.005","-0.038",,,,,"0.038",,-1,1,0.403,0.597,29,23,30,23,2,1,6,1,6,1,"3.76","-0.68","-0.68","53.0",,,,,
"FF","2026-08-10","96.6","1.82","6.37","Skubal, Tarik",677951,669373,"strikeout","swinging_strike",,,,,12,"Bobby Witt Jr. strikes out swinging.","R","R","L","LAD","KC","S",2,,3,2,2026,"0.29","1.36",0.4617882868949936,4.292953236532348,,679845,,1,3,"Top",,,,,,,-4.243601955852981,-140.70899160662023,-3.031873074526928,4.720991396649649,28.8920763287046,-13.477665202492037,3.238435039,1.634350394,,,,"97",2215,"6.3",823918,676439,518692,500743,571970,605141,669242,681624,606192,"54.24",,0,"0",1,0,0,,19,6,"4-Seam Fastball",0,1,1,0,1,0,1,0,"Standard","Standard",150,"0.037","-0.313","62.7","5.3","0.327744156",,"0.313",,-1,1,0.366,0.634,29,26,30,26,2,1,6,1,6,1,"1.05","0.29","-0.29","50.2",3.9711261413669745,42.5231280703532,12.344290587498937,39.2378439850202,7.129528528220382
"CH","2026-08-10","86.2","2.24","6.01","Skubal, Tarik",677951,669373,,"foul",,,,,7,,"R","R","L","LAD","KC","S",,,3,1,2026,"1.3","0.38",-0.32021002539584553,1.8215869642531306,,679845,,1,3,"Top",,,,,,,-8.699735198392975,-125.20639929473869,-4.240325640798777,15.395960941653044,25.750136790314077,-27.507953079751076,3.238435039,1.634350394,161,"61.9",52,"86.4",1765,"6.5",823918,676439,518692,500743,571970,605141,669242,681624,606192,"53.96",,,,,,,,19,5,"Changeup",0,1,1,0,1,0,1,0,"Standard","Standard",126,"0.005","-0.07","73.8","7.4",,,"0.07","88.0",-1,1,0.361,0.639,29,26,30,26,2,1,6,1,6,1,"2.7","1.3","-1.3","42.0",6.093447902009525,-4.974241874007291,37.05493325976726,31.44813140451901,28.59827965259784
"SI","2026-08-10","96.6","1.82","6.22","Skubal, Tarik",677951,669373,,"called_strike",,,,,5,,"R","R","L","LAD","KC","S",,,3,0,2026,"1.11","1.1",0.0070517695949063874,2.3525965145675016,,679845,,1,3,"Top",,,,,,,-7.31975645958802,-140.4921892365146,-7.069450350695228,16.285805066495833,30.049713712279047,-16.241835552283305,3.238435039,1.634350394,,,,"96.9",2152,"6.3",823918,676439,518692,500743,571970,605141,669242,681624,606192,"54.15",,,,,,,,19,4,"Sinker",0,1,1,0,1,0,1,0,"Standard","Standard",150,"0.003","-0.052",,,,,"0.052",,-1,1,0.358,0.642,29,26,30,26,2,1,6,1,6,1,"1.34","1.11","-1.11","45.7",,,,,
"SL","2026-08-10","90.8","2.28","6.12","Skubal, Tarik",677951,669373,,"ball",,,,,13,,"R","R","L","LAD","KC","B",,,2,0,2026,"-0.38","0.44",-0.3878803089940053,1.454484628855826,,679845,,1,3,"Top",,,,,,,-5.719211745695772,-132.10184452026863,-6.506599733440623,-3.4591834261824763,24.717824904656354,-25.888074289258537,3.238435039,1.634350394,,,,"90.8",2201,"6",823918,676439,518692,500743,571970,605141,669242,681624,606192,"54.46",,,,,,,,19,3,"Slider",0,1,1,0,1,0,1,0,"Standard","Standard",159,"-0.005","0.086",,,,,"-0.086",,-1,1,0.363,0.637,29,26,30,26,2,1,6,1,6,1,"2.3","-0.38","0.38","46.4",,,,,
"FF","2026-08-10","95.9","1.81","6.43","Skubal, Tarik",677951,669373,,"ball",,,,,12,,"R","R","L","LAD","KC","B",,,1,0,2026,"0.46","1.41",1.0075950597100602,4.2365261863418695,,679845,,1,3,"Top",,,,,,,-3.1568989573567827,-139.65794771310524,-3.2998865934229977,6.7577428357953355,29.686197052562353,-13.187186012685796,3.238435039,1.634350394,,,,"96.1",2295,"6.2",823918,676439,518692,500743,571970,605141,669242,681624,606192,"54.28",,,,,,,,19,2,"4-Seam Fastball",0,1,1,0,1,0,1,0,"Standard","Standard",152,"-0.004","0.027",,,,,"-0.027",,-1,1,0.367,0.633,29,26,30,26,2,1,6,1,6,1,"1.06","0.46","-0.46","48.9",,,,,
"SI","2026-08-10","96.3","1.7","6.18","Skubal, Tarik",677951,669373,,"ball",,,,,11,,"R","R","L","LAD","KC","B",,,0,0,2026,"0.96","1.03",-1.0142023474746211,2.9640673941216003,,679845,,1,3,"Top",,,,,,,-9.383262412185488,-139.93313157735065,-5.182397459521081,14.611831562708595,28.730949408051327,-17.617663827604908,3.238435039,1.634350394,,,,"97.2",2133,"6.7",823918,676439,518692,500743,571970,605141,669242,681624,606192,"53.81",,,,,,,,19,1,"Sinker",0,1,1,0,1,0,1,0,"Standard","Standard",151,"-0.002","0.038",,,,,"-0.038",,-1,1,0.369,0.631,29,26,30,26,2,1,6,1,6,1,"1.42","0.96","-0.96","46.7",,,,,
"SI","2026-08-10","97.1","1.8","6.09","Skubal, Tarik",679845,669373,"double","hit_into_play",,,,,2,"Nick Loftin doubles (20) on a sharp line drive to center fielder Andy Pages.","R","R","L","LAD","KC","X",8,"line_drive",0,1,2026,"1.21","1",0.1500187328360112,2.7118205118297105,,,,1,3,"Top",95.83,45.06,,,,,-7.185828161248088,-141.1460246400298,-5.637508564552178,17.744550839613474,31.078863499317627,-17.764949660919434,3.18226706,1.606003937,345,"103.1",15,"97.4",2163,"6.5",823918,676439,518692,500743,571970,605141,669242,681624,606192,"54.03",0.637,0.675,"1.25",1,1,1,4,18,2,"Sinker",0,1,1,0,1,0,1,0,"Standard","Standard",148,"-0.043","0.686","68.4","6.6",,0.953,"-0.686","103.1",-1,1,0.412,0.588,29,27,30,28,2,1,6,1,6,1,"1.42","1.21","-1.21","43.5",5.587497956243584,-2.5335075118996606,29.75803587100762,38.31125725085478,32.68435265446591
"CH","2026-08-10","86.2","2.09","6.08","Skubal, Tarik",679845,669373,,"foul",,,,,5,,"R","R","L","LAD","KC","S",,,0,0,2026,"1","0.84",-0.13888494932969397,2.4394093087023974,,,,1,3,"Top",,,,,,,-7.317032187002677,-125.37494461396557,-4.003173937608588,11.965874270855862,23.503668813773302,-22.634589852039934,3.18226706,1.606003937,186,"70.5",60,"86.7",1693,"6.5",823918,676439,518692,500743,571970,605141,669242,681624,606192,"54.01",,,,,,,,18,1,"Changeup",0,1,1,0,1,0,1,0,"Standard","Standard",133,"0.002","-0.041","66.0","7.1",,,"0.041","88.0",-1,1,0.41,0.59,29,27,30,28,2,1,6,1,6,1,"2.21","1","-1","44.9",8.531334972647336,-9.538788575062734,33.64286327364337,35.14371099727215,31.206119663066502
"SI","2026-08-10","95.9","2.05","6.11","Skubal, Tarik",664728,669373,"field_out","hit_into_play",,,,,5,"Kyle Isbel grounds out, second baseman Miguel Rojas to first baseman Freddie Freeman.","R","L","L","LAD","KC","X",4,"ground_ball",3,2,2026,"0.92","1",-0.04742515851148432,2.457381207933346,,,,0,3,"Top",146.71,147.19,,,,,-7.556130224772635,-139.5404127786493,-6.203023203207132,13.556733363314033,26.810233944218147,-17.892590836078238,3.113812336,1.571456693,4,"73.1",-36,"96.1",2066,"6.1",823918,676439,518692,500743,571970,605141,669242,681624,606192,"54.4",0.082,0.074,"0",1,0,0,2,17,6,"Sinker",0,1,1,0,1,0,1,0,"Standard","Standard",149,"0.027","-0.347","66.0","6.4",,0.083,"0.347","88.0",-1,1,0.383,0.617,29,29,30,29,1,0,6,1,6,1,"1.45","0.92","0.92","46.8",-10.636607783090104,14.166857497757706,24.640992603960292,35.90428421212996,22.933823527866068
"CH","2026-08-10","87.3","2.14","6.08","Skubal, Tarik",664728,669373,,"ball",,,,,13,,"R","L","L","LAD","KC","B",,,2,2,2026,"1.29","0.35",-1.4766855722451715,0.4801154202358182,,,,0,3,"Top",,,,,,,-11.245628639467975,-126.59049029790495,-7.767510239129907,16.061402333547047,23.74446177782798,-27.041719602223083,3.113812336,1.571456693,,,,"87.3",1856,"6.3",823918,676439,518692,500743,571970,605141,669242,681624,606192,"54.17",,,,,,,,17,5,"Changeup",0,1,1,0,1,0,1,0,"Strategic","Standard",128,"-0.008","0.114",,,,,"-0.114",,-1,1,0.391,0.609,29,29,30,29,1,0,6,1,6,1,"2.65","1.29","1.29","44.0",,,,,
"FF","2026-08-10","98.1","1.63","6.39","Skubal, Tarik",664728,669373,,"ball",,,,,9,,"R","L","L","LAD","KC","B",,,1,2,2026,"0.09","1.57",0.6852419044991267,1.4911174386503714,,,,0,3,"Top",,,,,,,-2.7347982215774405,-142.5046546349706,-11.209460324592705,1.8101207901379297,30.728654513443626,-8.484925731882234,3.113812336,1.571456693,,,,"98.4",2380,"6.4",823918,676439,518692,500743,571970,605141,669242,681624,606192,"54.07",,,,,,,,17,4,"4-Seam Fastball",0,1,1,0,1,0,1,0,"Standard","Standard",155,"-0.004","0.046",,,,,"-0.046",,-1,1,0.395,0.605,29,29,30,29,1,0,6,1,6,1,"0.8","0.09","0.09","53.3",,,,,
"SI","2026-08-10","94.9","1.84","6.1","Skubal, Tarik",664728,669373,,"foul",,,,,5,,"R","L","L","LAD","KC","S",,,1,1,2026,"1","0.92",0.060093450860367326,2.2915971855071984,,,,0,3,"Top",,,,,,,-6.855252867598088,-137.98052935302144,-6.209259399990569,14.260641129729247,27.947619165030023,-19.23299878990076,3.113812336,1.571456693,241,"81.1",20,"95.2",2119,"6.3",823918,676439,518692,500743,571970,605141,669242,681624,606192,"54.22",,,,,,,,17,3,"Sinker",0,1,1,0,1,0,1,0,"Standard","Standard",146,"0.006","-0.061","58.0","6.4",,,"0.061","88.0",-1,1,0.389,0.611,29,29,30,29,1,0,6,1,6,1,"1.6","1","1","44.5",-12.795620373723194,25.146597767334907,25.46621272942375,35.098757517265526,18.291347955893997
"CU","2026-08-10","78.5","1.83","6.28","Skubal, Tarik",664728,669373,,"ball",,,,,12,,"R","L","L","LAD","KC","B",,,0,1,2026,"-0.67","-0.44",1.081496104958048,2.691045469176504,,,,0,3,"Top",,,,,,,-0.3426477193556958,-114.49863120159415,0.05020918891546389,-5.851133865001828,19.314525637621262,-36.298726535258446,3.113812336,1.571456693,,,,"79.3",2536,"6.5",823918,676439,518692,500743,571970,605141,669242,681624,606192,"54",,,,,,,,17,2,"Curveball",0,1,1,0,1,0,1,0,"Standard","Standard",314,"-0.002","0.03",,,,,"-0.03",,-1,1,0.391,0.609,29,29,30,29,1,0,6,1,6,1,"4.1","-0.67","-0.67","51.1",,,,,
"SI","2026-08-10","96.2","1.9","6.2","Skubal, Tarik",664728,669373,,"called_strike",,,,,5,,"R","L","L","LAD","KC","S",,,0,0,2026,"0.91","0.99",-0.05003242710732647,2.5931546065089375,,,,0,3,"Top",,,,,,,-7.201599081420543,-139.98378610829758,-6.117729350029929,13.543126871678107,27.412171163233808,-17.972922325238805,3.113812336,1.571456693,,,,"96.7",2201,"6.3",823918,676439,518692,500743,571970,605141,669242,681624,606192,"54.22",,,,,,,,17,1,"Sinker",0,1,1,0,1,0,1,0,"Standard","Standard",154,"0.003","-0.042",,,,,"0.042",,-1,1,0.388,0.612,29,29,30,29,1,0,6,1,6,1,"1.45","0.91","0.91","46.9",,,,,
"FF","2026-08-10","96.7","1.59","6.31","Skubal, Tarik",686555,669373,"strikeout","swinging_strike",,,,,12,"Isaac Collins strikes out swinging.","R","R","L","LAD","KC","S",2,,2,2,2026,"0.29","1.29",0.047531343434052964,3.2212631238607146,,,516782,2,2,"Top",,,,,,,-4.711618942464771,-140.70970116998907,-5.473567577969587,4.862335780366486,31.21785390590141,-13.994484562710639,3.012885499,1.520521654,,,,"96.7",2287,"6.2",823918,676439,518692,500743,571970,605141,669242,681624,606192,"54.26",,0,"0",1,0,0,,12,6,"4-Seam Fastball",0,1,1,0,1,0,1,0,"Standard","Standard",155,"0.018","-0.246","68.3","5.6","0.1",,"0.246",,-1,1,0.425,0.575,29,28,30,29,1,0,6,2,6,1,"1.14","0.29","-0.29","53.3",-7.05175036918288,18.33047479994344,26.785803262298177,37.16839006422299,21.276187629402045
"SI","2026-08-10","97.2","1.75","6.05","Skubal, Tarik",686555,669373,,"foul",,,,,8,,"R","R","L","LAD","KC","S",,,2,2,2026,"1.12","0.86",-0.21990265563257472,1.52942524483093,,,516782,2,2,"Top",,,,,,,-7.831111816363132,-141.28134240489518,-8.429267890803548,16.63014748452869,27.193075783556104,-19.046817921856547,3.012885499,1.520521654,1,"86.7",-57,"98.1",2215,"6.5",823918,676439,518692,500743,571970,605141,669242,681624,606192,"53.98",,,,,,,,12,5,"Sinker",0,1,1,0,1,0,1,0,"Standard","Standard",150,"0","0","72.0","6.4",,,"0","88.0",-1,1,0.425,0.575,29,28,30,29,1,0,6,2,6,1,"1.53","1.12","-1.12","47.0",-7.864932524010225,3.154083644859917,39.220943678206,35.188680020377184,25.965366886386583
"SL","2026-08-10","89","2.2","6.05","Skubal, Tarik",686555,669373,,"foul",,,,,2,,"R","R","L","LAD","KC","S",,,2,1,2026,"-0.51","0.39",-0.04220181298819292,2.9181172033866645,,,516782,2,2,"Top",,,,,,,-4.3676857892938665,-129.7157353304586,-2.3546358520553903,-4.922454985734669,24.721815439936407,-27.4722470476133,3.012885499,1.520521654,150,"62.2",59,"89.8",2223,"6.5",823918,676439,518692,500743,571970,605141,669242,681624,606192,"54.03",,,,,,,,12,4,"Slider",0,1,1,0,1,0,1,0,"Standard","Standard",164,"0.005","-0.07","70.3","5.9",,,"0.07","88.0",-1,1,0.42,0.58,29,28,30,29,1,0,6,2,6,1,"2.46","-0.51","0.51","44.3",-6.984980475288005,13.73158807236195,24.851325593139716,36.01448942152477,27.08389900830913
"CH","2026-08-10","86.1","2.23","6.02","Skubal, Tarik",686555,669373,,"ball",,,,,14,,"R","R","L","LAD","KC","B",,,1,1,2026,"1.08","0.27",1.5474269227588582,1.8676183892243539,,,516782,2,2,"Top",,,,,,,-3.835651043881363,-125.39701849862574,-3.9914955517674446,12.216917518134844,24.10066527686672,-28.73002900694803,3.012885499,1.520521654,,,,"86.3",1813,"6.3",823918,676439,518692,500743,571970,605141,669242,681624,606192,"54.22",,,,,,,,12,3,"Changeup",0,1,1,0,1,0,1,0,"Standard","Standard",131,"-0.003","0.054",,,,,"-0.054",,-1,1,0.423,0.577,29,28,30,29,1,0,6,2,6,1,"2.79","1.08","-1.08","39.7",,,,,
"SI","2026-08-10","95.1","1.66","6.17","Skubal, Tarik",686555,669373,,"called_strike",,,,,7,,"R","R","L","LAD","KC","S",,,1,0,2026,"1.2","0.73",-0.7137564255113784,1.5259828892587202,,,516782,2,2,"Top",,,,,,,-8.874061465745438,-138.07435599930886,-7.955918958003267,17.329284677170712,28.423892239669573,-21.24784361511091,3.012885499,1.520521654,,,,"95.3",2153,"6.3",823918,676439,518692,500743,571970,605141,669242,681624,606192,"54.16",,,,,,,,12,2,"Sinker",0,1,1,0,1,0,1,0,"Standard","Standard",154,"0.003","-0.047",,,,,"0.047",,-1,1,0.42,0.58,29,28,30,29,1,0,6,2,6,1,"1.79","1.2","-1.2","47.7",,,,,
"SI","2026-08-10","96.7","1.8","6.16","Skubal, Tarik",686555,669373,,"ball",,,,,12,,"R","R","L","LAD","KC","B",,,0,0,2026,"0.95","0.97",0.9031796929072464,4.180770952387881,,,516782,2,2,"Top",,,,,,,-4.592331397857793,-140.94377745938473,-1.888503346724866,13.745500874822532,29.14385485352822,-18.948888452042755,3.012885499,1.520521654,,,,"97.5",2161,"6.4",823918,676439,518692,500743,571970,605141,669242,681624,606192,"54.07",,,,,,,,12,1,"Sinker",0,1,1,0,1,0,1,0,"Standard","Standard",152,"-0.002","0.035",,,,,"-0.035",,-1,1,0.422,0.578,29,28,30,29,1,0,6,2,6,1,"1.44","0.95","-0.95","44.5",,,,,
"CH","2026-08-10","88.9","2.05","6.01","Skubal, Tarik",686681,669373,"strikeout","swinging_strike",,,,,14,"Michael Massey strikes out swinging.","R","L","L","LAD","KC","S",2,,1,2,2026,"1.3","0.23",1.0669415849189365,1.6398690783255483,,,516782,1,2,"Top",,,,,,,-5.150621634301925,-129.27069470417445,-4.887047159637305,15.666477990726834,27.03657094649213,-28.791705598193925,3.199819554,1.614862205,,,,"88.8",1825,"6.2",823918,676439,518692,500743,571970,605141,669242,681624,606192,"54.26",,0,"0",1,0,0,,11,4,"Changeup",0,1,1,0,1,0,1,0,"Infield shade","Standard",130,"0.019","-0.178","73.2","8.0","1.184891532",,"0.178",,-1,1,0.403,0.597,29,28,30,28,1,0,6,1,6,1,"2.66","1.3","1.3","38.8",27.43455379482143,-32.29477323180499,38.84569826421485,25.047292117573225,45.237180122590686
"CH","2026-08-10","86.6","2.14","5.95","Skubal, Tarik",686681,669373,,"foul",,,,,14,,"R","L","L","LAD","KC","S",,,1,1,2026,"1.08","0.48",0.9595686022129168,1.5866239351760596,,,516782,1,2,"Top",,,,,,,-5.0395268613214075,-126.05841295366913,-5.043019851151604,12.56001423759502,23.304591983932873,-26.225501002779005,3.199819554,1.614862205,4,"90.4",-23,"87",1770,"6.3",823918,676439,518692,500743,571970,605141,669242,681624,606192,"54.18",,,,,,,,11,3,"Changeup",0,1,1,0,1,0,1,0,"Standard","Standard",133,"0.007","-0.069","73.2","8.2",,,"0.069","90.4",-1,1,0.396,0.604,29,28,30,28,1,0,6,1,6,1,"2.53","1.08","1.08","38.2",24.938202153315423,-31.88002922669566,39.28178632744609,26.225993856073174,46.22536481444573
"SI","2026-08-10","95.3","1.95","6.13","Skubal, Tarik",686681,669373,,"foul",,,,,3,,"R","L","L","LAD","KC","S",,,1,0,2026,"1.12","0.89",0.3280680897352892,2.8214288134632235,,,516782,1,2,"Top",,,,,,,-6.745917981052422,-138.7085023993668,-4.892772137072299,15.949789806975184,29.014966367402174,-19.788253655984356,3.199819554,1.614862205,3,"51.1",-46,"95.3",2195,"6.1",823918,676439,518692,500743,571970,605141,669242,681624,606192,"54.37",,,,,,,,11,2,"Sinker",0,1,1,0,1,0,1,0,"Standard","Standard",149,"0.004","-0.047","71.3","7.3",,,"0.047","88.0",-1,1,0.392,0.608,29,28,30,28,1,0,6,1,6,1,"1.61","1.12","1.12","46.0",24.048148683977498,-4.625409899137413,27.171443404674214,34.505314667694904,29.97094744288283
"SI","2026-08-10","96.4","1.86","6.12","Skubal, Tarik",686681,669373,,"ball",,,,,12,,"R","L","L","LAD","KC","B",,,0,0,2026,"1.12","0.89",0.44929911070640327,3.578273745485035,,,516782,1,2,"Top",,,,,,,-6.314806852159508,-140.27267173706144,-3.096934241627775,16.253893891641688,29.747830915661147,-19.897833986859858,3.199819554,1.614862205,,,,"96.9",2242,"6.4",823918,676439,518692,500743,571970,605141,669242,681624,606192,"54.08",,,,,,,,11,1,"Sinker",0,1,1,0,1,0,1,0,"Standard","Standard",151,"-0.003","0.036",,,,,"-0.036",,-1,1,0.395,0.605,29,28,30,28,1,0,6,1,6,1,"1.55","1.12","1.12","45.0",,,,,
"SI","2026-08-10","97.3","1.81","6.18","Skubal, Tarik",516782,669373,"walk","ball",,,,,12,"Starling Marte walks.","R","R","L","LAD","KC","B",,,3,2,2026,"1.03","0.91",0.43949640907018706,3.4627334032462445,,,,1,2,"Top",,,,,,,-6.037383108665471,-141.73617476367957,-3.7746232023511266,15.193151345897961,29.061805866830188,-19.261173882410578,3.21035105,1.620177165,,,,"97.9",2093,"6.4",823918,676439,518692,500743,571970,605141,669242,681624,606192,"54.14",,0.698334,"0.7",1,0,0,,10,9,"Sinker",0,1,1,0,1,0,1,0,"Standard","Standard",151,"-0.02","0.338",,,,,"-0.338",,-1,1,0.415,0.585,29,37,30,38,1,0,6,1,6,2,"1.48","1.03","-1.03","45.9",,,,,
"CH","2026-08-10","89","2.2","5.94","Skubal, Tarik",516782,669373,,"ball",,,,,13,,"R","R","L","LAD","KC","B",,,2,2,2026,"1.31","0.68",-0.01493697919065995,0.608304364092042,,,,1,2,"Top",,,,,,,-8.17495445942412,-129.151754155963,-8.234562590050404,16.328941447656465,25.45069797694911,-23.073277656835288,3.21035105,1.620177165,,,,"89.3",1937,"6.5",823918,676439,518692,500743,571970,605141,669242,681624,606192,"54",,,,,,,,10,8,"Changeup",0,1,1,0,1,0,1,0,"Standard","Standard",132,"-0.005","0.111",,,,,"-0.111",,-1,1,0.42,0.58,29,37,30,38,1,0,6,1,6,2,"2.2","1.31","-1.31","41.1",,,,,
"CH","2026-08-10","88.6","2.05","6.02","Skubal, Tarik",516782,669373,,"foul",,,,,13,,"R","R","L","LAD","KC","S",,,2,2,2026,"1.14","0.52",-0.14792282910609522,1.3455314565641001,,,,1,2,"Top",,,,,,,-7.732999869260144,-128.77247432474863,-6.258386103441196,14.214858728558177,24.514594107845518,-25.356113419715314,3.21035105,1.620177165,1,"45.3",-55,"89.1",1951,"6.5",823918,676439,518692,500743,571970,605141,669242,681624,606192,"54",,,,,,,,10,7,"Changeup",0,1,1,0,1,0,1,0,"Standard","Standard",133,"0","0","76.6","8.5",,,"0","88.0",-1,1,0.42,0.58,29,37,30,38,1,0,6,1,6,2,"2.38","1.14","-1.14","41.1",23.83476678161479,-31.18352280709996,41.28257369920381,36.39992286677594,40.696419558118045
"FF","2026-08-10","97.7","1.45","6.36","Skubal, Tarik",516782,669373,,"foul",,,,,12,,"R","R","L","LAD","KC","S",,,2,2,2026,"0.25","1.32",0.4194174984993977,3.3427814721447158,,,,1,2,"Top",,,,,,,-3.3515145942255264,-142.28187028228658,-5.6067413962106185,4.124447746720681,29.343395724418322,-13.15201086864358,3.21035105,1.620177165,144,"83",70,"98.9",2323,"6.7",823918,676439,518692,500743,571970,605141,669242,681624,606192,"53.82",,,,,,,,10,6,"4-Seam Fastball",0,1,1,0,1,0,1,0,"Standard","Standard",156,"0","0","70.8","6.5",,,"0","88.0",-1,1,0.42,0.58,29,37,30,38,1,0,6,1,6,2,"1.05","0.25","-0.25","51.1",4.346785637882725,10.626088932832234,21.2289068410554,42.16170644402329,19.849372901860228
"SI","2026-08-10","97.5","1.72","6.18","Skubal, Tarik",516782,669373,,"foul",,,,,1,,"R","R","L","LAD","KC","S",,,2,2,2026,"1.06","1.05",-0.490669403149373,2.7344016893014738,,,,1,2,"Top",,,,,,,-8.370395368494705,-141.77429247562324,-6.0449124320294745,16.18154792251064,29.918999216058396,-16.78980840233092,3.21035105,1.620177165,168,"62.8",35,"98",2201,"6.4",823918,676439,518692,500743,571970,605141,669242,681624,606192,"54.05",,,,,,,,10,5,"Sinker",0,1,1,0,1,0,1,0,"Standard","Standard",152,"0","0","68.5","5.8",,,"0","88.0",-1,1,0.42,0.58,29,37,30,38,1,0,6,1,6,2,"1.34","1.06","-1.06","45.9",-11.906460424004807,19.363004745841227,39.9635230615261,30.825244278005542,12.772690281331151
"CH","2026-08-10","87.9","2.26","5.93","Skubal, Tarik",516782,669373,,"ball",,,,,14,,"R","R","L","LAD","KC","B",,,1,2,2026,"1.14","0.31",0.4216983473714644,1.1604775393109952,,,,1,2,"Top",,,,,,,-6.822754421108519,-127.83739133659526,-5.870844605913222,13.910156394200486,25.19743437101759,-27.793259463020284,3.21035105,1.620177165,,,,"88.4",1952,"6.5",823918,676439,518692,500743,571970,605141,669242,681624,606192,"53.99",,,,,,,,10,4,"Changeup",0,1,1,0,1,0,1,0,"Standard","Standard",129,"-0.002","0.053",,,,,"-0.053",,-1,1,0.422,0.578,29,37,30,38,1,0,6,1,6,2,"2.63","1.14","-1.14","38.2",,,,,
"CH","2026-08-10","86.5","2.1","6.07","Skubal, Tarik",516782,669373,,"swinging_strike",,,,,14,,"R","R","L","LAD","KC","S",,,1,1,2026,"0.7","0.38",0.17897853121068874,1.4972490834659982,,,,1,2,"Top",,,,,,,-5.980851348133248,-125.87022000547141,-5.280588999325691,8.652282770502248,24.053344862468602,-27.26383293714919,3.21035105,1.620177165,,,,"86.7",1936,"6.3",823918,676439,518692,500743,571970,605141,669242,681624,606192,"54.22",,,,,,,,10,3,"Changeup",0,1,1,0,1,0,1,0,"Standard","Standard",130,"0.003","-0.071","72.2","8.8","10.185190152",,"0.071",,-1,1,0.419,0.581,29,37,30,38,1,0,6,1,6,2,"2.65","0.7","-0.7","42.9",30.243922887367095,-44.591685478810305,36.26891862996537,40.10147136340073,51.37294085117058
"SL","2026-08-10","87.6","1.98","6.18","Skubal, Tarik",516782,669373,,"called_strike",,,,,5,,"R","R","L","LAD","KC","S",,,1,0,2026,"-0.36","0.26",0.08416375886926397,2.496880862923241,,,,1,2,"Top",,,,,,,-3.7736652745254267,-127.60918327197722,-3.181536279849402,-3.3174493569153287,22.824800710049864,-28.946536004639324,3.21035105,1.620177165,,,,"88.3",2232,"6.3",823918,676439,518692,500743,571970,605141,669242,681624,606192,"54.15",,,,,,,,10,2,"Slider",0,1,1,0,1,0,1,0,"Standard","Standard",186,"0.003","-0.05",,,,,"0.05",,-1,1,0.416,0.584,29,37,30,38,1,0,6,1,6,2,"2.68","-0.36","0.36","47.1",,,,,
"SI","2026-08-10","96.6","1.91","6.15","Skubal, Tarik",516782,669373,,"ball",,,,,11,,"R","R","L","LAD","KC","B",,,0,0,2026,"0.98","0.91",-0.2379782638409872,3.3566420963362726,,,,1,2,"Top",,,,,,,-7.9205818326782325,-140.523437470737,-3.7848804870277584,14.787416801363637,31.84007146590166,-19.466603863948254,3.21035105,1.620177165,,,,"96.7",2277,"6.3",823918,676439,518692,500743,571970,605141,669242,681624,606192,"54.16",,,,,,,,10,1,"Sinker",0,1,1,0,1,0,1,0,"Standard","Standard",152,"-0.002","0.041",,,,,"-0.041",,-1,1,0.418,0.582,29,37,30,38,1,0,6,1,6,2,"1.54","0.98","-0.98","43.9",,,,,
"SI","2026-08-10","95.8","1.78","6.2","Skubal, Tarik",695600,669373,"field_out","hit_into_play",,,,,6,"Carter Jensen flies out to right fielder Teoscar Hernández.","R","L","L","LAD","KC","X",9,"fly_ball",0,0,2026,"1.02","1.03",0.5312764504023083,2.616568925058158,,,,0,2,"Top",194.42,70.54,,,,,-5.61873081431009,-139.3892608144259,-6.047912722507734,14.522062311800788,29.243927268183953,-17.5726695488321,3.191043307,1.610433071,357,"95.2",39,"96.4",2296,"6.5",823918,676439,518692,500743,571970,605141,669242,681624,606192,"54",0.06,0.109,"0",1,0,0,3,9,1,"Sinker",0,1,1,0,1,0,1,0,"Standard","Standard",153,"0.021","-0.26","79.1","7.3",,0.211,"0.26","95.2",-1,1,0.397,0.603,29,22,30,23,1,0,6,2,6,1,"1.44","1.02","1.02","49.1",11.196896177993281,-12.44246557976153,24.547797109009114,29.877686073592177,39.352703242057764
"CH","2026-08-10","88.1","1.81","6.07","Skubal, Tarik",521692,669373,"grounded_into_double_play","hit_into_play",,,,,14,"Salvador Perez grounds into a double play, shortstop Mookie Betts to second baseman Miguel Rojas to first baseman Freddie Freeman. Jac Caglianone out at 2nd. Salvador Perez out at 1st.","R","R","L","LAD","KC","X",6,"ground_ball",2,2,2026,"1.16","0.23",0.0546820187696575,0.8839741934991507,,,695506,1,1,"Top",109.76,157.48,,,,,-6.700178027162782,-128.14835722720593,-6.838845555566383,14.153921288103675,22.678651179647066,-28.528557621807295,3.312155512,1.671555118,5,"108.6",-9,"89.1",1972,"6.6",823918,676439,518692,500743,571970,605141,669242,681624,606192,"53.92",0.317,0.285,"0",1,0,0,2,4,5,"Changeup",0,1,1,0,1,0,1,0,"Standard","Standard",129,"0.042","-0.295",,,,0.326,"0.295","108.6",-1,1,0.406,0.594,29,36,30,36,1,0,6,1,6,1,"2.67","1.16","-1.16","41.1",,,,,
"FF","2026-08-10","96.1","1.61","6.44","Skubal, Tarik",521692,669373,,"ball",,,,,11,,"R","R","L","LAD","KC","B",,,1,2,2026,"-0.03","1.26",-0.0029447199124234373,5.3280035478929495,,,695506,1,1,"Top",,,,,,,-4.141817832591677,-140.03932847282022,-0.2255292539332247,0.3688660096272915,27.052837926702434,-15.545115763770363,3.312155512,1.671555118,,,,"96.8",2226,"6.3",823918,676439,518692,500743,571970,605141,669242,681624,606192,"54.23",,,,,,,,4,4,"4-Seam Fastball",0,1,1,0,1,0,1,0,"Standard","Standard",156,"-0.003","0.054",,,,,"-0.054",,-1,1,0.409,0.591,29,36,30,36,1,0,6,1,6,1,"1.17","-0.03","0.03","53.5",,,,,
"SI","2026-08-10","96.7","1.69","6.15","Skubal, Tarik",521692,669373,,"swinging_strike",,,,,6,,"R","R","L","LAD","KC","S",,,1,1,2026,"1.15","0.79",0.43542731259724277,2.551215880378493,,,695506,1,1,"Top",,,,,,,-5.992965311048584,-140.84961425638608,-5.753975011837939,16.7043544745962,27.632640130479988,-20.642068082655953,3.312155512,1.671555118,,,,"97.7",2247,"6.5",823918,676439,518692,500743,571970,605141,669242,681624,606192,"53.99",,,,,,,,4,3,"Sinker",0,1,1,0,1,0,1,0,"Standard","Standard",153,"0.006","-0.069","75.5","6.4","0.669749688",,"0.069",,-1,1,0.403,0.597,29,36,30,36,1,0,6,1,6,1,"1.62","1.15","-1.15","47.2",-8.782810718234,30.001856875591574,38.14235222057209,41.865708487096256,8.651332463468043
"SI","2026-08-10","96.9","1.77","6.23","Skubal, Tarik",521692,669373,,"ball",,,,,12,,"R","R","L","LAD","KC","B",,,0,1,2026,"1.11","0.81",0.9767214374772004,4.424928117886418,,,695506,1,1,"Top",,,,,,,-4.670244259085354,-141.27722820175367,-1.0816651960424102,15.87303923214045,27.643277765330296,-21.21091185203933,3.312155512,1.671555118,,,,"97.8",2220,"6.4",823918,676439,518692,500743,571970,605141,669242,681624,606192,"54.15",,,,,,,,4,2,"Sinker",0,1,1,0,1,0,1,0,"Standard","Standard",149,"-0.003","0.028",,,,,"-0.028",,-1,1,0.406,0.594,29,36,30,36,1,0,6,1,6,1,"1.58","1.11","-1.11","46.4",,,,,
"CH","2026-08-10","86.7","2.13","6","Skubal, Tarik",521692,669373,,"called_strike",,,,,8,,"R","R","L","LAD","KC","S",,,0,0,2026,"0.96","0.12",0.1944754410855818,1.8098152139024712,,,695506,1,1,"Top",,,,,,,-6.5724511995547905,-126.2863064810867,-3.9427282615291688,11.562748668562447,21.14637736175552,-30.42033792341818,3.312155512,1.671555118,,,,"87.5",1889,"6.4",823918,676439,518692,500743,571970,605141,669242,681624,606192,"54.13",,,,,,,,4,1,"Changeup",0,1,1,0,1,0,1,0,"Standard","Standard",132,"0.004","-0.039",,,,,"0.039",,-1,1,0.402,0.598,29,36,30,36,1,0,6,1,6,1,"2.87","0.96","-0.96","41.7",,,,,
"SI","2026-08-10","97.8","1.78","6.16","Skubal, Tarik",695506,669373,"single","hit_into_play",,,,,3,"Jac Caglianone singles on a ground ball to center fielder Andy Pages. Bobby Witt Jr. scores.","R","L","L","LAD","KC","X",8,"ground_ball",2,2,2026,"1.05","0.79",0.37813102028257917,2.888314653594933,,677951,,1,1,"Top",140.05,95.1,,,,,-6.21818493132686,-142.35091454190163,-5.040379006817273,15.618533084670897,30.73564725620138,-20.45050035057257,3.401673228,1.716732283,20,"94.9",-7,"98.5",2160,"6.5",823918,676439,518692,500743,571970,605141,669242,681624,606192,"53.98",0.241,0.217,"0.9",1,1,0,2,3,8,"Sinker",0,0,0,0,1,0,1,0,"Standard","Standard",148,"-0.084","0.604","78.7","6.5",,0.257,"-0.604","94.9",0,0,0.486,0.514,29,23,30,23,1,0,6,1,6,1,"1.58","1.05","1.05","47.8",-5.495548478725703,17.798593258161638,29.131193591767484,36.07547618836822,22.464022555098843
"CH","2026-08-10","88.3","1.94","6.06","Skubal, Tarik",695506,669373,,"foul",,,,,7,,"R","L","L","LAD","KC","S",,,2,2,2026,"1.2","0.45",-0.3152171114414166,1.819770659617204,,677951,,1,1,"Top",,,,,,,-7.9583286375916975,-128.27656938477222,-4.949990362549738,14.883904807466815,25.77296244885171,-26.41442233094875,3.401673228,1.716732283,2,"87.4",-45,"88.4",1911,"6.4",823918,676439,518692,500743,571970,605141,669242,681624,606192,"54.13",,,,,,,,3,7,"Changeup",0,0,0,0,0,0,0,0,"Standard","Standard",128,"0","0","71.3","8.8",,,"0","88.0",0,0,0.486,0.514,29,23,30,23,1,0,6,1,6,1,"2.48","1.2","1.2","40.4",17.457375014654172,-9.149290952350812,25.929957539611497,44.6662758012623,36.890586002019745
"CH","2026-08-10","89","2.15","6.06","Skubal, Tarik",695506,669373,,"foul",,,,,14,,"R","L","L","LAD","KC","S",,,2,2,2026,"1.23","0.38",0.013980370678943643,0.9710306231636046,,677951,,1,1,"Top",,,,,,,-7.751730059280159,-129.44612642867833,-7.030391920935552,15.33384862063288,23.39312120606238,-26.7346981280312,3.401673228,1.716732283,,,,"89.1",1925,"6.1",823918,676439,518692,500743,571970,605141,669242,681624,606192,"54.41",,,,,,,,3,6,"Changeup",0,0,0,0,0,0,0,0,"Standard","Standard",124,"0","0","66.0","9.2",,,"0",,0,0,0.486,0.514,29,23,30,23,1,0,6,1,6,1,"2.47","1.23","1.23","42.1",20.897835496972323,-11.789846791937583,33.16624388382533,40.55669016388735,37.92666915499601
"CH","2026-08-10","90.9","1.84","6.04","Skubal, Tarik",695506,669373,,"blocked_ball",,,,,13,,"R","L","L","LAD","KC","B",,,1,2,2026,"1.17","0.2",-0.7021928607893617,0.5618541936737191,,677951,,1,1,"Top",,,,,,,-8.88140308100609,-132.05081911476478,-8.038132702808126,15.466761519919512,25.795028615251116,-28.404738555114236,3.401673228,1.716732283,,,,"91.8",1890,"6.7",823918,676439,518692,500743,571970,605141,669242,681624,606192,"53.77",,,,,,,,3,5,"Changeup",0,0,0,0,0,0,0,0,"Standard","Standard",135,"-0.005","0.028",,,,,"-0.028",,0,0,0.491,0.509,29,23,30,23,1,0,6,1,6,1,"2.55","1.17","1.17","40.5",,,,,
"SI","2026-08-10","98.3","1.72","6.16","Skubal, Tarik",695506,669373,,"foul",,,,,3,,"R","L","L","LAD","KC","S",,,1,2,2026,"1.26","0.95",0.5099202253279,3.3467989844024686,,677951,,1,1,"Top",,,,,,,-6.208698055824248,-143.01825220486634,-4.213280970017642,18.773896664523008,30.87545118740254,-18.40834698074854,3.401673228,1.716732283,175,"65.5",51,"98.4",2307,"6.2",823918,676439,518692,500743,571970,605141,669242,681624,606192,"54.26",,,,,,,,3,4,"Sinker",0,0,0,0,0,0,0,0,"Standard","Standard",151,"0","0","78.9","6.4",,,"0","88.0",0,0,0.491,0.509,29,23,30,23,1,0,6,1,6,1,"1.4","1.26","1.26","48.7",-6.647631532899251,19.568799267950695,25.3776187008259,35.45621532840188,24.22924306739808
"SI","2026-08-10","97.3","1.67","6.18","Skubal, Tarik",695506,669373,,"called_strike",,,,,5,,"R","L","L","LAD","KC","S",,,1,1,2026,"1.06","0.94",-0.1546014080732956,2.3968582609479023,,,677951,1,1,"Top",,,,,,,-7.277033356741035,-141.5138606368814,-6.61454176205629,15.802162685345829,29.387735355205244,-18.29276718438719,3.401673228,1.716732283,,,,"97.6",2288,"6.3",823918,676439,518692,500743,571970,605141,669242,681624,606192,"54.19",,,,,,,,3,3,"Sinker",0,0,0,0,0,0,0,0,"Infield shade","Standard",143,"-0.008","-0.069",,,,,"0.069",,0,0,0.499,0.501,29,23,30,23,1,0,6,1,6,1,"1.46","1.06","1.06","46.5",,,,,
"SI","2026-08-10","96.3","1.85","6.23","Skubal, Tarik",695506,669373,,"foul",,,,,12,,"R","L","L","LAD","KC","S",,,1,0,2026,"1.04","0.95",1.2680579412094606,2.6770901881727185,,,677951,1,1,"Top",,,,,,,-3.9469533334665723,-140.09770063974292,-5.838629552772945,14.63854452726208,31.66470274156853,-18.505045330655175,3.401673228,1.716732283,3,"55.9",-46,"96.6",2214,"6.5",823918,676439,518692,500743,571970,605141,669242,681624,606192,"54.04",,,,,,,,3,2,"Sinker",0,0,0,0,0,0,0,0,"Standard","Standard",152,"0.005","-0.047","78.7","6.8",,,"0.047","88.0",0,0,0.494,0.506,29,23,30,23,1,0,6,1,6,1,"1.51","1.04","1.04","49.8",-8.388566359015506,5.099134310205756,35.9992251906339,26.11099932127287,24.902898164656698
"CU","2026-08-10","80.5","1.78","6.32","Skubal, Tarik",695506,669373,,"ball",,,,,12,,"R","L","L","LAD","KC","B",,,0,0,2026,"-0.63","-0.42",0.47572584388202666,3.836091621116639,,,677951,1,1,"Top",,,,,,,-1.6403281551524247,-117.31678597512783,2.0663002434038598,-5.595483333556922,19.666160081655825,-36.61316766742468,3.401673228,1.716732283,,,,"81.2",2530,"6.4",823918,676439,518692,500743,571970,605141,669242,681624,606192,"54.06",,,,,,,,3,1,"Curveball",0,0,0,0,0,0,0,0,"Standard","Standard",316,"-0.004","0.036",,,,,"-0.036",,0,0,0.498,0.502,29,23,30,23,1,0,6,1,6,1,"3.89","-0.63","-0.63","52.3",,,,,
"CH","2026-08-10","87.8","2.09","6.1","Skubal, Tarik",677951,669373,"force_out","hit_into_play",,,,,14,"Bobby Witt Jr. grounds into a force out, third baseman Max Muncy to second baseman Miguel Rojas. Nick Loftin out at 2nd. Bobby Witt Jr. to 1st.","R","R","L","LAD","KC","X",5,"ground_ball",0,0,2026,"1.1","0.33",0.43677242311740216,1.426051635985044,,,679845,0,1,"Top",100.68,170.2,,,,,-6.281659682814743,-127.66573937060869,-5.668026628184922,13.344820743469613,24.24918963978028,-27.66390882886936,3.238435039,1.634350394,4,"100.2",-22,"88.1",1986,"6.3",823918,676439,518692,500743,571970,605141,669242,681624,606192,"54.15",0.172,0.162,"0",1,0,0,2,2,1,"Changeup",0,0,0,0,0,0,0,0,"Standard","Standard",131,"0.034","-0.346","76.5","7.6",,0.18,"0.346","100.2",0,0,0.464,0.536,29,26,30,26,1,0,6,1,6,1,"2.62","1.1","-1.1","41.2",6.9265390306928705,-13.253419800255356,32.560683786891026,38.520868357724204,34.932273124634364
"FF","2026-08-10","98.5","1.48","6.38","Skubal, Tarik",679845,669373,"single","hit_into_play",,,,,1,"Nick Loftin singles on a line drive to right fielder Teoscar Hernández.","R","R","L","LAD","KC","X",9,"line_drive",1,2,2026,"0.06","1.45",-0.3528386821487627,2.8911369113230028,,,,0,1,"Top",168.52,109.03,,,,,-5.068880943989949,-143.25254830066308,-7.241700236769266,1.9668162820964055,32.1534861207773,-10.705521252963322,3.18226706,1.606003937,188,"68.2",20,"98.9",2447,"6.5",823918,676439,518692,500743,571970,605141,669242,681624,606192,"54.05",0.794,0.725,"0.9",1,1,0,4,1,4,"4-Seam Fastball",0,0,0,0,0,0,0,0,"Standard","Standard",156,"-0.043","0.519","68.3","6.0",,0.836,"-0.519","88.0",0,0,0.507,0.493,29,27,30,28,1,0,6,1,6,1,"0.9","0.06","-0.06","52.5",-5.161209231912951,11.35326110419354,32.37702680667666,32.90767161961247,23.099952313389476
"CH","2026-08-10","89.3","2","6.09","Skubal, Tarik",679845,669373,,"ball",,,,,14,,"R","R","L","LAD","KC","B",,,0,2,2026,"1.06","0.62",0.9634409259985743,2.0321877805583917,,,,0,1,"Top",,,,,,,-4.8030373852376815,-129.97981683679328,-5.0799157172717875,13.05795139853164,26.916939426633114,-24.31360592769824,3.18226706,1.606003937,,,,"89.4",1997,"6.3",823918,676439,518692,500743,571970,605141,669242,681624,606192,"54.18",,,,,,,,1,3,"Changeup",0,0,0,0,0,0,0,0,"Standard","Standard",133,"-0.002","0.022",,,,,"-0.022",,0,0,0.509,0.491,29,27,30,28,1,0,6,1,6,1,"2.24","1.06","-1.06","42.1",,,,,
"CH","2026-08-10","86.4","1.71","6.14","Skubal, Tarik",679845,669373,,"swinging_strike",,,,,13,,"R","R","L","LAD","KC","S",,,0,1,2026,"0.93","0.64",-0.1590087572422193,1.4652408579943348,,,,0,1,"Top",,,,,,,-6.344818971191505,-125.57403998251033,-6.010096742568842,11.077447144954519,25.12455611849201,-24.366651295036476,3.18226706,1.606003937,,,,"86.7",1924,"6.5",823918,676439,518692,500743,571970,605141,669242,681624,606192,"53.95",,,,,,,,1,2,"Changeup",0,0,0,0,0,0,0,0,"Standard","Standard",130,"0.006","-0.053","71.1","8.3","5.562441888",,"0.053",,0,0,0.503,0.497,29,27,30,28,1,0,6,1,6,1,"2.42","0.93","-0.93","44.2",29.11449905794412,-38.68429063429547,34.540615872205194,35.62593896099489,52.30553807187525
"SI","2026-08-10","97.3","1.53","6.28","Skubal, Tarik",679845,669373,,"called_strike",,,,,13,,"R","R","L","LAD","KC","S",,,0,0,2026,"0.82","1.32",-0.8912866773115713,1.9563929812552838,,,,0,1,"Top",,,,,,,-8.260596925322721,-141.32100386019823,-8.878274065348245,12.764995380457208,30.67526048715346,-12.568044790374879,3.18226706,1.606003937,,,,"97.1",2293,"6.1",823918,676439,518692,500743,571970,605141,669242,681624,606192,"54.35",,,,,,,,1,1,"Sinker",0,0,0,0,0,0,0,0,"Standard","Standard",153,"0.003","-0.042",,,,,"0.042",,0,0,0.5,0.5,29,27,30,28,1,0,6,1,6,1,"1.08","0.82","-0.82","50.6",,,,,